t_seconds,phase,depth,rss_mb,batch_id
0.0004,data_load,1,103.270,
0.0428,data_load,1,107.863,
0.0432,batch_build,1,107.863,
0.0669,batch_build,1,108.379,
0.0725,preflight,1,108.379,
0.2811,preflight.pyqubo_express,2,118.422,
0.3223,preflight.pyqubo_express,2,118.680,
0.3225,preflight.pyqubo_compile,2,118.680,
0.3459,preflight.pyqubo_compile,2,148.809,
0.3489,preflight.to_qubo,2,148.809,
0.3851,preflight.to_qubo,2,153.855,
0.4072,preflight,1,152.883,
0.4646,solve,1,153.590,
0.5259,solve,1,153.590,
0.6944,solve.pyqubo_express,2,154.621,
0.7395,solve.pyqubo_express,2,154.879,
0.7397,solve.pyqubo_compile,2,154.879,
0.7644,solve.pyqubo_compile,2,185.000,
0.7678,solve.to_qubo,2,185.000,
0.7888,solve.to_qubo,2,188.094,
0.7895,solve,1,188.094,
0.7905,solve,1,188.094,
0.7912,solve.va_model_build,2,188.094,
1.1735,solve.va_model_build,2,188.867,
1.1788,solve.va_model_build,2,218.516,
1.1790,solve.va_sample,2,218.516,
1.6738,solve.va_sample,2,218.773,
2.1741,solve.va_sample,2,218.773,
2.6743,solve.va_sample,2,218.773,
3.1746,solve.va_sample,2,218.773,
3.6748,solve.va_sample,2,218.773,
4.1751,solve.va_sample,2,218.773,
4.6753,solve.va_sample,2,218.773,
5.1755,solve.va_sample,2,218.773,
5.6758,solve.va_sample,2,218.773,
6.1760,solve.va_sample,2,218.773,
6.6763,solve.va_sample,2,218.773,
7.1765,solve.va_sample,2,218.773,
7.6768,solve.va_sample,2,218.773,
8.1770,solve.va_sample,2,218.773,
8.6772,solve.va_sample,2,218.773,
9.1775,solve.va_sample,2,218.773,
9.6778,solve.va_sample,2,218.773,
10.1780,solve.va_sample,2,218.773,
10.6782,solve.va_sample,2,218.773,
11.1785,solve.va_sample,2,218.773,
11.6788,solve.va_sample,2,218.773,
12.1790,solve.va_sample,2,218.773,
12.6792,solve.va_sample,2,218.773,
13.1795,solve.va_sample,2,218.773,
13.6797,solve.va_sample,2,218.773,
14.1799,solve.va_sample,2,218.773,
14.6802,solve.va_sample,2,218.773,
15.1804,solve.va_sample,2,218.773,
15.6806,solve.va_sample,2,218.773,
16.1808,solve.va_sample,2,218.773,
16.6811,solve.va_sample,2,218.773,
17.1813,solve.va_sample,2,218.773,
17.6815,solve.va_sample,2,218.773,
18.1817,solve.va_sample,2,218.773,
18.6820,solve.va_sample,2,218.773,
19.1822,solve.va_sample,2,218.773,
19.6824,solve.va_sample,2,218.773,
20.1826,solve.va_sample,2,218.773,
20.6829,solve.va_sample,2,218.773,
21.1831,solve.va_sample,2,218.773,
21.6833,solve.va_sample,2,218.773,
22.1836,solve.va_sample,2,218.773,
22.6838,solve.va_sample,2,218.773,
23.1840,solve.va_sample,2,218.773,
23.6842,solve.va_sample,2,218.773,
24.1844,solve.va_sample,2,218.773,
24.6847,solve.va_sample,2,218.773,
25.1849,solve.va_sample,2,218.773,
25.6852,solve.va_sample,2,218.773,
26.1855,solve.va_sample,2,218.773,
26.6857,solve.va_sample,2,218.773,
27.1860,solve.va_sample,2,218.773,
27.6862,solve.va_sample,2,218.773,
28.1864,solve.va_sample,2,218.773,
28.6867,solve.va_sample,2,218.773,
29.1869,solve.va_sample,2,218.773,
29.6871,solve.va_sample,2,218.773,
30.1874,solve.va_sample,2,218.773,
30.6876,solve.va_sample,2,218.773,
31.1878,solve.va_sample,2,218.773,
31.6880,solve.va_sample,2,218.773,
32.1883,solve.va_sample,2,218.773,
32.6886,solve.va_sample,2,218.773,
33.1888,solve.va_sample,2,218.773,
33.6890,solve.va_sample,2,218.773,
34.1892,solve.va_sample,2,218.773,
34.6895,solve.va_sample,2,218.773,
35.1897,solve.va_sample,2,218.773,
35.6900,solve.va_sample,2,218.773,
36.1902,solve.va_sample,2,218.773,
36.6904,solve.va_sample,2,218.773,
37.1906,solve.va_sample,2,218.773,
37.6908,solve.va_sample,2,218.773,
38.1911,solve.va_sample,2,218.773,
38.6913,solve.va_sample,2,218.773,
39.1915,solve.va_sample,2,218.773,
39.6917,solve.va_sample,2,218.773,
40.1920,solve.va_sample,2,218.773,
40.6922,solve.va_sample,2,218.773,
41.1924,solve.va_sample,2,218.773,
41.6926,solve.va_sample,2,218.773,
42.1928,solve.va_sample,2,218.773,
42.6930,solve.va_sample,2,218.773,
43.1933,solve.va_sample,2,218.773,
43.6935,solve.va_sample,2,218.773,
44.1938,solve.va_sample,2,218.773,
44.6940,solve.va_sample,2,218.773,
45.1943,solve.va_sample,2,218.773,
45.6945,solve.va_sample,2,218.773,
46.1947,solve.va_sample,2,218.773,
46.6950,solve.va_sample,2,218.773,
47.1952,solve.va_sample,2,218.773,
47.6954,solve.va_sample,2,218.773,
48.1956,solve.va_sample,2,218.773,
48.6958,solve.va_sample,2,218.773,
49.1961,solve.va_sample,2,218.773,
49.6964,solve.va_sample,2,218.773,
50.1966,solve.va_sample,2,218.773,
50.6968,solve.va_sample,2,218.773,
51.1971,solve.va_sample,2,218.773,
51.6973,solve.va_sample,2,218.773,
52.1976,solve.va_sample,2,218.773,
52.6978,solve.va_sample,2,218.773,
53.1981,solve.va_sample,2,218.773,
53.6983,solve.va_sample,2,218.773,
54.1986,solve.va_sample,2,218.773,
54.6988,solve.va_sample,2,218.773,
55.1990,solve.va_sample,2,218.773,
55.6993,solve.va_sample,2,218.773,
56.1995,solve.va_sample,2,218.773,
56.6998,solve.va_sample,2,218.773,
57.2000,solve.va_sample,2,218.773,
57.7003,solve.va_sample,2,218.773,
58.2005,solve.va_sample,2,218.773,
58.7008,solve.va_sample,2,218.773,
59.2010,solve.va_sample,2,218.773,
59.7013,solve.va_sample,2,218.773,
60.2015,solve.va_sample,2,218.773,
60.7017,solve.va_sample,2,218.773,
61.2019,solve.va_sample,2,218.773,
61.7022,solve.va_sample,2,218.773,
62.2024,solve.va_sample,2,218.773,
62.7026,solve.va_sample,2,218.773,
63.2028,solve.va_sample,2,218.773,
63.7031,solve.va_sample,2,218.773,
64.2033,solve.va_sample,2,218.773,
64.7036,solve.va_sample,2,218.773,
65.2038,solve.va_sample,2,218.773,
65.7041,solve.va_sample,2,218.773,
66.2043,solve.va_sample,2,218.773,
66.7045,solve.va_sample,2,218.773,
67.2047,solve.va_sample,2,218.773,
67.7050,solve.va_sample,2,218.773,
68.2052,solve.va_sample,2,218.773,
68.7055,solve.va_sample,2,218.773,
69.2058,solve.va_sample,2,218.773,
69.7060,solve.va_sample,2,218.773,
70.2063,solve.va_sample,2,218.773,
70.7065,solve.va_sample,2,218.773,
71.2067,solve.va_sample,2,218.773,
71.7070,solve.va_sample,2,218.773,
72.2072,solve.va_sample,2,218.773,
72.7074,solve.va_sample,2,218.773,
73.2077,solve.va_sample,2,218.773,
73.7079,solve.va_sample,2,218.773,
74.2082,solve.va_sample,2,218.773,
74.7084,solve.va_sample,2,218.773,
75.2087,solve.va_sample,2,218.773,
75.7090,solve.va_sample,2,218.773,
76.2092,solve.va_sample,2,218.773,
76.7094,solve.va_sample,2,218.773,
77.2097,solve.va_sample,2,218.773,
77.7099,solve.va_sample,2,218.773,
78.2102,solve.va_sample,2,218.773,
78.7104,solve.va_sample,2,218.773,
79.2107,solve.va_sample,2,218.773,
79.7109,solve.va_sample,2,218.773,
80.2112,solve.va_sample,2,218.773,
80.7114,solve.va_sample,2,218.773,
81.2117,solve.va_sample,2,218.773,
81.7119,solve.va_sample,2,218.773,
82.2122,solve.va_sample,2,218.773,
82.7124,solve.va_sample,2,218.773,
83.2126,solve.va_sample,2,218.773,
83.7128,solve.va_sample,2,218.773,
84.2131,solve.va_sample,2,218.773,
84.7134,solve.va_sample,2,218.773,
85.2136,solve.va_sample,2,218.773,
85.7138,solve.va_sample,2,218.773,
86.2141,solve.va_sample,2,218.773,
86.7143,solve.va_sample,2,218.773,
87.2146,solve.va_sample,2,218.773,
87.7148,solve.va_sample,2,218.773,
88.2151,solve.va_sample,2,218.773,
88.7153,solve.va_sample,2,218.773,
89.2156,solve.va_sample,2,218.773,
89.7158,solve.va_sample,2,218.773,
90.2160,solve.va_sample,2,218.773,
90.7163,solve.va_sample,2,218.773,
91.2165,solve.va_sample,2,218.773,
91.7168,solve.va_sample,2,218.773,
92.2170,solve.va_sample,2,218.773,
92.7173,solve.va_sample,2,218.773,
93.2175,solve.va_sample,2,218.773,
93.7177,solve.va_sample,2,218.773,
94.2180,solve.va_sample,2,218.773,
94.7183,solve.va_sample,2,218.773,
95.2185,solve.va_sample,2,218.773,
95.7187,solve.va_sample,2,218.773,
96.2190,solve.va_sample,2,218.773,
96.7193,solve.va_sample,2,218.773,
97.2195,solve.va_sample,2,218.773,
97.7197,solve.va_sample,2,218.773,
98.2200,solve.va_sample,2,218.773,
98.7202,solve.va_sample,2,218.773,
99.2205,solve.va_sample,2,218.773,
99.7207,solve.va_sample,2,218.773,
100.2210,solve.va_sample,2,218.773,
100.7212,solve.va_sample,2,218.773,
101.2215,solve.va_sample,2,218.773,
101.7217,solve.va_sample,2,218.773,
102.2220,solve.va_sample,2,218.773,
102.7222,solve.va_sample,2,218.773,
103.2225,solve.va_sample,2,218.773,
103.7227,solve.va_sample,2,218.773,
104.2230,solve.va_sample,2,218.773,
104.7232,solve.va_sample,2,218.773,
105.2234,solve.va_sample,2,218.773,
105.7237,solve.va_sample,2,218.773,
106.2239,solve.va_sample,2,218.773,
106.7242,solve.va_sample,2,218.773,
107.2244,solve.va_sample,2,218.773,
107.7247,solve.va_sample,2,218.773,
108.2249,solve.va_sample,2,218.773,
108.7252,solve.va_sample,2,218.773,
109.2254,solve.va_sample,2,218.773,
109.7256,solve.va_sample,2,218.773,
110.2258,solve.va_sample,2,218.773,
110.7261,solve.va_sample,2,218.773,
111.2264,solve.va_sample,2,218.773,
111.7266,solve.va_sample,2,218.773,
112.2269,solve.va_sample,2,218.773,
112.7271,solve.va_sample,2,218.773,
113.2273,solve.va_sample,2,218.773,
113.7276,solve.va_sample,2,218.773,
114.2278,solve.va_sample,2,218.773,
114.7281,solve.va_sample,2,218.773,
115.2283,solve.va_sample,2,218.773,
115.7285,solve.va_sample,2,218.773,
116.2288,solve.va_sample,2,218.773,
116.7290,solve.va_sample,2,218.773,
117.2293,solve.va_sample,2,218.773,
117.7295,solve.va_sample,2,218.773,
118.2297,solve.va_sample,2,218.773,
118.7300,solve.va_sample,2,218.773,
119.2302,solve.va_sample,2,218.773,
119.7305,solve.va_sample,2,218.773,
120.2308,solve.va_sample,2,218.773,
120.7310,solve.va_sample,2,218.773,
121.2313,solve.va_sample,2,218.773,
121.7315,solve.va_sample,2,218.773,
122.2317,solve.va_sample,2,218.773,
122.7320,solve.va_sample,2,218.773,
123.2322,solve.va_sample,2,218.773,
123.7325,solve.va_sample,2,218.773,
124.2327,solve.va_sample,2,218.773,
124.7330,solve.va_sample,2,218.773,
125.2332,solve.va_sample,2,218.773,
125.7334,solve.va_sample,2,218.773,
126.2337,solve.va_sample,2,218.773,
126.7339,solve.va_sample,2,218.773,
127.2341,solve.va_sample,2,218.773,
127.7344,solve.va_sample,2,218.773,
128.2346,solve.va_sample,2,218.773,
128.7348,solve.va_sample,2,218.773,
129.2351,solve.va_sample,2,218.773,
129.7353,solve.va_sample,2,218.773,
130.2356,solve.va_sample,2,218.773,
130.7358,solve.va_sample,2,218.773,
131.2360,solve.va_sample,2,218.773,
131.7363,solve.va_sample,2,218.773,
132.2365,solve.va_sample,2,218.773,
132.7367,solve.va_sample,2,218.773,
133.2370,solve.va_sample,2,218.773,
133.7372,solve.va_sample,2,218.773,
134.2374,solve.va_sample,2,218.773,
134.7376,solve.va_sample,2,218.773,
135.2379,solve.va_sample,2,218.773,
135.7381,solve.va_sample,2,218.773,
136.2384,solve.va_sample,2,218.773,
136.7386,solve.va_sample,2,218.773,
137.2389,solve.va_sample,2,218.773,
137.7391,solve.va_sample,2,218.773,
138.2393,solve.va_sample,2,218.773,
138.7396,solve.va_sample,2,218.773,
139.2399,solve.va_sample,2,218.773,
139.7401,solve.va_sample,2,218.773,
140.2403,solve.va_sample,2,218.773,
140.7406,solve.va_sample,2,218.773,
141.2408,solve.va_sample,2,218.773,
141.7411,solve.va_sample,2,218.773,
142.2413,solve.va_sample,2,218.773,
142.7415,solve.va_sample,2,218.773,
143.2418,solve.va_sample,2,218.773,
143.7420,solve.va_sample,2,218.773,
144.2423,solve.va_sample,2,218.773,
144.7425,solve.va_sample,2,218.773,
145.2428,solve.va_sample,2,218.773,
145.7430,solve.va_sample,2,218.773,
146.2433,solve.va_sample,2,218.773,
146.7435,solve.va_sample,2,218.773,
147.2438,solve.va_sample,2,218.773,
147.7440,solve.va_sample,2,218.773,
148.2442,solve.va_sample,2,218.773,
148.7445,solve.va_sample,2,218.773,
149.2447,solve.va_sample,2,218.773,
149.7450,solve.va_sample,2,218.773,
150.2452,solve.va_sample,2,218.773,
150.7454,solve.va_sample,2,218.773,
151.2456,solve.va_sample,2,218.773,
151.7459,solve.va_sample,2,218.773,
152.2462,solve.va_sample,2,218.773,
152.7464,solve.va_sample,2,218.773,
153.2467,solve.va_sample,2,218.773,
153.7470,solve.va_sample,2,218.773,
154.2472,solve.va_sample,2,218.773,
154.7475,solve.va_sample,2,218.773,
155.2477,solve.va_sample,2,218.773,
155.7480,solve.va_sample,2,218.773,
156.2482,solve.va_sample,2,218.773,
156.7485,solve.va_sample,2,218.773,
157.2488,solve.va_sample,2,218.773,
157.7490,solve.va_sample,2,218.773,
158.2493,solve.va_sample,2,218.773,
158.7495,solve.va_sample,2,218.773,
159.2497,solve.va_sample,2,218.773,
159.7500,solve.va_sample,2,218.773,
160.2502,solve.va_sample,2,218.773,
160.7505,solve.va_sample,2,218.773,
161.2507,solve.va_sample,2,218.773,
161.7510,solve.va_sample,2,218.773,
162.2512,solve.va_sample,2,218.773,
162.7515,solve.va_sample,2,218.773,
163.2517,solve.va_sample,2,218.773,
163.7520,solve.va_sample,2,218.773,
164.2522,solve.va_sample,2,218.773,
164.7525,solve.va_sample,2,218.773,
165.2527,solve.va_sample,2,218.773,
165.7530,solve.va_sample,2,218.773,
166.2533,solve.va_sample,2,218.773,
166.7535,solve.va_sample,2,218.773,
167.2537,solve.va_sample,2,218.773,
167.7540,solve.va_sample,2,218.773,
168.2542,solve.va_sample,2,218.773,
168.7545,solve.va_sample,2,218.773,
169.2547,solve.va_sample,2,218.773,
169.7549,solve.va_sample,2,218.773,
170.2552,solve.va_sample,2,218.773,
170.7554,solve.va_sample,2,218.773,
171.2557,solve.va_sample,2,218.773,
171.7559,solve.va_sample,2,218.773,
172.2562,solve.va_sample,2,218.773,
172.7564,solve.va_sample,2,218.773,
173.2567,solve.va_sample,2,218.773,
173.7569,solve.va_sample,2,218.773,
174.2572,solve.va_sample,2,218.773,
174.7574,solve.va_sample,2,218.773,
175.2577,solve.va_sample,2,218.773,
175.7579,solve.va_sample,2,218.773,
176.2582,solve.va_sample,2,218.773,
176.7585,solve.va_sample,2,218.773,
177.2587,solve.va_sample,2,218.773,
177.7590,solve.va_sample,2,218.773,
178.2593,solve.va_sample,2,218.773,
178.7595,solve.va_sample,2,218.773,
179.2597,solve.va_sample,2,218.773,
179.7600,solve.va_sample,2,218.773,
180.2603,solve.va_sample,2,218.773,
180.7605,solve.va_sample,2,218.773,
181.2608,solve.va_sample,2,218.773,
181.7610,solve.va_sample,2,218.773,
182.2613,solve.va_sample,2,218.773,
182.7615,solve.va_sample,2,218.773,
183.2618,solve.va_sample,2,218.773,
183.7620,solve.va_sample,2,218.773,
184.2623,solve.va_sample,2,218.773,
184.7625,solve.va_sample,2,218.773,
185.2628,solve.va_sample,2,218.773,
185.7630,solve.va_sample,2,218.773,
186.2633,solve.va_sample,2,218.773,
186.7635,solve.va_sample,2,218.773,
187.2638,solve.va_sample,2,218.773,
187.7640,solve.va_sample,2,218.773,
188.2643,solve.va_sample,2,218.773,
188.7646,solve.va_sample,2,218.773,
189.2648,solve.va_sample,2,218.773,
189.7651,solve.va_sample,2,218.773,
190.2653,solve.va_sample,2,218.773,
190.7656,solve.va_sample,2,218.773,
191.2658,solve.va_sample,2,218.773,
191.7660,solve.va_sample,2,218.773,
192.2663,solve.va_sample,2,218.773,
192.7665,solve.va_sample,2,218.773,
193.2668,solve.va_sample,2,218.773,
193.7670,solve.va_sample,2,218.773,
194.2673,solve.va_sample,2,218.773,
194.7675,solve.va_sample,2,218.773,
195.2678,solve.va_sample,2,218.773,
195.7680,solve.va_sample,2,218.773,
196.2682,solve.va_sample,2,218.773,
196.7685,solve.va_sample,2,218.773,
197.2687,solve.va_sample,2,218.773,
197.7689,solve.va_sample,2,218.773,
198.2692,solve.va_sample,2,218.773,
198.7694,solve.va_sample,2,218.773,
199.2696,solve.va_sample,2,218.773,
199.7699,solve.va_sample,2,218.773,
200.2701,solve.va_sample,2,218.773,
200.7704,solve.va_sample,2,218.773,
201.2706,solve.va_sample,2,218.773,
201.7708,solve.va_sample,2,218.773,
202.2711,solve.va_sample,2,218.773,
202.7713,solve.va_sample,2,218.773,
203.2715,solve.va_sample,2,218.773,
203.7718,solve.va_sample,2,218.773,
204.2721,solve.va_sample,2,218.773,
204.7723,solve.va_sample,2,218.773,
205.2726,solve.va_sample,2,218.773,
205.7728,solve.va_sample,2,218.773,
206.2730,solve.va_sample,2,218.773,
206.7733,solve.va_sample,2,218.773,
207.2735,solve.va_sample,2,218.773,
207.7738,solve.va_sample,2,218.773,
208.2740,solve.va_sample,2,218.773,
208.7743,solve.va_sample,2,218.773,
209.2745,solve.va_sample,2,218.773,
209.7747,solve.va_sample,2,218.773,
210.2750,solve.va_sample,2,218.773,
210.7752,solve.va_sample,2,218.773,
211.2755,solve.va_sample,2,218.773,
211.7757,solve.va_sample,2,218.773,
212.2759,solve.va_sample,2,218.773,
212.7762,solve.va_sample,2,218.773,
213.2764,solve.va_sample,2,218.773,
213.7767,solve.va_sample,2,218.773,
214.2769,solve.va_sample,2,218.773,
214.7772,solve.va_sample,2,218.773,
215.2774,solve.va_sample,2,218.773,
215.7777,solve.va_sample,2,218.773,
216.2779,solve.va_sample,2,218.773,
216.7781,solve.va_sample,2,218.773,
217.2784,solve.va_sample,2,218.773,
217.7786,solve.va_sample,2,218.773,
218.2789,solve.va_sample,2,218.773,
218.7791,solve.va_sample,2,218.773,
219.2793,solve.va_sample,2,218.773,
219.7796,solve.va_sample,2,218.773,
220.2798,solve.va_sample,2,218.773,
220.7800,solve.va_sample,2,218.773,
221.2803,solve.va_sample,2,218.773,
221.7805,solve.va_sample,2,218.773,
222.2808,solve.va_sample,2,218.773,
222.7810,solve.va_sample,2,218.773,
223.2813,solve.va_sample,2,218.773,
223.7815,solve.va_sample,2,218.773,
224.2817,solve.va_sample,2,218.773,
224.7820,solve.va_sample,2,218.773,
225.2822,solve.va_sample,2,218.773,
225.7825,solve.va_sample,2,218.773,
226.2827,solve.va_sample,2,218.773,
226.7830,solve.va_sample,2,218.773,
227.2832,solve.va_sample,2,218.773,
227.7835,solve.va_sample,2,218.773,
228.2837,solve.va_sample,2,218.773,
228.7840,solve.va_sample,2,218.773,
229.2842,solve.va_sample,2,218.773,
229.7844,solve.va_sample,2,218.773,
230.2847,solve.va_sample,2,218.773,
230.7849,solve.va_sample,2,218.773,
231.2852,solve.va_sample,2,218.773,
231.7854,solve.va_sample,2,218.773,
232.2856,solve.va_sample,2,218.773,
232.7859,solve.va_sample,2,218.773,
233.2861,solve.va_sample,2,218.773,
233.7864,solve.va_sample,2,218.773,
234.2866,solve.va_sample,2,218.773,
234.7868,solve.va_sample,2,218.773,
235.2870,solve.va_sample,2,218.773,
235.7873,solve.va_sample,2,218.773,
236.2875,solve.va_sample,2,218.773,
236.7877,solve.va_sample,2,218.773,
237.2880,solve.va_sample,2,218.773,
237.7882,solve.va_sample,2,218.773,
238.2885,solve.va_sample,2,218.773,
238.7887,solve.va_sample,2,218.773,
239.2889,solve.va_sample,2,218.773,
239.7892,solve.va_sample,2,218.773,
240.2894,solve.va_sample,2,218.773,
240.7897,solve.va_sample,2,218.773,
241.2899,solve.va_sample,2,218.773,
241.7901,solve.va_sample,2,218.773,
242.2903,solve.va_sample,2,218.773,
242.7905,solve.va_sample,2,218.773,
243.2908,solve.va_sample,2,218.773,
243.7910,solve.va_sample,2,218.773,
244.2913,solve.va_sample,2,218.773,
244.7915,solve.va_sample,2,218.773,
245.2917,solve.va_sample,2,218.773,
245.7920,solve.va_sample,2,218.773,
246.2922,solve.va_sample,2,218.773,
246.7925,solve.va_sample,2,218.773,
247.2927,solve.va_sample,2,218.773,
247.7929,solve.va_sample,2,218.773,
248.2932,solve.va_sample,2,218.773,
248.7935,solve.va_sample,2,218.773,
249.2938,solve.va_sample,2,218.773,
249.7940,solve.va_sample,2,218.773,
250.2943,solve.va_sample,2,218.773,
250.7945,solve.va_sample,2,218.773,
251.2948,solve.va_sample,2,218.773,
251.7950,solve.va_sample,2,218.773,
252.2953,solve.va_sample,2,218.773,
252.7955,solve.va_sample,2,218.773,
253.2957,solve.va_sample,2,218.773,
253.7959,solve.va_sample,2,218.773,
254.2962,solve.va_sample,2,218.773,
254.7964,solve.va_sample,2,218.773,
255.2966,solve.va_sample,2,218.773,
255.7969,solve.va_sample,2,218.773,
256.2971,solve.va_sample,2,218.773,
256.7974,solve.va_sample,2,218.773,
257.2976,solve.va_sample,2,218.773,
257.7978,solve.va_sample,2,218.773,
258.2981,solve.va_sample,2,218.773,
258.7983,solve.va_sample,2,218.773,
259.2985,solve.va_sample,2,218.773,
259.7987,solve.va_sample,2,218.773,
260.2990,solve.va_sample,2,219.027,
260.7992,solve.va_sample,2,219.027,
261.2994,solve.va_sample,2,219.027,
261.7996,solve.va_sample,2,219.027,
262.2999,solve.va_sample,2,219.027,
262.8001,solve.va_sample,2,219.027,
263.3003,solve.va_sample,2,219.027,
263.8006,solve.va_sample,2,219.027,
264.3008,solve.va_sample,2,219.027,
264.8011,solve.va_sample,2,219.027,
265.3013,solve.va_sample,2,219.027,
265.8015,solve.va_sample,2,219.027,
266.3018,solve.va_sample,2,219.027,
266.8020,solve.va_sample,2,219.027,
267.3022,solve.va_sample,2,219.027,
267.8025,solve.va_sample,2,219.027,
268.3027,solve.va_sample,2,219.027,
268.8030,solve.va_sample,2,219.027,
269.3032,solve.va_sample,2,219.027,
269.8034,solve.va_sample,2,219.027,
270.3037,solve.va_sample,2,219.027,
270.8039,solve.va_sample,2,219.027,
271.3042,solve.va_sample,2,219.027,
271.8045,solve.va_sample,2,219.027,
272.3047,solve.va_sample,2,219.027,
272.8049,solve.va_sample,2,219.027,
273.3052,solve.va_sample,2,219.027,
273.8054,solve.va_sample,2,219.027,
274.3056,solve.va_sample,2,219.027,
274.8059,solve.va_sample,2,219.027,
275.3061,solve.va_sample,2,219.027,
275.8063,solve.va_sample,2,219.027,
276.3066,solve.va_sample,2,219.027,
276.8068,solve.va_sample,2,219.027,
277.3071,solve.va_sample,2,219.027,
277.8073,solve.va_sample,2,219.027,
278.3076,solve.va_sample,2,219.027,
278.8078,solve.va_sample,2,219.027,
279.3080,solve.va_sample,2,219.027,
279.8083,solve.va_sample,2,219.027,
280.3085,solve.va_sample,2,219.027,
280.8088,solve.va_sample,2,219.027,
281.3090,solve.va_sample,2,219.027,
281.8092,solve.va_sample,2,219.027,
282.3095,solve.va_sample,2,219.027,
282.8097,solve.va_sample,2,219.027,
283.3100,solve.va_sample,2,219.027,
283.8102,solve.va_sample,2,219.027,
284.3105,solve.va_sample,2,219.027,
284.8107,solve.va_sample,2,219.027,
285.3110,solve.va_sample,2,219.027,
285.8112,solve.va_sample,2,219.027,
286.3115,solve.va_sample,2,219.027,
286.8117,solve.va_sample,2,219.027,
287.3120,solve.va_sample,2,219.027,
287.8122,solve.va_sample,2,219.027,
288.3124,solve.va_sample,2,219.027,
288.8126,solve.va_sample,2,219.027,
289.3129,solve.va_sample,2,219.027,
289.8131,solve.va_sample,2,219.027,
290.3133,solve.va_sample,2,219.027,
290.8136,solve.va_sample,2,219.027,
291.3138,solve.va_sample,2,219.027,
291.8141,solve.va_sample,2,219.027,
292.3143,solve.va_sample,2,219.027,
292.8146,solve.va_sample,2,219.027,
293.3149,solve.va_sample,2,219.027,
293.8151,solve.va_sample,2,219.027,
294.3154,solve.va_sample,2,219.027,
294.8156,solve.va_sample,2,219.027,
295.3158,solve.va_sample,2,219.027,
295.8160,solve.va_sample,2,219.027,
296.3163,solve.va_sample,2,219.027,
296.8166,solve.va_sample,2,219.027,
297.3168,solve.va_sample,2,219.027,
297.8170,solve.va_sample,2,219.027,
298.3172,solve.va_sample,2,219.027,
298.8175,solve.va_sample,2,219.027,
299.3178,solve.va_sample,2,219.027,
299.8180,solve.va_sample,2,219.027,
300.3182,solve.va_sample,2,219.027,
300.8185,solve.va_sample,2,219.027,
301.3187,solve.va_sample,2,219.027,
301.8190,solve.va_sample,2,219.027,
302.3192,solve.va_sample,2,219.027,
302.8194,solve.va_sample,2,219.027,
303.3196,solve.va_sample,2,219.027,
303.8199,solve.va_sample,2,219.027,
304.3201,solve.va_sample,2,219.027,
304.8203,solve.va_sample,2,219.027,
305.3205,solve.va_sample,2,219.027,
305.8208,solve.va_sample,2,219.027,
306.3210,solve.va_sample,2,219.027,
306.8212,solve.va_sample,2,219.027,
307.3214,solve.va_sample,2,219.027,
307.8217,solve.va_sample,2,219.027,
308.3219,solve.va_sample,2,219.027,
308.8222,solve.va_sample,2,219.027,
309.3224,solve.va_sample,2,219.027,
309.8227,solve.va_sample,2,219.027,
310.3229,solve.va_sample,2,219.027,
310.8232,solve.va_sample,2,219.027,
311.3234,solve.va_sample,2,219.027,
311.8237,solve.va_sample,2,219.027,
312.3239,solve.va_sample,2,219.027,
312.8241,solve.va_sample,2,219.027,
313.3244,solve.va_sample,2,219.027,
313.8246,solve.va_sample,2,219.027,
314.3248,solve.va_sample,2,219.027,
314.8250,solve.va_sample,2,219.027,
315.3253,solve.va_sample,2,219.027,
315.8255,solve.va_sample,2,219.027,
316.3258,solve.va_sample,2,219.027,
316.8260,solve.va_sample,2,219.027,
317.3263,solve.va_sample,2,219.027,
317.8265,solve.va_sample,2,219.027,
318.3267,solve.va_sample,2,219.027,
318.8270,solve.va_sample,2,219.027,
319.3272,solve.va_sample,2,219.027,
319.8275,solve.va_sample,2,219.027,
320.3278,solve.va_sample,2,219.027,
320.8280,solve.va_sample,2,219.027,
321.3283,solve.va_sample,2,219.027,
321.8285,solve.va_sample,2,219.027,
322.3288,solve.va_sample,2,219.027,
322.8290,solve.va_sample,2,219.027,
323.3292,solve.va_sample,2,219.027,
323.8294,solve.va_sample,2,219.027,
324.3296,solve.va_sample,2,219.027,
324.8299,solve.va_sample,2,219.027,
325.3301,solve.va_sample,2,219.027,
325.8303,solve.va_sample,2,219.027,
326.3305,solve.va_sample,2,219.027,
326.8308,solve.va_sample,2,219.027,
327.3310,solve.va_sample,2,219.027,
327.8313,solve.va_sample,2,219.027,
328.3315,solve.va_sample,2,219.027,
328.8318,solve.va_sample,2,219.027,
329.3320,solve.va_sample,2,219.027,
329.8322,solve.va_sample,2,219.027,
330.3325,solve.va_sample,2,219.027,
330.8327,solve.va_sample,2,219.027,
331.3329,solve.va_sample,2,219.027,
331.8332,solve.va_sample,2,219.027,
332.3334,solve.va_sample,2,219.027,
332.8336,solve.va_sample,2,219.027,
333.3339,solve.va_sample,2,219.027,
333.8341,solve.va_sample,2,219.027,
334.3344,solve.va_sample,2,219.027,
334.8346,solve.va_sample,2,219.027,
335.3348,solve.va_sample,2,219.027,
335.8351,solve.va_sample,2,219.027,
336.3353,solve.va_sample,2,219.027,
336.8356,solve.va_sample,2,219.027,
337.3358,solve.va_sample,2,219.027,
337.8360,solve.va_sample,2,219.027,
338.3363,solve.va_sample,2,219.027,
338.8365,solve.va_sample,2,219.027,
339.3367,solve.va_sample,2,219.027,
339.8369,solve.va_sample,2,219.027,
340.3372,solve.va_sample,2,219.027,
340.8374,solve.va_sample,2,219.027,
341.3376,solve.va_sample,2,219.027,
341.8378,solve.va_sample,2,219.027,
342.3381,solve.va_sample,2,219.027,
342.8383,solve.va_sample,2,219.027,
343.3386,solve.va_sample,2,219.027,
343.8388,solve.va_sample,2,219.027,
344.3391,solve.va_sample,2,219.027,
344.8393,solve.va_sample,2,219.027,
345.3395,solve.va_sample,2,219.027,
345.8398,solve.va_sample,2,219.027,
346.3400,solve.va_sample,2,219.027,
346.8402,solve.va_sample,2,219.027,
347.3404,solve.va_sample,2,219.027,
347.8407,solve.va_sample,2,219.027,
348.3409,solve.va_sample,2,219.027,
348.8412,solve.va_sample,2,219.027,
349.3414,solve.va_sample,2,219.027,
349.8416,solve.va_sample,2,219.027,
350.3419,solve.va_sample,2,219.027,
350.8421,solve.va_sample,2,219.027,
351.3424,solve.va_sample,2,219.027,
351.8427,solve.va_sample,2,219.027,
352.3429,solve.va_sample,2,219.027,
352.8431,solve.va_sample,2,219.027,
353.3434,solve.va_sample,2,219.027,
353.8436,solve.va_sample,2,219.027,
354.3439,solve.va_sample,2,219.027,
354.8441,solve.va_sample,2,219.027,
355.3443,solve.va_sample,2,219.027,
355.8446,solve.va_sample,2,219.027,
356.3449,solve.va_sample,2,219.027,
356.8451,solve.va_sample,2,219.027,
357.3454,solve.va_sample,2,219.027,
357.8456,solve.va_sample,2,219.027,
358.3459,solve.va_sample,2,219.027,
358.8461,solve.va_sample,2,219.027,
359.3463,solve.va_sample,2,219.027,
359.8466,solve.va_sample,2,219.027,
360.3469,solve.va_sample,2,219.027,
360.8471,solve.va_sample,2,219.027,
361.3474,solve.va_sample,2,219.027,
361.8476,solve.va_sample,2,219.027,
362.3479,solve.va_sample,2,219.027,
362.8481,solve.va_sample,2,219.027,
363.3483,solve.va_sample,2,219.027,
363.8486,solve.va_sample,2,219.027,
364.3489,solve.va_sample,2,219.027,
364.8491,solve.va_sample,2,219.027,
365.3494,solve.va_sample,2,219.027,
365.8496,solve.va_sample,2,219.027,
366.3499,solve.va_sample,2,219.027,
366.8501,solve.va_sample,2,219.027,
367.3503,solve.va_sample,2,219.027,
367.8506,solve.va_sample,2,219.027,
368.3509,solve.va_sample,2,219.027,
368.8512,solve.va_sample,2,219.027,
369.3514,solve.va_sample,2,219.027,
369.8516,solve.va_sample,2,219.027,
370.3519,solve.va_sample,2,219.027,
370.8521,solve.va_sample,2,219.027,
371.3524,solve.va_sample,2,219.027,
371.8526,solve.va_sample,2,219.027,
372.3529,solve.va_sample,2,219.027,
372.8531,solve.va_sample,2,219.027,
373.3534,solve.va_sample,2,219.027,
373.8536,solve.va_sample,2,219.027,
374.3539,solve.va_sample,2,219.027,
374.8541,solve.va_sample,2,219.027,
375.3544,solve.va_sample,2,219.027,
375.8546,solve.va_sample,2,219.027,
376.3549,solve.va_sample,2,219.027,
376.8551,solve.va_sample,2,219.027,
377.3553,solve.va_sample,2,219.027,
377.8556,solve.va_sample,2,219.027,
378.3558,solve.va_sample,2,219.027,
378.8560,solve.va_sample,2,219.027,
379.3563,solve.va_sample,2,219.027,
379.8565,solve.va_sample,2,219.027,
380.3567,solve.va_sample,2,219.027,
380.8570,solve.va_sample,2,219.027,
381.3572,solve.va_sample,2,219.027,
381.8574,solve.va_sample,2,219.027,
382.3577,solve.va_sample,2,219.027,
382.8580,solve.va_sample,2,219.027,
383.3582,solve.va_sample,2,219.027,
383.8584,solve.va_sample,2,219.027,
384.3587,solve.va_sample,2,219.027,
384.8589,solve.va_sample,2,219.027,
385.3592,solve.va_sample,2,219.027,
385.8594,solve.va_sample,2,219.027,
386.3596,solve.va_sample,2,219.027,
386.8599,solve.va_sample,2,219.027,
387.3601,solve.va_sample,2,219.027,
387.8603,solve.va_sample,2,219.027,
388.3605,solve.va_sample,2,219.027,
388.8608,solve.va_sample,2,219.027,
389.3610,solve.va_sample,2,219.027,
389.8613,solve.va_sample,2,219.027,
390.3616,solve.va_sample,2,219.027,
390.8618,solve.va_sample,2,219.027,
391.3620,solve.va_sample,2,219.027,
391.8623,solve.va_sample,2,219.027,
392.3625,solve.va_sample,2,219.027,
392.8628,solve.va_sample,2,219.027,
393.3630,solve.va_sample,2,219.027,
393.8633,solve.va_sample,2,219.027,
394.3635,solve.va_sample,2,219.027,
394.8638,solve.va_sample,2,219.027,
395.3640,solve.va_sample,2,219.027,
395.8642,solve.va_sample,2,219.027,
396.3645,solve.va_sample,2,219.027,
396.8647,solve.va_sample,2,219.027,
397.3649,solve.va_sample,2,219.027,
397.8651,solve.va_sample,2,219.027,
398.3654,solve.va_sample,2,219.027,
398.8656,solve.va_sample,2,219.027,
399.3658,solve.va_sample,2,219.027,
399.8661,solve.va_sample,2,219.027,
400.3663,solve.va_sample,2,219.027,
400.8666,solve.va_sample,2,219.027,
401.3669,solve.va_sample,2,219.027,
401.8671,solve.va_sample,2,219.027,
402.3673,solve.va_sample,2,219.027,
402.8676,solve.va_sample,2,219.027,
403.3678,solve.va_sample,2,219.027,
403.8680,solve.va_sample,2,219.027,
404.3683,solve.va_sample,2,219.027,
404.8685,solve.va_sample,2,219.027,
405.3688,solve.va_sample,2,219.027,
405.8690,solve.va_sample,2,219.027,
406.3692,solve.va_sample,2,219.027,
406.8695,solve.va_sample,2,219.027,
407.3697,solve.va_sample,2,219.027,
407.8699,solve.va_sample,2,219.027,
408.3702,solve.va_sample,2,219.027,
408.8704,solve.va_sample,2,219.027,
409.3706,solve.va_sample,2,219.027,
409.8709,solve.va_sample,2,219.027,
410.3711,solve.va_sample,2,219.027,
410.8714,solve.va_sample,2,219.027,
411.3716,solve.va_sample,2,219.027,
411.8718,solve.va_sample,2,219.027,
412.3721,solve.va_sample,2,219.027,
412.8723,solve.va_sample,2,219.027,
413.3726,solve.va_sample,2,219.027,
413.8728,solve.va_sample,2,219.027,
414.3731,solve.va_sample,2,219.027,
414.8733,solve.va_sample,2,219.027,
415.3736,solve.va_sample,2,219.027,
415.8738,solve.va_sample,2,219.027,
416.3740,solve.va_sample,2,219.027,
416.8743,solve.va_sample,2,219.027,
417.3745,solve.va_sample,2,219.027,
417.8748,solve.va_sample,2,219.027,
418.3750,solve.va_sample,2,219.027,
418.8753,solve.va_sample,2,219.027,
419.3756,solve.va_sample,2,219.027,
419.8758,solve.va_sample,2,219.027,
420.3760,solve.va_sample,2,219.027,
420.8763,solve.va_sample,2,219.027,
421.3766,solve.va_sample,2,219.027,
421.8769,solve.va_sample,2,219.027,
422.3771,solve.va_sample,2,219.027,
422.8773,solve.va_sample,2,219.027,
423.3775,solve.va_sample,2,219.027,
423.8778,solve.va_sample,2,219.027,
424.3780,solve.va_sample,2,219.027,
424.8782,solve.va_sample,2,219.027,
425.3784,solve.va_sample,2,219.027,
425.8787,solve.va_sample,2,219.027,
426.3789,solve.va_sample,2,219.027,
426.8792,solve.va_sample,2,219.027,
427.3794,solve.va_sample,2,219.027,
427.8797,solve.va_sample,2,219.027,
428.3799,solve.va_sample,2,219.027,
428.8802,solve.va_sample,2,219.027,
429.3804,solve.va_sample,2,219.027,
429.8806,solve.va_sample,2,219.027,
430.3809,solve.va_sample,2,219.027,
430.8811,solve.va_sample,2,219.027,
431.3814,solve.va_sample,2,219.027,
431.8816,solve.va_sample,2,219.027,
432.3819,solve.va_sample,2,219.027,
432.8822,solve.va_sample,2,219.027,
433.3824,solve.va_sample,2,219.027,
433.8826,solve.va_sample,2,219.027,
434.3829,solve.va_sample,2,219.027,
434.8831,solve.va_sample,2,219.027,
435.3833,solve.va_sample,2,219.027,
435.8836,solve.va_sample,2,219.027,
436.3838,solve.va_sample,2,219.027,
436.8841,solve.va_sample,2,219.027,
437.3843,solve.va_sample,2,219.027,
437.8846,solve.va_sample,2,219.027,
438.3848,solve.va_sample,2,219.027,
438.8850,solve.va_sample,2,219.027,
439.3853,solve.va_sample,2,219.027,
439.8855,solve.va_sample,2,219.027,
440.3858,solve.va_sample,2,219.027,
440.8860,solve.va_sample,2,219.027,
441.3862,solve.va_sample,2,219.027,
441.8865,solve.va_sample,2,219.027,
442.3867,solve.va_sample,2,219.027,
442.8870,solve.va_sample,2,219.027,
443.3872,solve.va_sample,2,219.027,
443.8875,solve.va_sample,2,219.027,
444.3877,solve.va_sample,2,219.027,
444.8880,solve.va_sample,2,219.027,
445.3882,solve.va_sample,2,219.027,
445.8884,solve.va_sample,2,219.027,
446.3887,solve.va_sample,2,219.027,
446.8890,solve.va_sample,2,219.027,
447.3892,solve.va_sample,2,219.027,
447.8895,solve.va_sample,2,219.027,
448.3897,solve.va_sample,2,219.027,
448.8900,solve.va_sample,2,219.027,
449.3902,solve.va_sample,2,219.027,
449.8905,solve.va_sample,2,219.027,
450.3907,solve.va_sample,2,219.027,
450.8910,solve.va_sample,2,219.027,
451.3912,solve.va_sample,2,219.027,
451.8914,solve.va_sample,2,219.027,
452.3917,solve.va_sample,2,219.027,
452.8920,solve.va_sample,2,219.027,
453.3922,solve.va_sample,2,219.027,
453.8924,solve.va_sample,2,219.027,
454.3927,solve.va_sample,2,219.027,
454.8930,solve.va_sample,2,219.027,
455.3932,solve.va_sample,2,219.027,
455.8934,solve.va_sample,2,219.027,
456.3937,solve.va_sample,2,219.027,
456.8939,solve.va_sample,2,219.027,
457.3942,solve.va_sample,2,219.027,
457.8944,solve.va_sample,2,219.027,
458.3946,solve.va_sample,2,219.027,
458.8949,solve.va_sample,2,219.027,
459.3951,solve.va_sample,2,219.027,
459.8953,solve.va_sample,2,219.027,
460.3956,solve.va_sample,2,219.027,
460.8958,solve.va_sample,2,219.027,
461.3961,solve.va_sample,2,219.027,
461.8963,solve.va_sample,2,219.027,
462.3966,solve.va_sample,2,219.027,
462.8968,solve.va_sample,2,219.027,
463.3970,solve.va_sample,2,219.027,
463.8973,solve.va_sample,2,219.027,
464.3975,solve.va_sample,2,219.027,
464.8978,solve.va_sample,2,219.027,
465.3980,solve.va_sample,2,219.027,
465.8982,solve.va_sample,2,219.027,
466.3985,solve.va_sample,2,219.027,
466.8987,solve.va_sample,2,219.027,
467.3989,solve.va_sample,2,219.027,
467.8992,solve.va_sample,2,219.027,
468.3994,solve.va_sample,2,219.027,
468.8996,solve.va_sample,2,219.027,
469.3999,solve.va_sample,2,219.027,
469.9001,solve.va_sample,2,219.027,
470.4003,solve.va_sample,2,219.027,
470.9006,solve.va_sample,2,219.027,
471.4008,solve.va_sample,2,219.027,
471.9010,solve.va_sample,2,219.027,
472.4013,solve.va_sample,2,219.027,
472.9015,solve.va_sample,2,219.027,
473.4017,solve.va_sample,2,219.027,
473.9020,solve.va_sample,2,219.027,
474.4022,solve.va_sample,2,219.027,
474.9025,solve.va_sample,2,219.027,
475.4028,solve.va_sample,2,219.027,
475.9030,solve.va_sample,2,219.027,
476.4032,solve.va_sample,2,219.027,
476.9035,solve.va_sample,2,219.027,
477.4038,solve.va_sample,2,219.027,
477.9040,solve.va_sample,2,219.027,
478.4042,solve.va_sample,2,219.027,
478.9045,solve.va_sample,2,219.027,
479.4047,solve.va_sample,2,219.027,
479.9050,solve.va_sample,2,219.027,
480.4052,solve.va_sample,2,219.027,
480.9055,solve.va_sample,2,219.027,
481.4058,solve.va_sample,2,219.027,
481.9060,solve.va_sample,2,219.027,
482.4063,solve.va_sample,2,219.027,
482.9065,solve.va_sample,2,219.027,
483.4068,solve.va_sample,2,219.027,
483.9070,solve.va_sample,2,219.027,
484.4072,solve.va_sample,2,219.027,
484.9075,solve.va_sample,2,219.027,
485.4077,solve.va_sample,2,219.027,
485.9080,solve.va_sample,2,219.027,
486.4082,solve.va_sample,2,219.027,
486.9085,solve.va_sample,2,219.027,
487.4088,solve.va_sample,2,219.027,
487.9090,solve.va_sample,2,219.027,
488.4092,solve.va_sample,2,219.027,
488.9095,solve.va_sample,2,219.027,
489.4097,solve.va_sample,2,219.027,
489.9099,solve.va_sample,2,219.027,
490.4101,solve.va_sample,2,219.027,
490.9103,solve.va_sample,2,219.027,
491.4106,solve.va_sample,2,219.027,
491.9109,solve.va_sample,2,219.027,
492.4111,solve.va_sample,2,219.027,
492.9113,solve.va_sample,2,219.027,
493.4116,solve.va_sample,2,219.027,
493.9118,solve.va_sample,2,219.027,
494.4121,solve.va_sample,2,219.027,
494.9124,solve.va_sample,2,219.027,
495.4126,solve.va_sample,2,219.027,
495.9129,solve.va_sample,2,219.027,
496.4131,solve.va_sample,2,219.027,
496.9133,solve.va_sample,2,219.027,
497.4136,solve.va_sample,2,219.027,
497.9138,solve.va_sample,2,219.027,
498.4140,solve.va_sample,2,219.027,
498.9143,solve.va_sample,2,219.027,
499.4146,solve.va_sample,2,219.027,
499.9148,solve.va_sample,2,219.027,
500.4150,solve.va_sample,2,219.027,
500.9152,solve.va_sample,2,219.027,
501.4155,solve.va_sample,2,219.027,
501.9157,solve.va_sample,2,219.027,
502.4160,solve.va_sample,2,219.027,
502.9162,solve.va_sample,2,219.027,
503.4164,solve.va_sample,2,219.027,
503.9167,solve.va_sample,2,219.027,
504.4169,solve.va_sample,2,219.027,
504.9171,solve.va_sample,2,219.027,
505.4173,solve.va_sample,2,219.027,
505.9176,solve.va_sample,2,219.027,
506.4178,solve.va_sample,2,219.027,
506.9180,solve.va_sample,2,219.027,
507.4183,solve.va_sample,2,219.027,
507.9186,solve.va_sample,2,219.027,
508.4188,solve.va_sample,2,219.027,
508.9190,solve.va_sample,2,219.027,
509.4193,solve.va_sample,2,219.027,
509.9195,solve.va_sample,2,219.027,
510.4197,solve.va_sample,2,219.027,
510.9200,solve.va_sample,2,219.027,
511.4202,solve.va_sample,2,219.027,
511.9205,solve.va_sample,2,219.027,
512.4207,solve.va_sample,2,219.027,
512.9209,solve.va_sample,2,219.027,
513.4212,solve.va_sample,2,219.027,
513.9215,solve.va_sample,2,219.027,
514.4217,solve.va_sample,2,219.027,
514.9219,solve.va_sample,2,219.027,
515.4222,solve.va_sample,2,219.027,
515.9224,solve.va_sample,2,219.027,
516.4227,solve.va_sample,2,219.027,
516.9229,solve.va_sample,2,219.027,
517.4231,solve.va_sample,2,219.027,
517.9234,solve.va_sample,2,219.027,
518.4236,solve.va_sample,2,219.027,
518.9239,solve.va_sample,2,219.027,
519.4241,solve.va_sample,2,219.027,
519.9244,solve.va_sample,2,219.027,
520.4246,solve.va_sample,2,219.027,
520.9249,solve.va_sample,2,219.027,
521.4251,solve.va_sample,2,219.027,
521.9253,solve.va_sample,2,219.027,
522.4256,solve.va_sample,2,219.027,
522.9258,solve.va_sample,2,219.027,
523.4260,solve.va_sample,2,219.027,
523.9263,solve.va_sample,2,219.027,
524.4265,solve.va_sample,2,219.027,
524.9268,solve.va_sample,2,219.027,
525.4271,solve.va_sample,2,219.027,
525.9273,solve.va_sample,2,219.027,
526.4276,solve.va_sample,2,219.027,
526.9278,solve.va_sample,2,219.027,
527.4280,solve.va_sample,2,219.027,
527.9283,solve.va_sample,2,219.027,
528.4285,solve.va_sample,2,219.027,
528.9288,solve.va_sample,2,219.027,
529.4290,solve.va_sample,2,219.027,
529.9293,solve.va_sample,2,219.027,
530.4295,solve.va_sample,2,219.027,
530.9298,solve.va_sample,2,219.027,
531.4300,solve.va_sample,2,219.027,
531.9302,solve.va_sample,2,219.027,
532.4304,solve.va_sample,2,219.027,
532.9307,solve.va_sample,2,219.027,
533.4310,solve.va_sample,2,219.027,
533.9312,solve.va_sample,2,219.027,
534.4315,solve.va_sample,2,219.027,
534.9317,solve.va_sample,2,219.027,
535.4319,solve.va_sample,2,219.027,
535.9321,solve.va_sample,2,219.027,
536.4324,solve.va_sample,2,219.027,
536.9327,solve.va_sample,2,219.027,
537.4329,solve.va_sample,2,219.027,
537.9331,solve.va_sample,2,219.027,
538.4333,solve.va_sample,2,219.027,
538.9335,solve.va_sample,2,219.027,
539.4338,solve.va_sample,2,219.027,
539.9340,solve.va_sample,2,219.027,
540.4343,solve.va_sample,2,219.027,
540.9345,solve.va_sample,2,219.027,
541.4347,solve.va_sample,2,219.027,
541.9350,solve.va_sample,2,219.027,
542.4352,solve.va_sample,2,219.027,
542.9355,solve.va_sample,2,219.027,
543.4357,solve.va_sample,2,219.027,
543.9359,solve.va_sample,2,219.027,
544.4362,solve.va_sample,2,219.027,
544.9364,solve.va_sample,2,219.027,
545.4366,solve.va_sample,2,219.027,
545.9369,solve.va_sample,2,219.027,
546.4371,solve.va_sample,2,219.027,
546.9373,solve.va_sample,2,219.027,
547.4376,solve.va_sample,2,219.027,
547.9378,solve.va_sample,2,219.027,
548.4381,solve.va_sample,2,219.027,
548.9383,solve.va_sample,2,219.027,
549.4386,solve.va_sample,2,219.027,
549.9388,solve.va_sample,2,219.027,
550.4391,solve.va_sample,2,219.027,
550.9393,solve.va_sample,2,219.027,
551.4396,solve.va_sample,2,219.027,
551.9398,solve.va_sample,2,219.027,
552.4401,solve.va_sample,2,219.027,
552.9403,solve.va_sample,2,219.027,
553.4405,solve.va_sample,2,219.027,
553.9408,solve.va_sample,2,219.027,
554.4410,solve.va_sample,2,219.027,
554.9413,solve.va_sample,2,219.027,
555.4415,solve.va_sample,2,219.027,
555.9417,solve.va_sample,2,219.027,
556.4420,solve.va_sample,2,219.027,
556.9423,solve.va_sample,2,219.027,
557.4425,solve.va_sample,2,219.027,
557.9428,solve.va_sample,2,219.027,
558.4430,solve.va_sample,2,219.027,
558.9433,solve.va_sample,2,219.027,
559.4435,solve.va_sample,2,219.027,
559.9438,solve.va_sample,2,219.027,
560.4440,solve.va_sample,2,219.027,
560.9443,solve.va_sample,2,219.027,
561.4445,solve.va_sample,2,219.027,
561.9448,solve.va_sample,2,219.027,
562.4450,solve.va_sample,2,219.027,
562.9452,solve.va_sample,2,219.027,
563.4455,solve.va_sample,2,219.027,
563.9457,solve.va_sample,2,219.027,
564.4459,solve.va_sample,2,219.027,
564.9462,solve.va_sample,2,219.027,
565.4464,solve.va_sample,2,219.027,
565.9467,solve.va_sample,2,219.027,
566.4470,solve.va_sample,2,219.027,
566.9472,solve.va_sample,2,219.027,
567.4475,solve.va_sample,2,219.027,
567.9477,solve.va_sample,2,219.027,
568.4480,solve.va_sample,2,219.027,
568.9482,solve.va_sample,2,219.027,
569.4485,solve.va_sample,2,219.027,
569.9487,solve.va_sample,2,219.027,
570.4490,solve.va_sample,2,219.027,
570.9493,solve.va_sample,2,219.027,
571.4496,solve.va_sample,2,219.027,
571.9498,solve.va_sample,2,219.027,
572.4500,solve.va_sample,2,219.027,
572.9503,solve.va_sample,2,219.027,
573.4506,solve.va_sample,2,219.027,
573.9508,solve.va_sample,2,219.027,
574.4510,solve.va_sample,2,219.027,
574.9512,solve.va_sample,2,219.027,
575.4515,solve.va_sample,2,219.027,
575.9517,solve.va_sample,2,219.027,
576.4519,solve.va_sample,2,219.027,
576.9522,solve.va_sample,2,219.027,
577.4524,solve.va_sample,2,219.027,
577.9526,solve.va_sample,2,219.027,
578.4528,solve.va_sample,2,219.027,
578.9531,solve.va_sample,2,219.027,
579.4533,solve.va_sample,2,219.027,
579.9536,solve.va_sample,2,219.027,
580.4538,solve.va_sample,2,219.027,
580.9540,solve.va_sample,2,219.027,
581.4543,solve.va_sample,2,219.027,
581.9545,solve.va_sample,2,219.027,
582.4548,solve.va_sample,2,219.027,
582.9550,solve.va_sample,2,219.027,
583.4552,solve.va_sample,2,219.027,
583.9555,solve.va_sample,2,219.027,
584.4557,solve.va_sample,2,219.027,
584.9559,solve.va_sample,2,219.027,
585.4562,solve.va_sample,2,219.027,
585.9564,solve.va_sample,2,219.027,
586.4566,solve.va_sample,2,219.027,
586.9569,solve.va_sample,2,219.027,
587.4571,solve.va_sample,2,219.027,
587.9574,solve.va_sample,2,219.027,
588.4576,solve.va_sample,2,219.027,
588.9578,solve.va_sample,2,219.027,
589.4580,solve.va_sample,2,219.027,
589.9583,solve.va_sample,2,219.027,
590.4586,solve.va_sample,2,219.027,
590.9588,solve.va_sample,2,219.027,
591.4591,solve.va_sample,2,219.027,
591.9593,solve.va_sample,2,219.027,
592.4595,solve.va_sample,2,219.027,
592.9597,solve.va_sample,2,219.027,
593.4600,solve.va_sample,2,219.027,
593.9602,solve.va_sample,2,219.027,
594.4604,solve.va_sample,2,219.027,
594.9607,solve.va_sample,2,219.027,
595.4609,solve.va_sample,2,219.027,
595.9611,solve.va_sample,2,219.027,
596.4614,solve.va_sample,2,219.027,
596.9616,solve.va_sample,2,219.027,
597.4619,solve.va_sample,2,219.027,
597.9621,solve.va_sample,2,219.027,
598.4623,solve.va_sample,2,219.027,
598.9626,solve.va_sample,2,219.027,
599.4628,solve.va_sample,2,219.027,
599.9630,solve.va_sample,2,219.027,
600.4633,solve.va_sample,2,219.027,
600.9635,solve.va_sample,2,219.027,
601.4638,solve.va_sample,2,219.027,
601.9640,solve.va_sample,2,219.027,
602.4643,solve.va_sample,2,219.027,
602.9645,solve.va_sample,2,219.027,
603.4648,solve.va_sample,2,219.027,
603.9650,solve.va_sample,2,219.027,
604.4653,solve.va_sample,2,219.027,
604.9655,solve.va_sample,2,219.285,
605.4658,solve.va_sample,2,219.285,
605.9660,solve.va_sample,2,219.285,
606.4662,solve.va_sample,2,219.285,
606.9665,solve.va_sample,2,219.285,
607.4667,solve.va_sample,2,219.285,
607.9670,solve.va_sample,2,219.285,
608.4672,solve.va_sample,2,219.285,
608.9675,solve.va_sample,2,219.285,
609.4677,solve.va_sample,2,219.285,
609.9680,solve.va_sample,2,219.285,
610.4682,solve.va_sample,2,219.285,
610.9685,solve.va_sample,2,219.285,
611.4687,solve.va_sample,2,219.285,
611.9690,solve.va_sample,2,219.285,
612.4692,solve.va_sample,2,219.285,
612.9694,solve.va_sample,2,219.285,
613.4696,solve.va_sample,2,219.285,
613.9699,solve.va_sample,2,219.285,
614.4702,solve.va_sample,2,219.285,
614.9934,solve.va_sample,2,222.121,
615.5115,solve.va_sample,2,227.277,
615.8808,solve.va_sample,2,230.887,
615.8824,solve.sample_eval,2,230.887,
616.0422,solve.sample_eval,2,232.176,
616.5678,solve.sample_eval,2,244.035,
617.0934,solve.sample_eval,2,254.605,
617.6291,solve.sample_eval,2,267.238,
618.1598,solve.sample_eval,2,277.809,
618.6905,solve.sample_eval,2,287.348,
619.0097,solve.sample_eval,2,293.020,
619.0111,solve,1,293.020,
619.2212,(unmarked),0,292.152,
619.4248,(unmarked),0,292.516,
