batch_id,read_index,num_vars,va_reported_energy,recomputed_energy,abs_diff,rel_diff,qubo_offset,va_offset_applied,constraint_ok
1,0,8659,-288815555.1665,-288815555.1665,0.0,0.0,299800000.0,0.0,True
1,1,8659,-288815277.5115,-288815277.5115,0.0,0.0,299800000.0,0.0,True
1,2,8659,-288815223.869,-288815223.869,0.0,0.0,299800000.0,0.0,True
1,3,8659,-288815120.785,-288815120.785,0.0,0.0,299800000.0,0.0,True
1,4,8659,-288815095.8785,-288815095.8785,0.0,0.0,299800000.0,0.0,True
1,5,8659,-288815036.924,-288815036.924,0.0,0.0,299800000.0,0.0,True
1,6,8659,-288815014.0035,-288815014.0035,0.0,0.0,299800000.0,0.0,True
1,7,8659,-288814951.675,-288814951.675,0.0,0.0,299800000.0,0.0,True
1,8,8659,-288814945.5135,-288814945.5135,0.0,0.0,299800000.0,0.0,True
1,9,8659,-288814925.128,-288814925.128,0.0,0.0,299800000.0,0.0,True
1,10,8659,-288814910.3965,-288814910.3965,0.0,0.0,299800000.0,0.0,True
1,11,8659,-288814894.106,-288814894.106,0.0,0.0,299800000.0,0.0,True
1,12,8659,-288814824.0575,-288814824.0575,0.0,0.0,299800000.0,0.0,True
1,13,8659,-288814772.9395,-288814772.9395,0.0,0.0,299800000.0,0.0,True
1,14,8659,-288814735.264,-288814735.264,0.0,0.0,299800000.0,0.0,True
1,15,8659,-288814730.523,-288814730.523,0.0,0.0,299800000.0,0.0,True
1,16,8659,-288814679.332,-288814679.332,0.0,0.0,299800000.0,0.0,True
1,17,8659,-288814620.8875,-288814620.8875,0.0,0.0,299800000.0,0.0,True
1,18,8659,-288814601.403,-288814601.403,0.0,0.0,299800000.0,0.0,True
1,19,8659,-288814596.0915,-288814596.0915,0.0,0.0,299800000.0,0.0,True
1,20,8659,-288814560.268,-288814560.268,0.0,0.0,299800000.0,0.0,True
1,21,8659,-288814548.9535,-288814548.9535,0.0,0.0,299800000.0,0.0,True
1,22,8659,-288814546.676,-288814546.676,0.0,0.0,299800000.0,0.0,True
1,23,8659,-288814533.201,-288814533.201,0.0,0.0,299800000.0,0.0,True
1,24,8659,-288814495.1015,-288814495.1015,0.0,0.0,299800000.0,0.0,True
1,25,8659,-288814487.038,-288814487.038,0.0,0.0,299800000.0,0.0,True
1,26,8659,-288814486.3235,-288814486.3235,0.0,0.0,299800000.0,0.0,True
1,27,8659,-288814483.5175,-288814483.5175,0.0,0.0,299800000.0,0.0,True
1,28,8659,-288814473.9785,-288814473.9785,0.0,0.0,299800000.0,0.0,True
1,29,8659,-288814462.663,-288814462.663,0.0,0.0,299800000.0,0.0,True
1,30,8659,-288814395.944,-288814395.944,0.0,0.0,299800000.0,0.0,True
1,31,8659,-288814395.445,-288814395.445,0.0,0.0,299800000.0,0.0,True
1,32,8659,-288814389.7965,-288814389.7965,0.0,0.0,299800000.0,0.0,True
1,33,8659,-288814380.73,-288814380.73,0.0,0.0,299800000.0,0.0,True
1,34,8659,-288814374.2455,-288814374.2455,0.0,0.0,299800000.0,0.0,True
1,35,8659,-288814370.9235,-288814370.9235,0.0,0.0,299800000.0,0.0,True
1,36,8659,-288814347.3305,-288814347.3305,0.0,0.0,299800000.0,0.0,True
1,37,8659,-288814333.688,-288814333.688,0.0,0.0,299800000.0,0.0,True
1,38,8659,-288814331.508,-288814331.508,0.0,0.0,299800000.0,0.0,True
1,39,8659,-288814330.7965,-288814330.7965,0.0,0.0,299800000.0,0.0,True
1,40,8659,-288814326.228,-288814326.228,0.0,0.0,299800000.0,0.0,True
1,41,8659,-288814319.791,-288814319.791,0.0,0.0,299800000.0,0.0,True
1,42,8659,-288814314.451,-288814314.451,0.0,0.0,299800000.0,0.0,True
1,43,8659,-288814311.41,-288814311.41,0.0,0.0,299800000.0,0.0,True
1,44,8659,-288814301.793,-288814301.793,0.0,0.0,299800000.0,0.0,True
1,45,8659,-288814288.776,-288814288.776,0.0,0.0,299800000.0,0.0,True
1,46,8659,-288814276.168,-288814276.168,0.0,0.0,299800000.0,0.0,True
1,47,8659,-288814260.739,-288814260.739,0.0,0.0,299800000.0,0.0,True
1,48,8659,-288814255.1705,-288814255.1705,0.0,0.0,299800000.0,0.0,True
1,49,8659,-288814252.262,-288814252.262,0.0,0.0,299800000.0,0.0,True
1,50,8659,-288814224.499,-288814224.499,0.0,0.0,299800000.0,0.0,True
1,51,8659,-288814206.329,-288814206.329,0.0,0.0,299800000.0,0.0,True
1,52,8659,-288814195.931,-288814195.931,0.0,0.0,299800000.0,0.0,True
1,53,8659,-288814189.618,-288814189.618,0.0,0.0,299800000.0,0.0,True
1,54,8659,-288814171.043,-288814171.043,0.0,0.0,299800000.0,0.0,True
1,55,8659,-288814155.2795,-288814155.2795,0.0,0.0,299800000.0,0.0,True
1,56,8659,-288814150.407,-288814150.407,0.0,0.0,299800000.0,0.0,True
1,57,8659,-288814125.3285,-288814125.3285,0.0,0.0,299800000.0,0.0,True
1,58,8659,-288814120.793,-288814120.793,0.0,0.0,299800000.0,0.0,True
1,59,8659,-288814118.472,-288814118.472,0.0,0.0,299800000.0,0.0,True
1,60,8659,-288814112.545,-288814112.545,0.0,0.0,299800000.0,0.0,True
1,61,8659,-288814110.4885,-288814110.4885,0.0,0.0,299800000.0,0.0,True
1,62,8659,-288814107.3105,-288814107.3105,0.0,0.0,299800000.0,0.0,True
1,63,8659,-288814106.0485,-288814106.0485,0.0,0.0,299800000.0,0.0,True
1,64,8659,-288814069.7545,-288814069.7545,0.0,0.0,299800000.0,0.0,True
1,65,8659,-288814065.076,-288814065.076,0.0,0.0,299800000.0,0.0,True
1,66,8659,-288814057.4965,-288814057.4965,0.0,0.0,299800000.0,0.0,True
1,67,8659,-288814040.105,-288814040.105,0.0,0.0,299800000.0,0.0,True
1,68,8659,-288814031.9155,-288814031.9155,0.0,0.0,299800000.0,0.0,True
1,69,8659,-288814028.7955,-288814028.7955,0.0,0.0,299800000.0,0.0,True
1,70,8659,-288814015.3835,-288814015.3835,0.0,0.0,299800000.0,0.0,True
1,71,8659,-288814003.4515,-288814003.4515,0.0,0.0,299800000.0,0.0,True
1,72,8659,-288813996.3595,-288813996.3595,0.0,0.0,299800000.0,0.0,True
1,73,8659,-288813963.178,-288813963.178,0.0,0.0,299800000.0,0.0,True
1,74,8659,-288813949.516,-288813949.516,0.0,0.0,299800000.0,0.0,True
1,75,8659,-288813943.7135,-288813943.7135,0.0,0.0,299800000.0,0.0,True
1,76,8659,-288813921.658,-288813921.658,0.0,0.0,299800000.0,0.0,True
1,77,8659,-288813905.6855,-288813905.6855,0.0,0.0,299800000.0,0.0,True
1,78,8659,-288813904.5195,-288813904.5195,0.0,0.0,299800000.0,0.0,True
1,79,8659,-288813902.218,-288813902.218,0.0,0.0,299800000.0,0.0,True
1,80,8659,-288813875.583,-288813875.583,0.0,0.0,299800000.0,0.0,True
1,81,8659,-288813868.38,-288813868.38,0.0,0.0,299800000.0,0.0,True
1,82,8659,-288813857.93,-288813857.93,0.0,0.0,299800000.0,0.0,True
1,83,8659,-288813853.351,-288813853.351,0.0,0.0,299800000.0,0.0,True
1,84,8659,-288813845.092,-288813845.092,0.0,0.0,299800000.0,0.0,True
1,85,8659,-288813825.7235,-288813825.7235,0.0,0.0,299800000.0,0.0,True
1,86,8659,-288813824.3495,-288813824.3495,0.0,0.0,299800000.0,0.0,True
1,87,8659,-288813813.6685,-288813813.6685,0.0,0.0,299800000.0,0.0,True
1,88,8659,-288813803.8515,-288813803.8515,0.0,0.0,299800000.0,0.0,True
1,89,8659,-288813788.045,-288813788.045,0.0,0.0,299800000.0,0.0,True
1,90,8659,-288813755.2425,-288813755.2425,0.0,0.0,299800000.0,0.0,True
1,91,8659,-288813737.9755,-288813737.9755,0.0,0.0,299800000.0,0.0,True
1,92,8659,-288813722.1205,-288813722.1205,0.0,0.0,299800000.0,0.0,True
1,93,8659,-288813712.7535,-288813712.7535,0.0,0.0,299800000.0,0.0,True
1,94,8659,-288813685.014,-288813685.014,0.0,0.0,299800000.0,0.0,True
1,95,8659,-288813665.674,-288813665.674,0.0,0.0,299800000.0,0.0,True
1,96,8659,-288813662.2915,-288813662.2915,0.0,0.0,299800000.0,0.0,True
1,97,8659,-288813632.9875,-288813632.9875,0.0,0.0,299800000.0,0.0,True
1,98,8659,-288813608.8585,-288813608.8585,0.0,0.0,299800000.0,0.0,True
1,99,8659,-288813597.4585,-288813597.4585,0.0,0.0,299800000.0,0.0,True
1,100,8659,-288813576.8115,-288813576.8115,0.0,0.0,299800000.0,0.0,True
1,101,8659,-288813557.423,-288813557.423,0.0,0.0,299800000.0,0.0,True
1,102,8659,-288813479.7155,-288813479.7155,0.0,0.0,299800000.0,0.0,True
1,103,8659,-288813425.8,-288813425.8,0.0,0.0,299800000.0,0.0,True
1,104,8659,-288813398.0005,-288813398.0005,0.0,0.0,299800000.0,0.0,True
1,105,8659,-288813350.634,-288813350.634,0.0,0.0,299800000.0,0.0,True
1,106,8659,-288813339.632,-288813339.632,0.0,0.0,299800000.0,0.0,True
1,107,8659,-288813283.55,-288813283.55,0.0,0.0,299800000.0,0.0,True
1,108,8659,-288813280.8985,-288813280.8985,0.0,0.0,299800000.0,0.0,True
1,109,8659,-288813252.8145,-288813252.8145,0.0,0.0,299800000.0,0.0,True
1,110,8659,-288813165.4435,-288813165.4435,0.0,0.0,299800000.0,0.0,True
1,111,8659,-288813093.251,-288813093.251,0.0,0.0,299800000.0,0.0,True
