zip_id,lat,lon,region_code
Z00001,-27.507061,153.249967,APAC
Z00002,23.057109,72.26605,APAC
Z00003,33.27078,-96.364999,NAM
Z00004,14.434867,120.701179,APAC
Z00005,50.965634,15.505134,EMEA
Z00006,-23.050568,-46.23622,LATAM
Z00007,-35.04512,-59.147535,LATAM
Z00008,34.707703,53.921842,EMEA
Z00009,52.44832,6.355218,EMEA
Z00010,48.837692,2.471116,EMEA
Z00011,13.558154,76.16239,APAC
Z00012,2.264522,100.410623,APAC
Z00013,46.23406,-122.77123,NAM
Z00014,40.185485,-1.489226,EMEA
Z00015,35.679903,49.888434,EMEA
Z00016,48.166878,18.118388,EMEA
Z00017,-33.801773,21.204254,EMEA
Z00018,45.563383,11.799116,EMEA
Z00019,-6.405815,106.898679,APAC
Z00020,60.355176,9.000757,EMEA
Z00021,-34.112552,-56.54345,LATAM
Z00022,44.829823,8.944832,EMEA
Z00023,37.753473,126.750808,APAC
Z00024,36.005297,-79.912146,NAM
Z00025,11.110678,77.140875,APAC
Z00026,6.9257,2.76744,EMEA
Z00027,42.400012,2.236024,EMEA
Z00028,37.997821,23.391277,EMEA
Z00029,35.34925,141.088998,APAC
Z00030,35.906129,139.719623,APAC
Z00031,22.403,114.036939,APAC
Z00032,41.035464,1.095626,EMEA
Z00033,50.48291,3.139945,EMEA
Z00034,45.976246,-121.009067,NAM
Z00035,16.60119,121.880921,APAC
Z00036,35.701814,52.125136,EMEA
Z00037,33.865831,-95.448963,NAM
Z00038,47.227714,-121.740634,NAM
Z00039,52.212826,13.957487,EMEA
Z00040,40.196172,-3.162895,EMEA
Z00041,15.541291,119.368986,APAC
Z00042,21.432393,71.752833,APAC
Z00043,-24.129579,-45.689248,LATAM
Z00044,44.895327,-120.556805,NAM
Z00045,-27.01329,151.984557,APAC
Z00046,36.603198,127.025816,APAC
Z00047,51.482241,-3.467726,EMEA
Z00048,52.134839,-0.209773,EMEA
Z00049,52.569079,11.149915,EMEA
Z00050,40.484823,-3.642038,EMEA
Z00051,45.541415,9.174845,EMEA
Z00052,27.41137,48.503061,EMEA
Z00053,55.365032,-5.17808,EMEA
Z00054,29.083602,49.141696,EMEA
Z00055,19.146344,79.016826,APAC
Z00056,22.723563,73.583122,APAC
Z00057,2.046476,99.530173,APAC
Z00058,21.394783,-102.343182,LATAM
Z00059,33.092254,-113.668417,NAM
Z00060,-37.200241,175.360313,APAC
Z00061,18.799945,72.380193,APAC
Z00062,42.185808,2.540924,EMEA
Z00063,38.04946,-78.177326,NAM
Z00064,-22.581893,-48.296854,LATAM
Z00065,48.117267,-123.321433,NAM
Z00066,5.289276,2.026833,EMEA
Z00067,49.345371,-0.302968,EMEA
Z00068,38.821056,-76.553092,NAM
Z00069,-25.620602,-47.081984,LATAM
Z00070,46.912779,-121.114584,NAM
Z00071,42.519542,-2.434483,EMEA
Z00072,46.654833,18.260532,EMEA
Z00073,12.110938,77.605305,APAC
Z00074,32.131896,-96.758501,NAM
Z00075,-22.76165,-46.809075,LATAM
Z00076,52.372594,5.416278,EMEA
Z00077,33.825796,-95.109969,NAM
Z00078,38.996072,-94.485459,NAM
Z00079,34.698077,140.607051,APAC
Z00080,20.560793,-103.440452,LATAM
Z00081,45.112362,-93.582843,NAM
Z00082,48.069946,16.452011,EMEA
Z00083,53.552575,7.981096,EMEA
Z00084,13.196086,77.217586,APAC
Z00085,4.130831,100.972966,APAC
Z00086,43.098538,-88.455639,NAM
Z00087,38.586435,-73.44286,NAM
Z00088,39.293446,-93.116647,NAM
Z00089,48.992427,18.975817,EMEA
Z00090,-34.33995,20.080088,EMEA
Z00091,51.592058,-0.188346,EMEA
Z00092,47.91939,17.326536,EMEA
Z00093,-32.885985,151.226617,APAC
Z00094,34.817205,52.417954,EMEA
Z00095,39.844189,-92.657335,NAM
Z00096,59.673297,14.065777,EMEA
Z00097,40.716077,-95.641533,NAM
Z00098,30.9183,30.780864,EMEA
Z00099,-27.820215,153.668102,APAC
Z00100,49.913681,3.9251,EMEA
Z00101,53.854821,5.964939,EMEA
Z00102,10.893218,107.382525,APAC
Z00103,38.922276,124.702359,APAC
Z00104,21.127494,116.370454,APAC
Z00105,51.529613,0.586365,EMEA
Z00106,38.593626,-89.170734,NAM
Z00107,47.911648,17.695705,EMEA
Z00108,38.582171,-93.119416,NAM
Z00109,41.840857,-2.582851,EMEA
Z00110,34.924957,136.283999,APAC
Z00111,16.432045,77.892031,APAC
Z00112,10.997419,106.877232,APAC
Z00113,32.950957,135.210495,APAC
Z00114,43.502731,2.251735,EMEA
Z00115,45.424392,10.221635,EMEA
Z00116,29.970602,34.097242,EMEA
Z00117,34.138983,-110.115095,NAM
Z00118,35.063788,-80.11253,NAM
Z00119,-34.659666,-57.33967,LATAM
Z00120,34.749068,135.598873,APAC
Z00121,4.676242,101.284969,APAC
Z00122,28.625045,48.221528,EMEA
Z00123,13.205985,77.888255,APAC
Z00124,51.68377,0.739857,EMEA
Z00125,47.850126,18.236334,EMEA
Z00126,33.80898,135.878281,APAC
Z00127,15.176679,120.722481,APAC
Z00128,43.376604,3.640749,EMEA
Z00129,53.654351,-8.196819,EMEA
Z00130,54.762003,-6.498867,EMEA
Z00131,38.990979,-76.960833,NAM
Z00132,49.455628,2.32303,EMEA
Z00133,21.858941,72.045985,APAC
Z00134,12.187585,107.598807,APAC
Z00135,-35.075836,-58.502041,LATAM
Z00136,39.343019,-74.075436,NAM
Z00137,46.574653,-125.528845,NAM
Z00138,37.204647,24.51769,EMEA
Z00139,22.545348,71.597326,APAC
Z00140,19.926131,-102.711779,LATAM
Z00141,45.725885,-122.452473,NAM
Z00142,-35.523472,-58.50362,LATAM
Z00143,10.235721,106.744533,APAC
Z00144,24.614331,73.219663,APAC
Z00145,20.968381,71.779692,APAC
Z00146,39.480422,-94.32402,NAM
Z00147,-37.577538,175.076902,APAC
Z00148,33.276563,135.09001,APAC
Z00149,33.232461,-111.734444,NAM
Z00150,33.712923,135.467071,APAC
Z00151,3.024064,101.183827,APAC
Z00152,-36.018034,174.894656,APAC
Z00153,46.154356,9.530157,EMEA
Z00154,41.714576,-87.591052,NAM
Z00155,-5.899921,107.004289,APAC
Z00156,-23.323585,-47.080906,LATAM
Z00157,52.897959,13.663195,EMEA
Z00158,42.364202,4.993361,EMEA
Z00159,34.388292,50.011146,EMEA
Z00160,21.736537,115.095815,APAC
Z00161,44.97123,10.487315,EMEA
Z00162,-27.553522,151.79684,APAC
Z00163,39.75437,-72.698844,NAM
Z00164,53.846191,-8.916777,EMEA
Z00165,22.795583,88.679477,APAC
Z00166,40.584737,116.682909,APAC
Z00167,16.747636,76.74572,APAC
Z00168,14.63407,121.630935,APAC
Z00169,-27.936434,153.283414,APAC
Z00170,-35.479033,149.198906,APAC
Z00171,20.170772,-103.020639,LATAM
Z00172,39.591477,-94.697094,NAM
Z00173,-35.85388,-56.824228,LATAM
Z00174,39.706582,-1.599058,EMEA
Z00175,7.784827,2.610398,EMEA
Z00176,50.589893,2.027681,EMEA
Z00177,18.647819,79.59767,APAC
Z00178,37.558102,138.734462,APAC
Z00179,22.365796,114.382885,APAC
Z00180,46.737287,-94.389011,NAM
Z00181,-24.82013,-46.754139,LATAM
Z00182,37.466567,126.976311,APAC
Z00183,15.623225,121.622395,APAC
Z00184,49.151235,17.780039,EMEA
Z00185,-34.72246,-58.135161,LATAM
Z00186,37.727123,23.387222,EMEA
Z00187,54.250272,13.915029,EMEA
Z00188,8.47818,106.865063,APAC
Z00189,39.983814,-4.849503,EMEA
Z00190,39.613184,-96.303514,NAM
Z00191,42.290045,-87.796356,NAM
Z00192,38.24385,21.87949,EMEA
Z00193,23.376964,88.398507,APAC
Z00194,47.46067,-121.740246,NAM
Z00195,19.62569,75.409889,APAC
Z00196,47.819747,-124.100293,NAM
Z00197,48.371982,2.049577,EMEA
Z00198,32.887081,-111.975901,NAM
Z00199,38.801327,-93.922009,NAM
Z00200,-27.606299,152.578896,APAC
Z00201,40.662437,117.426594,APAC
Z00202,38.149267,115.06313,APAC
Z00203,49.28172,12.110301,EMEA
Z00204,-33.34909,150.491227,APAC
Z00205,42.331061,-73.151716,NAM
Z00206,45.803421,7.601225,EMEA
Z00207,50.425224,-1.3044,EMEA
Z00208,29.341543,50.633801,EMEA
Z00209,38.414426,-77.160848,NAM
Z00210,39.640806,-1.681122,EMEA
Z00211,41.134376,0.735466,EMEA
Z00212,60.2165,11.093546,EMEA
Z00213,41.766176,-89.060421,NAM
Z00214,42.282342,-75.903821,NAM
Z00215,44.991779,-89.982713,NAM
Z00216,-28.022673,152.132916,APAC
Z00217,-36.659734,175.881806,APAC
Z00218,18.226238,77.773634,APAC
Z00219,39.35784,-94.728073,NAM
Z00220,-5.856845,106.952561,APAC
Z00221,52.971014,-5.280118,EMEA
Z00222,44.277843,-92.642203,NAM
Z00223,48.884198,15.923719,EMEA
Z00224,47.632068,-121.864451,NAM
Z00225,-32.778432,151.960391,APAC
Z00226,13.97695,77.343792,APAC
Z00227,51.671709,12.531926,EMEA
Z00228,17.298441,78.550966,APAC
Z00229,45.064709,18.860548,EMEA
Z00230,54.254037,-6.127682,EMEA
Z00231,44.729261,9.473424,EMEA
Z00232,-34.013579,152.868854,APAC
Z00233,38.776286,25.824094,EMEA
Z00234,48.774292,4.588289,EMEA
Z00235,20.423504,-103.89129,LATAM
Z00236,32.903639,-96.805171,NAM
Z00237,48.58417,16.557715,EMEA
Z00238,35.721664,139.4383,APAC
Z00239,35.128329,135.457494,APAC
Z00240,38.953728,24.38454,EMEA
Z00241,40.401024,117.079385,APAC
Z00242,-5.858323,106.591939,APAC
Z00243,35.530104,-112.692248,NAM
Z00244,38.598744,-75.829825,NAM
Z00245,41.458613,1.842605,EMEA
Z00246,38.301314,-89.173572,NAM
Z00247,38.944544,-89.348953,NAM
Z00248,52.488631,5.596563,EMEA
Z00249,38.684225,-91.135778,NAM
Z00250,38.989085,-94.681828,NAM
Z00251,41.130044,-73.541379,NAM
Z00252,52.567769,-4.996118,EMEA
Z00253,-5.474745,105.056363,APAC
Z00254,35.07447,136.309114,APAC
Z00255,33.375334,-96.485322,NAM
Z00256,45.572394,-93.219282,NAM
Z00257,45.562817,9.147406,EMEA
Z00258,29.034915,47.955626,EMEA
Z00259,23.233648,72.543377,APAC
Z00260,10.96932,76.571442,APAC
Z00261,40.059633,117.934602,APAC
Z00262,46.473098,-91.0717,NAM
Z00263,58.651164,10.093788,EMEA
Z00264,46.651287,-120.738515,NAM
Z00265,22.599713,-102.955547,LATAM
Z00266,47.382086,4.815129,EMEA
Z00267,10.406557,108.224014,APAC
Z00268,34.119182,135.974871,APAC
Z00269,39.072114,-76.490271,NAM
Z00270,48.115851,17.092633,EMEA
Z00271,-33.799333,151.083056,APAC
Z00272,-7.31423,106.012216,APAC
Z00273,28.825333,31.040628,EMEA
Z00274,13.606089,78.294609,APAC
Z00275,-28.04547,155.052184,APAC
Z00276,41.760724,1.607975,EMEA
Z00277,29.679605,49.158391,EMEA
Z00278,29.048438,49.05319,EMEA
Z00279,51.641554,15.026476,EMEA
Z00280,29.618288,49.164818,EMEA
Z00281,33.849747,-112.162314,NAM
Z00282,23.888367,88.878184,APAC
Z00283,14.835993,121.51561,APAC
Z00284,-4.768436,108.254872,APAC
Z00285,3.720988,102.55801,APAC
Z00286,9.745254,106.612596,APAC
Z00287,17.053174,74.334062,APAC
Z00288,13.969633,78.448262,APAC
Z00289,55.273545,-5.592908,EMEA
Z00290,32.300058,-96.785365,NAM
Z00291,44.938949,-95.425521,NAM
Z00292,52.077848,2.944305,EMEA
Z00293,44.251453,-124.545507,NAM
Z00294,46.769724,-120.974986,NAM
Z00295,-23.913604,-46.477415,LATAM
Z00296,59.469106,10.264784,EMEA
Z00297,-26.349246,152.314956,APAC
Z00298,40.908532,-94.230732,NAM
Z00299,-27.67962,152.850582,APAC
Z00300,-35.847074,175.472984,APAC
Z00301,39.126364,-74.543509,NAM
Z00302,-34.479683,151.162449,APAC
Z00303,27.696993,48.207941,EMEA
Z00304,59.763891,14.503232,EMEA
Z00305,57.952987,9.062129,EMEA
Z00306,51.274055,-0.789977,EMEA
Z00307,34.520007,138.550343,APAC
Z00308,49.126206,-122.888028,NAM
Z00309,62.426994,10.195192,EMEA
Z00310,52.316639,14.07404,EMEA
Z00311,-33.448443,18.525671,EMEA
Z00312,17.180509,78.392942,APAC
Z00313,52.154546,-3.906517,EMEA
Z00314,1.874884,102.884979,APAC
Z00315,22.816039,113.357854,APAC
Z00316,32.142637,-96.160944,NAM
Z00317,35.725959,-80.438605,NAM
Z00318,-23.695566,-45.663302,LATAM
Z00319,53.862547,-7.32445,EMEA
Z00320,-27.750997,150.909692,APAC
Z00321,38.907293,-77.566115,NAM
Z00322,41.510584,116.121832,APAC
Z00323,19.977294,73.312781,APAC
Z00324,-36.627796,173.614565,APAC
Z00325,30.005888,30.446352,EMEA
Z00326,32.820844,-9.32656,EMEA
Z00327,39.753927,-95.174646,NAM
Z00328,49.136541,1.412416,EMEA
Z00329,42.158172,-87.750738,NAM
Z00330,30.776018,48.643237,EMEA
Z00331,39.27945,-92.086722,NAM
Z00332,-32.716761,151.094347,APAC
Z00333,46.834389,17.247256,EMEA
Z00334,35.148024,50.57876,EMEA
Z00335,53.820219,-5.278117,EMEA
Z00336,-34.647592,18.892941,EMEA
Z00337,33.805368,-7.713202,EMEA
Z00338,-35.481077,20.088562,EMEA
Z00339,39.693876,116.378222,APAC
Z00340,11.238087,105.816763,APAC
Z00341,39.189796,-90.780134,NAM
Z00342,41.165226,-71.83633,NAM
Z00343,40.545849,-74.379403,NAM
Z00344,13.700182,118.634519,APAC
Z00345,38.166795,-89.611943,NAM
Z00346,-25.451679,-47.637925,LATAM
Z00347,47.791909,-123.292208,NAM
Z00348,33.703344,-6.814819,EMEA
Z00349,-34.78779,19.30193,EMEA
Z00350,32.364028,-95.789686,NAM
Z00351,47.563172,16.104088,EMEA
Z00352,21.767074,-104.88858,LATAM
Z00353,34.703102,51.110247,EMEA
Z00354,41.188298,2.174563,EMEA
Z00355,35.569921,-82.01856,NAM
Z00356,47.219528,-118.874452,NAM
Z00357,52.640796,8.858687,EMEA
Z00358,23.092881,113.529899,APAC
Z00359,20.328643,-102.768527,LATAM
Z00360,46.067156,-123.513989,NAM
Z00361,38.928481,-2.2168,EMEA
Z00362,20.987789,73.032027,APAC
Z00363,38.912211,-88.024384,NAM
Z00364,50.213129,-1.825688,EMEA
Z00365,2.757665,101.517738,APAC
Z00366,41.654491,-86.612557,NAM
Z00367,36.042984,52.844747,EMEA
Z00368,35.739929,-9.083653,EMEA
Z00369,38.394697,-90.461115,NAM
Z00370,2.799111,101.857695,APAC
Z00371,49.846345,18.754271,EMEA
Z00372,40.704056,-92.291368,NAM
Z00373,41.259475,115.367163,APAC
Z00374,-7.68296,105.093142,APAC
Z00375,38.673972,127.753385,APAC
Z00376,51.26935,0.984009,EMEA
Z00377,17.378853,78.606039,APAC
Z00378,50.499474,3.451583,EMEA
Z00379,38.011921,125.533873,APAC
Z00380,51.219094,-0.047224,EMEA
Z00381,34.124375,-81.470695,NAM
Z00382,-6.999566,106.820119,APAC
Z00383,10.858656,106.982099,APAC
Z00384,34.924469,135.789224,APAC
Z00385,19.999527,74.018502,APAC
Z00386,52.238426,4.845791,EMEA
Z00387,2.23934,101.749339,APAC
Z00388,33.852417,-97.244712,NAM
Z00389,22.216039,72.260339,APAC
Z00390,-26.915931,152.907703,APAC
Z00391,45.606855,-122.71372,NAM
Z00392,38.135521,23.929379,EMEA
Z00393,22.150076,88.880291,APAC
Z00394,43.256506,-88.851489,NAM
Z00395,53.298564,-5.711396,EMEA
Z00396,41.80337,-6.051807,EMEA
Z00397,50.818193,0.464534,EMEA
Z00398,51.216097,-0.786051,EMEA
Z00399,12.312975,76.583905,APAC
Z00400,14.170241,121.28516,APAC
Z00401,31.500658,48.130267,EMEA
Z00402,34.970973,139.427075,APAC
Z00403,22.157747,114.177094,APAC
Z00404,40.414843,-76.413989,NAM
Z00405,29.170225,47.539087,EMEA
Z00406,44.998952,-121.235289,NAM
Z00407,47.342919,18.451488,EMEA
Z00408,40.28879,-88.832534,NAM
Z00409,-35.768145,-57.044962,LATAM
Z00410,-28.720507,153.459797,APAC
Z00411,38.633316,117.887549,APAC
Z00412,-5.828235,107.020634,APAC
Z00413,32.247928,30.320683,EMEA
Z00414,41.023676,-87.36983,NAM
Z00415,-33.255302,150.581642,APAC
Z00416,27.932038,47.432799,EMEA
Z00417,40.572714,-3.937643,EMEA
Z00418,46.120262,-94.223041,NAM
Z00419,52.319009,13.208689,EMEA
Z00420,41.84958,1.867786,EMEA
Z00421,-36.648661,173.987415,APAC
Z00422,-32.284495,151.09376,APAC
Z00423,-35.038129,153.88493,APAC
Z00424,19.66374,-104.570642,LATAM
Z00425,52.221943,4.745165,EMEA
Z00426,38.9736,-72.280815,NAM
Z00427,22.090127,88.064066,APAC
Z00428,33.183026,-96.533153,NAM
Z00429,3.553358,101.444672,APAC
Z00430,50.380589,12.152397,EMEA
Z00431,48.772344,-121.442825,NAM
Z00432,-36.45636,176.986064,APAC
Z00433,46.790348,13.332171,EMEA
Z00434,-33.914709,150.935106,APAC
Z00435,30.297433,31.368266,EMEA
Z00436,-32.321781,151.852399,APAC
Z00437,41.482885,1.925421,EMEA
Z00438,-33.232322,-60.096877,LATAM
Z00439,18.905584,72.11544,APAC
Z00440,-33.422136,19.667442,EMEA
Z00441,37.3263,-89.309387,NAM
Z00442,-27.594868,153.083753,APAC
Z00443,35.535341,138.270337,APAC
Z00444,-35.521327,-58.13451,LATAM
Z00445,35.109574,53.026957,EMEA
Z00446,29.191949,47.918999,EMEA
Z00447,42.235108,0.149007,EMEA
Z00448,20.681539,72.657681,APAC
Z00449,52.434672,13.303183,EMEA
Z00450,39.062861,-89.48457,NAM
Z00451,-32.684487,18.38719,EMEA
Z00452,23.227781,72.27321,APAC
Z00453,19.060868,72.664851,APAC
Z00454,-23.399745,-46.431076,LATAM
Z00455,45.293987,-123.664222,NAM
Z00456,40.910351,-95.148103,NAM
Z00457,41.891626,-88.57116,NAM
Z00458,31.589186,32.064041,EMEA
Z00459,38.591453,-89.678502,NAM
Z00460,20.065196,-103.364898,LATAM
Z00461,35.522948,140.668783,APAC
Z00462,52.388159,15.948018,EMEA
Z00463,-27.255127,152.624876,APAC
Z00464,-27.496741,153.245872,APAC
Z00465,35.235841,-81.679511,NAM
Z00466,42.036673,1.083139,EMEA
Z00467,21.299963,-103.063558,LATAM
Z00468,47.208375,-121.283052,NAM
Z00469,22.330983,75.021645,APAC
Z00470,14.946557,121.23776,APAC
Z00471,40.942445,119.251428,APAC
Z00472,16.929201,77.827033,APAC
Z00473,36.934959,127.177704,APAC
Z00474,51.012403,14.564213,EMEA
Z00475,4.429657,3.786255,EMEA
Z00476,18.504971,72.31192,APAC
Z00477,16.309079,80.805755,APAC
Z00478,51.538563,-0.414309,EMEA
Z00479,18.340561,73.676206,APAC
Z00480,45.585712,-91.205827,NAM
Z00481,38.204187,24.161991,EMEA
Z00482,32.892447,-8.576413,EMEA
Z00483,49.678614,15.380754,EMEA
Z00484,54.029293,-6.939741,EMEA
Z00485,36.691734,25.690174,EMEA
Z00486,20.534391,72.873225,APAC
Z00487,-33.995845,-59.073823,LATAM
Z00488,52.163381,-2.04531,EMEA
Z00489,-33.553141,150.871347,APAC
Z00490,29.694797,45.349249,EMEA
Z00491,48.003482,16.871516,EMEA
Z00492,37.760103,-90.484614,NAM
Z00493,-26.057725,152.552134,APAC
Z00494,21.829079,89.133095,APAC
Z00495,36.826336,-80.139392,NAM
Z00496,40.696362,2.326534,EMEA
Z00497,31.977594,-98.035482,NAM
Z00498,29.488144,30.770491,EMEA
Z00499,29.511863,47.85105,EMEA
Z00500,47.902159,4.171178,EMEA
Z00501,43.426605,-124.276174,NAM
Z00502,2.012672,101.782583,APAC
Z00503,40.874685,115.789653,APAC
Z00504,44.504847,-91.620183,NAM
Z00505,-33.939194,151.271726,APAC
Z00506,23.855134,71.311639,APAC
Z00507,52.866517,14.80493,EMEA
Z00508,51.7055,0.097308,EMEA
Z00509,45.366208,-122.885714,NAM
Z00510,48.257818,17.284562,EMEA
Z00511,40.312451,4.661183,EMEA
Z00512,5.891556,2.750271,EMEA
Z00513,41.893034,-87.457771,NAM
Z00514,41.313666,-88.316484,NAM
Z00515,-28.903934,154.009291,APAC
Z00516,-23.482611,-46.089621,LATAM
Z00517,47.738524,14.223575,EMEA
Z00518,39.921932,-79.014855,NAM
Z00519,-31.760198,17.549279,EMEA
Z00520,40.919667,-93.942546,NAM
Z00521,36.081354,140.912762,APAC
Z00522,46.475976,11.863211,EMEA
Z00523,41.735308,-87.664358,NAM
Z00524,-39.067205,174.390456,APAC
Z00525,40.684009,117.03434,APAC
Z00526,-36.769574,174.831066,APAC
Z00527,36.677954,22.356363,EMEA
Z00528,47.556884,18.950392,EMEA
Z00529,36.24233,-82.12418,NAM
Z00530,-35.837349,175.489959,APAC
Z00531,32.447734,-97.465306,NAM
Z00532,34.384199,52.971006,EMEA
Z00533,33.268174,-112.27515,NAM
Z00534,31.2252,-111.842313,NAM
Z00535,33.831653,-82.253935,NAM
Z00536,34.849957,140.573998,APAC
Z00537,53.290429,13.134953,EMEA
Z00538,46.983477,-122.226377,NAM
Z00539,29.288406,47.622194,EMEA
Z00540,42.970412,8.803073,EMEA
Z00541,23.162966,113.660134,APAC
Z00542,45.703478,9.572676,EMEA
Z00543,-28.502962,154.162109,APAC
Z00544,39.247745,-93.693115,NAM
Z00545,20.428011,-103.263513,LATAM
Z00546,32.847557,-5.68406,EMEA
Z00547,2.726422,102.050859,APAC
Z00548,40.109058,-77.334828,NAM
Z00549,39.34809,-96.882018,NAM
Z00550,39.300685,-91.715153,NAM
Z00551,41.78785,3.224488,EMEA
Z00552,32.557277,-113.545916,NAM
Z00553,39.692436,-76.675045,NAM
Z00554,17.732896,73.465346,APAC
Z00555,10.818019,106.529459,APAC
Z00556,54.046206,-6.305838,EMEA
Z00557,39.047466,-94.049333,NAM
Z00558,53.056966,13.038649,EMEA
Z00559,19.447936,77.057773,APAC
Z00560,45.614602,-122.196912,NAM
Z00561,35.069636,-81.250391,NAM
Z00562,48.893786,17.572858,EMEA
Z00563,53.426403,5.305785,EMEA
Z00564,48.36827,-121.879765,NAM
Z00565,-36.427157,174.345052,APAC
Z00566,37.99826,-93.35529,NAM
Z00567,-33.577998,152.600702,APAC
Z00568,34.270397,50.777637,EMEA
Z00569,19.476529,71.742833,APAC
Z00570,-33.121905,151.300467,APAC
Z00571,-34.072596,151.645912,APAC
Z00572,-25.053373,-46.490197,LATAM
Z00573,46.311937,-123.933023,NAM
Z00574,22.110386,87.946387,APAC
Z00575,45.786852,8.226653,EMEA
Z00576,35.50941,-80.436774,NAM
Z00577,50.111546,14.328008,EMEA
Z00578,-6.330378,106.301467,APAC
Z00579,36.103033,141.33012,APAC
Z00580,36.033767,50.691796,EMEA
Z00581,28.223956,31.69031,EMEA
Z00582,13.490707,75.194365,APAC
Z00583,30.984469,49.053329,EMEA
Z00584,40.898023,-73.903762,NAM
Z00585,29.883535,32.334049,EMEA
Z00586,37.672439,-77.761513,NAM
Z00587,51.356531,0.102134,EMEA
Z00588,18.438334,73.498093,APAC
Z00589,44.79973,-94.500834,NAM
Z00590,44.065991,-123.723854,NAM
Z00591,28.925005,47.039166,EMEA
Z00592,36.344407,138.584272,APAC
Z00593,47.723404,1.052338,EMEA
Z00594,50.808829,15.647844,EMEA
Z00595,34.209789,-112.394342,NAM
Z00596,-35.751619,174.140427,APAC
Z00597,33.849959,-111.99253,NAM
Z00598,52.701311,10.936883,EMEA
Z00599,29.055571,45.597925,EMEA
Z00600,46.61994,17.630982,EMEA
Z00601,35.34662,139.392497,APAC
Z00602,12.798372,77.586981,APAC
Z00603,48.425674,14.085536,EMEA
Z00604,53.500659,10.763311,EMEA
Z00605,54.106677,12.532702,EMEA
Z00606,38.22231,-76.813496,NAM
Z00607,45.217447,6.719035,EMEA
Z00608,37.08616,-79.079428,NAM
Z00609,47.99277,12.839319,EMEA
Z00610,47.683362,-121.785017,NAM
Z00611,41.306544,0.869098,EMEA
Z00612,52.665852,-1.202706,EMEA
Z00613,20.496331,-103.446129,LATAM
Z00614,60.483972,12.087029,EMEA
Z00615,23.429576,86.479173,APAC
Z00616,36.542329,-91.764128,NAM
Z00617,17.646801,77.187107,APAC
Z00618,34.055426,-113.725035,NAM
Z00619,33.439195,-81.458987,NAM
Z00620,-35.172954,16.379973,EMEA
Z00621,38.980719,-94.161622,NAM
Z00622,34.888854,140.489757,APAC
Z00623,20.774124,-103.622246,LATAM
Z00624,22.952213,71.85998,APAC
Z00625,13.518422,77.410912,APAC
Z00626,47.195372,-122.208441,NAM
Z00627,34.884412,49.05233,EMEA
Z00628,42.998649,4.725237,EMEA
Z00629,31.871981,-97.93506,NAM
Z00630,-35.470987,-57.582813,LATAM
Z00631,3.660475,100.693414,APAC
Z00632,33.217295,136.391611,APAC
Z00633,41.975912,-87.80446,NAM
Z00634,21.387604,114.62087,APAC
Z00635,35.012627,-111.211163,NAM
Z00636,13.96066,121.796398,APAC
Z00637,29.459117,47.969958,EMEA
Z00638,42.278326,-72.357598,NAM
Z00639,-23.678681,-46.782089,LATAM
Z00640,33.777451,133.563631,APAC
Z00641,22.879432,72.719956,APAC
Z00642,36.43056,125.327661,APAC
Z00643,33.34537,-96.891063,NAM
Z00644,28.959261,48.401166,EMEA
Z00645,59.004911,10.057346,EMEA
Z00646,52.540518,-5.932436,EMEA
Z00647,-35.012803,-57.712838,LATAM
Z00648,12.417238,77.471774,APAC
Z00649,22.351311,88.900921,APAC
Z00650,42.870386,-3.039322,EMEA
Z00651,22.420495,88.573248,APAC
Z00652,32.00665,-97.096666,NAM
Z00653,30.671949,29.208804,EMEA
Z00654,-34.880354,18.710155,EMEA
Z00655,-38.65148,175.926235,APAC
Z00656,32.639427,-7.211176,EMEA
Z00657,39.737879,116.435476,APAC
Z00658,35.224774,-81.011928,NAM
Z00659,41.048575,-74.143979,NAM
Z00660,48.582045,14.545577,EMEA
Z00661,11.683176,106.599679,APAC
Z00662,38.001221,-95.064274,NAM
Z00663,-35.974635,17.841206,EMEA
Z00664,-22.596962,-46.763643,LATAM
Z00665,21.098785,-103.229373,LATAM
Z00666,47.438017,-120.163717,NAM
Z00667,53.50514,-5.841873,EMEA
Z00668,47.662008,3.170835,EMEA
Z00669,33.803966,-9.08269,EMEA
Z00670,21.706353,88.320009,APAC
Z00671,34.138262,-5.701481,EMEA
Z00672,12.812489,119.61897,APAC
Z00673,27.585776,30.677893,EMEA
Z00674,47.528064,18.889981,EMEA
Z00675,52.545939,14.00495,EMEA
Z00676,37.403353,125.721675,APAC
Z00677,50.110656,15.911741,EMEA
Z00678,21.328889,72.326219,APAC
Z00679,24.598669,70.66501,APAC
Z00680,29.37696,48.069618,EMEA
Z00681,47.662518,0.201704,EMEA
Z00682,21.407034,87.999753,APAC
Z00683,5.14039,4.762684,EMEA
Z00684,48.159462,2.153099,EMEA
Z00685,15.956806,78.624219,APAC
Z00686,42.562061,3.265293,EMEA
Z00687,-21.945453,-45.73231,LATAM
Z00688,12.711831,75.384327,APAC
Z00689,-6.196864,106.718738,APAC
Z00690,6.452357,3.106714,EMEA
Z00691,47.308667,-123.067596,NAM
Z00692,45.102674,-93.732477,NAM
Z00693,39.864154,116.681841,APAC
Z00694,2.388923,101.389429,APAC
Z00695,44.958793,-93.103357,NAM
Z00696,3.333163,101.75977,APAC
Z00697,-23.697487,-47.412459,LATAM
Z00698,-37.860979,176.043076,APAC
Z00699,-27.420298,153.250391,APAC
Z00700,50.345681,4.353631,EMEA
Z00701,42.009062,-2.709832,EMEA
Z00702,14.944743,121.375664,APAC
Z00703,30.838663,45.919477,EMEA
Z00704,15.683036,119.676732,APAC
Z00705,20.810061,-102.627107,LATAM
Z00706,15.63899,120.353895,APAC
Z00707,35.394561,-78.109401,NAM
Z00708,10.360488,106.765177,APAC
Z00709,52.900055,6.876325,EMEA
Z00710,46.638147,18.236656,EMEA
Z00711,-33.851093,18.737697,EMEA
Z00712,37.609371,129.946772,APAC
Z00713,-33.996266,-57.773432,LATAM
Z00714,32.706356,-112.379131,NAM
Z00715,14.36091,76.488045,APAC
Z00716,21.545658,88.973211,APAC
Z00717,38.488648,-90.196494,NAM
Z00718,44.623376,-93.427823,NAM
Z00719,30.551812,46.752573,EMEA
Z00720,24.002348,112.173825,APAC
Z00721,46.899809,2.968416,EMEA
Z00722,33.949287,134.951196,APAC
Z00723,54.205374,14.588537,EMEA
Z00724,12.843932,120.883115,APAC
Z00725,39.840476,-74.729236,NAM
Z00726,12.527175,78.378092,APAC
Z00727,47.780502,21.38135,EMEA
Z00728,20.308924,-104.148035,LATAM
Z00729,45.474977,9.41297,EMEA
Z00730,44.405022,-91.720648,NAM
Z00731,50.145175,3.108202,EMEA
Z00732,23.367218,113.064324,APAC
Z00733,33.313051,-111.997562,NAM
Z00734,18.971832,74.721591,APAC
Z00735,38.350345,-92.240337,NAM
Z00736,-21.552554,-47.236453,LATAM
Z00737,39.172948,-94.747996,NAM
Z00738,-23.794948,-48.008601,LATAM
Z00739,44.797783,7.95106,EMEA
Z00740,-22.857536,-46.778211,LATAM
Z00741,13.85889,121.98517,APAC
Z00742,38.174276,126.464023,APAC
Z00743,21.570175,114.344675,APAC
Z00744,-27.879037,153.881567,APAC
Z00745,-34.000781,19.410771,EMEA
Z00746,19.183192,74.835883,APAC
Z00747,33.436484,50.562369,EMEA
Z00748,35.954677,139.674393,APAC
Z00749,-36.134475,175.40398,APAC
Z00750,-25.060006,-45.572938,LATAM
Z00751,32.668381,-7.38413,EMEA
Z00752,29.829911,47.454486,EMEA
Z00753,35.493676,137.92843,APAC
Z00754,24.447276,72.198892,APAC
Z00755,39.161563,115.284865,APAC
Z00756,52.560607,6.754465,EMEA
Z00757,30.569591,49.142851,EMEA
Z00758,35.697998,-81.32864,NAM
Z00759,-34.482849,18.307345,EMEA
Z00760,22.011054,114.112099,APAC
Z00761,34.947142,140.769876,APAC
Z00762,36.313237,-83.143785,NAM
Z00763,-32.590333,150.534981,APAC
Z00764,24.414376,112.896064,APAC
Z00765,-7.269015,104.541459,APAC
Z00766,38.102855,-90.578834,NAM
Z00767,-22.111807,-47.622904,LATAM
Z00768,29.779458,31.012077,EMEA
Z00769,-7.011271,108.510477,APAC
Z00770,32.392063,-96.283933,NAM
Z00771,20.742851,-103.441952,LATAM
Z00772,39.667988,-2.024967,EMEA
Z00773,45.831877,8.148378,EMEA
Z00774,-34.225333,-57.304182,LATAM
Z00775,18.004408,74.38935,APAC
Z00776,40.124145,3.224879,EMEA
Z00777,41.917717,-75.37123,NAM
Z00778,54.769437,-5.168372,EMEA
Z00779,14.480302,120.51815,APAC
Z00780,21.281744,-103.581333,LATAM
Z00781,-33.35658,-57.018574,LATAM
Z00782,46.072699,-120.801436,NAM
Z00783,50.656306,16.328649,EMEA
Z00784,48.425244,16.646234,EMEA
Z00785,5.34164,1.80548,EMEA
Z00786,50.169261,2.039824,EMEA
Z00787,39.448853,-95.509948,NAM
Z00788,29.807151,31.231022,EMEA
Z00789,33.734362,-7.653045,EMEA
Z00790,22.675149,87.996681,APAC
Z00791,3.664148,100.784737,APAC
Z00792,-25.894243,153.370613,APAC
Z00793,-34.595025,-57.248956,LATAM
Z00794,39.394862,-73.603481,NAM
Z00795,46.954749,15.093983,EMEA
Z00796,7.273389,3.117886,EMEA
Z00797,11.767744,108.043135,APAC
Z00798,21.93909,88.647811,APAC
Z00799,47.166733,-121.237442,NAM
Z00800,34.168519,-7.041606,EMEA
Z00801,35.889368,-82.983444,NAM
Z00802,42.640702,0.580401,EMEA
Z00803,54.476733,-4.184384,EMEA
Z00804,52.136908,-6.128199,EMEA
Z00805,31.532735,30.95718,EMEA
Z00806,30.041412,30.864779,EMEA
Z00807,39.188459,-77.035361,NAM
Z00808,3.50398,102.70501,APAC
Z00809,35.660094,126.618827,APAC
Z00810,52.670904,-3.313203,EMEA
Z00811,23.806588,89.255544,APAC
Z00812,-35.440177,176.263841,APAC
Z00813,8.025483,1.359007,EMEA
Z00814,45.804992,9.395548,EMEA
Z00815,50.24022,15.741556,EMEA
Z00816,29.27372,31.558565,EMEA
Z00817,20.853887,88.546364,APAC
Z00818,48.632725,12.250262,EMEA
Z00819,23.827068,73.441147,APAC
Z00820,41.6587,1.604618,EMEA
Z00821,51.862584,-6.332287,EMEA
Z00822,-23.548681,-46.749313,LATAM
Z00823,35.769696,49.740712,EMEA
Z00824,31.924534,-6.95853,EMEA
Z00825,10.77686,105.773526,APAC
Z00826,18.585496,76.973942,APAC
Z00827,-25.111098,-46.487362,LATAM
Z00828,41.857409,3.340355,EMEA
Z00829,12.996648,77.428939,APAC
Z00830,31.891392,-6.920612,EMEA
Z00831,20.457004,-103.351929,LATAM
Z00832,44.905234,-90.668576,NAM
Z00833,45.322235,10.197861,EMEA
Z00834,-24.938775,-48.060378,LATAM
Z00835,38.989643,-76.812076,NAM
Z00836,-24.437136,-47.10472,LATAM
Z00837,35.366556,49.858269,EMEA
Z00838,47.865599,-119.872982,NAM
Z00839,36.334161,51.065984,EMEA
Z00840,47.417016,18.677078,EMEA
Z00841,53.010032,13.063004,EMEA
Z00842,47.760365,3.36669,EMEA
Z00843,40.64524,-75.951019,NAM
Z00844,37.420438,126.374063,APAC
Z00845,51.476918,-0.469518,EMEA
Z00846,53.715331,6.951657,EMEA
Z00847,39.685153,115.1366,APAC
Z00848,47.769539,19.63275,EMEA
Z00849,29.931952,46.039599,EMEA
Z00850,13.212783,75.209386,APAC
Z00851,-33.227623,149.09504,APAC
Z00852,34.996743,-8.656693,EMEA
Z00853,-33.630278,17.36854,EMEA
Z00854,-33.585938,17.992433,EMEA
Z00855,34.905221,133.24876,APAC
Z00856,12.279667,106.515409,APAC
Z00857,21.656745,113.358122,APAC
Z00858,18.687748,78.822089,APAC
Z00859,-24.797869,-45.097581,LATAM
Z00860,43.659063,1.293088,EMEA
Z00861,48.565849,3.868628,EMEA
Z00862,32.442942,-7.985507,EMEA
Z00863,36.314908,126.423192,APAC
Z00864,17.337765,78.414508,APAC
Z00865,36.720113,50.038901,EMEA
Z00866,-27.377449,152.986403,APAC
Z00867,43.967519,-95.13019,NAM
Z00868,41.395335,117.934467,APAC
Z00869,53.421398,14.562455,EMEA
Z00870,40.099983,-75.526485,NAM
Z00871,29.235591,48.432865,EMEA
Z00872,48.16847,16.2107,EMEA
Z00873,49.048034,2.590898,EMEA
Z00874,-33.526522,17.50172,EMEA
Z00875,40.165727,-4.211206,EMEA
Z00876,19.113143,71.483609,APAC
Z00877,34.351535,-79.814383,NAM
Z00878,50.373803,17.124859,EMEA
Z00879,-34.863116,-58.606127,LATAM
Z00880,48.885559,16.156856,EMEA
Z00881,-35.378776,-57.537013,LATAM
Z00882,17.162907,79.381893,APAC
Z00883,-27.763394,151.054553,APAC
Z00884,21.975202,89.760616,APAC
Z00885,10.229364,105.802832,APAC
Z00886,22.418384,114.155359,APAC
Z00887,15.252099,121.780121,APAC
Z00888,22.685733,113.99433,APAC
Z00889,32.938694,-7.722215,EMEA
Z00890,46.82365,16.732528,EMEA
Z00891,38.789904,-90.286428,NAM
Z00892,23.665643,71.790358,APAC
Z00893,-32.234245,153.08339,APAC
Z00894,35.436061,-81.192957,NAM
Z00895,42.475064,-87.124143,NAM
Z00896,-24.243487,-44.793998,LATAM
Z00897,40.686965,1.212107,EMEA
Z00898,37.231967,-94.505037,NAM
Z00899,32.868696,-8.356012,EMEA
Z00900,28.138442,31.157378,EMEA
Z00901,47.390065,19.336587,EMEA
Z00902,49.566475,14.360644,EMEA
Z00903,22.06048,114.075244,APAC
Z00904,0.71879,101.79226,APAC
Z00905,52.145688,14.186122,EMEA
Z00906,47.01169,-122.110773,NAM
Z00907,53.636803,-8.264983,EMEA
Z00908,40.517255,-4.775832,EMEA
Z00909,47.978404,-122.243486,NAM
Z00910,38.488915,-88.710235,NAM
Z00911,49.89105,13.683574,EMEA
Z00912,47.463382,2.984566,EMEA
Z00913,48.556788,2.412448,EMEA
Z00914,31.873366,-94.811389,NAM
Z00915,14.261365,120.686601,APAC
Z00916,38.075301,-4.908491,EMEA
Z00917,40.659826,1.54186,EMEA
Z00918,52.7802,13.532131,EMEA
Z00919,39.639132,-79.541307,NAM
Z00920,38.525186,-90.17471,NAM
Z00921,39.789345,-75.009952,NAM
Z00922,59.79768,10.480713,EMEA
Z00923,37.131832,51.065805,EMEA
Z00924,23.809043,114.510235,APAC
Z00925,47.489492,-122.538228,NAM
Z00926,32.690186,-112.332299,NAM
Z00927,48.482714,-124.934481,NAM
Z00928,19.559087,72.69225,APAC
Z00929,22.363734,74.141722,APAC
Z00930,3.633119,102.947122,APAC
Z00931,-31.731829,18.048111,EMEA
Z00932,44.726567,-96.777294,NAM
Z00933,35.18693,137.602654,APAC
Z00934,45.011337,-93.500588,NAM
Z00935,28.652475,47.654197,EMEA
Z00936,13.525928,76.355428,APAC
Z00937,32.73465,-96.871285,NAM
Z00938,39.450609,-77.772062,NAM
Z00939,52.589137,7.572628,EMEA
Z00940,42.797226,-86.859693,NAM
Z00941,30.227033,30.978994,EMEA
Z00942,29.974666,47.762682,EMEA
Z00943,47.527754,1.371538,EMEA
Z00944,43.674895,-121.851601,NAM
Z00945,47.549596,15.624695,EMEA
Z00946,39.025072,-95.112724,NAM
Z00947,-37.904454,176.355769,APAC
Z00948,17.551543,71.611527,APAC
Z00949,-27.604331,154.233518,APAC
Z00950,39.016925,23.802422,EMEA
Z00951,40.023281,24.806917,EMEA
Z00952,34.685894,-8.211554,EMEA
Z00953,20.938514,-102.093733,LATAM
Z00954,2.665221,101.485815,APAC
Z00955,35.727978,139.020965,APAC
Z00956,37.03652,-91.793405,NAM
Z00957,39.212405,-96.784825,NAM
Z00958,49.392326,2.022225,EMEA
Z00959,42.67741,-73.712255,NAM
Z00960,37.249559,-75.947084,NAM
Z00961,45.040109,8.854584,EMEA
Z00962,21.477125,-101.674401,LATAM
Z00963,52.843003,11.544919,EMEA
Z00964,20.85388,72.948993,APAC
Z00965,36.030324,51.092309,EMEA
Z00966,38.571917,-3.364808,EMEA
Z00967,10.385377,105.860254,APAC
Z00968,47.348214,20.687022,EMEA
Z00969,6.140668,3.641679,EMEA
Z00970,40.712379,-5.972305,EMEA
Z00971,40.984565,2.920022,EMEA
Z00972,36.459639,50.888347,EMEA
Z00973,45.415462,-122.921881,NAM
Z00974,52.265384,4.778181,EMEA
Z00975,-22.164555,-46.603422,LATAM
Z00976,-32.854328,16.940458,EMEA
Z00977,37.902128,124.68709,APAC
Z00978,3.257628,100.935446,APAC
Z00979,32.762281,-95.809127,NAM
Z00980,-21.622706,-46.183024,LATAM
Z00981,50.003821,13.662663,EMEA
Z00982,3.300583,99.167376,APAC
Z00983,19.056968,72.784431,APAC
Z00984,22.358164,114.044257,APAC
Z00985,53.740675,5.43589,EMEA
Z00986,34.072152,135.121078,APAC
Z00987,35.747593,-82.626307,NAM
Z00988,-36.31157,-58.139348,LATAM
Z00989,6.320319,3.519253,EMEA
Z00990,-34.032567,151.216084,APAC
Z00991,15.920376,122.357822,APAC
Z00992,36.34156,138.311346,APAC
Z00993,40.591164,3.097276,EMEA
Z00994,42.614723,2.648989,EMEA
Z00995,34.762972,-82.974235,NAM
Z00996,-32.631054,149.773574,APAC
Z00997,31.874594,-95.272914,NAM
Z00998,40.576926,3.24032,EMEA
Z00999,39.538308,-91.205563,NAM
Z01000,3.781251,103.381906,APAC
