hub_id,part_id
H001,P0002
H001,P0003
H001,P0004
H001,P0005
H001,P0006
H001,P0007
H001,P0008
H001,P0009
H001,P0010
H001,P0011
H001,P0012
H001,P0013
H001,P0014
H001,P0015
H001,P0016
H001,P0018
H001,P0019
H001,P0020
H001,P0021
H001,P0022
H001,P0023
H001,P0024
H001,P0025
H001,P0026
H001,P0027
H001,P0028
H001,P0029
H001,P0030
H001,P0033
H001,P0037
H001,P0038
H001,P0039
H001,P0040
H001,P0041
H001,P0042
H001,P0045
H001,P0047
H001,P0049
H001,P0050
H001,P0051
H001,P0052
H001,P0054
H001,P0055
H001,P0056
H001,P0058
H001,P0059
H001,P0060
H001,P0061
H001,P0062
H001,P0063
H001,P0064
H001,P0065
H001,P0066
H001,P0067
H001,P0068
H001,P0069
H001,P0070
H001,P0071
H001,P0073
H001,P0075
H001,P0076
H001,P0077
H001,P0078
H001,P0079
H001,P0080
H001,P0082
H001,P0083
H001,P0085
H001,P0086
H001,P0087
H001,P0088
H001,P0090
H001,P0091
H001,P0092
H001,P0093
H001,P0094
H001,P0095
H001,P0098
H001,P0099
H001,P0100
H001,P0101
H001,P0103
H001,P0104
H001,P0105
H001,P0106
H001,P0107
H001,P0109
H001,P0110
H001,P0111
H001,P0112
H001,P0113
H001,P0114
H001,P0115
H001,P0117
H001,P0118
H001,P0120
H001,P0122
H001,P0123
H001,P0125
H001,P0127
H001,P0129
H001,P0130
H001,P0131
H001,P0132
H001,P0133
H001,P0134
H001,P0135
H001,P0137
H001,P0138
H001,P0141
H001,P0142
H001,P0143
H001,P0144
H001,P0145
H001,P0146
H001,P0147
H001,P0148
H001,P0149
H001,P0150
H002,P0001
H002,P0002
H002,P0003
H002,P0004
H002,P0005
H002,P0006
H002,P0007
H002,P0008
H002,P0009
H002,P0010
H002,P0011
H002,P0012
H002,P0013
H002,P0014
H002,P0015
H002,P0016
H002,P0017
H002,P0018
H002,P0020
H002,P0021
H002,P0022
H002,P0023
H002,P0025
H002,P0026
H002,P0027
H002,P0028
H002,P0029
H002,P0030
H002,P0032
H002,P0033
H002,P0034
H002,P0035
H002,P0037
H002,P0038
H002,P0039
H002,P0040
H002,P0043
H002,P0044
H002,P0045
H002,P0046
H002,P0047
H002,P0050
H002,P0051
H002,P0052
H002,P0053
H002,P0054
H002,P0055
H002,P0056
H002,P0058
H002,P0059
H002,P0060
H002,P0061
H002,P0062
H002,P0063
H002,P0064
H002,P0065
H002,P0067
H002,P0068
H002,P0070
H002,P0071
H002,P0073
H002,P0074
H002,P0075
H002,P0076
H002,P0077
H002,P0078
H002,P0080
H002,P0082
H002,P0083
H002,P0085
H002,P0086
H002,P0087
H002,P0088
H002,P0089
H002,P0090
H002,P0091
H002,P0092
H002,P0093
H002,P0095
H002,P0096
H002,P0097
H002,P0098
H002,P0099
H002,P0100
H002,P0101
H002,P0102
H002,P0103
H002,P0104
H002,P0105
H002,P0106
H002,P0107
H002,P0108
H002,P0109
H002,P0110
H002,P0111
H002,P0112
H002,P0113
H002,P0114
H002,P0115
H002,P0116
H002,P0117
H002,P0118
H002,P0119
H002,P0120
H002,P0121
H002,P0123
H002,P0124
H002,P0125
H002,P0127
H002,P0128
H002,P0130
H002,P0131
H002,P0132
H002,P0133
H002,P0134
H002,P0135
H002,P0137
H002,P0138
H002,P0139
H002,P0140
H002,P0141
H002,P0142
H002,P0143
H002,P0144
H002,P0145
H002,P0146
H002,P0147
H002,P0148
H002,P0149
H002,P0150
H003,P0002
H003,P0004
H003,P0006
H003,P0009
H003,P0010
H003,P0011
H003,P0012
H003,P0013
H003,P0016
H003,P0017
H003,P0018
H003,P0020
H003,P0022
H003,P0025
H003,P0027
H003,P0028
H003,P0029
H003,P0030
H003,P0033
H003,P0034
H003,P0035
H003,P0038
H003,P0040
H003,P0042
H003,P0044
H003,P0045
H003,P0047
H003,P0049
H003,P0050
H003,P0052
H003,P0054
H003,P0055
H003,P0057
H003,P0060
H003,P0061
H003,P0063
H003,P0064
H003,P0065
H003,P0066
H003,P0070
H003,P0071
H003,P0073
H003,P0074
H003,P0076
H003,P0077
H003,P0078
H003,P0080
H003,P0085
H003,P0086
H003,P0087
H003,P0088
H003,P0089
H003,P0090
H003,P0092
H003,P0093
H003,P0095
H003,P0099
H003,P0101
H003,P0103
H003,P0104
H003,P0105
H003,P0107
H003,P0109
H003,P0111
H003,P0113
H003,P0114
H003,P0115
H003,P0118
H003,P0119
H003,P0120
H003,P0127
H003,P0132
H003,P0133
H003,P0134
H003,P0135
H003,P0138
H003,P0139
H003,P0141
H003,P0142
H003,P0143
H003,P0146
H003,P0147
H003,P0148
H003,P0150
H004,P0001
H004,P0002
H004,P0003
H004,P0004
H004,P0005
H004,P0006
H004,P0007
H004,P0008
H004,P0009
H004,P0010
H004,P0011
H004,P0013
H004,P0014
H004,P0015
H004,P0016
H004,P0017
H004,P0020
H004,P0022
H004,P0023
H004,P0024
H004,P0025
H004,P0027
H004,P0028
H004,P0029
H004,P0030
H004,P0039
H004,P0040
H004,P0041
H004,P0042
H004,P0045
H004,P0046
H004,P0049
H004,P0050
H004,P0051
H004,P0052
H004,P0054
H004,P0055
H004,P0057
H004,P0058
H004,P0060
H004,P0062
H004,P0064
H004,P0065
H004,P0066
H004,P0068
H004,P0069
H004,P0071
H004,P0073
H004,P0074
H004,P0075
H004,P0076
H004,P0077
H004,P0078
H004,P0079
H004,P0080
H004,P0082
H004,P0083
H004,P0084
H004,P0085
H004,P0086
H004,P0087
H004,P0089
H004,P0090
H004,P0091
H004,P0092
H004,P0093
H004,P0095
H004,P0099
H004,P0101
H004,P0103
H004,P0104
H004,P0105
H004,P0108
H004,P0109
H004,P0110
H004,P0111
H004,P0112
H004,P0115
H004,P0117
H004,P0118
H004,P0120
H004,P0122
H004,P0124
H004,P0125
H004,P0127
H004,P0129
H004,P0130
H004,P0131
H004,P0133
H004,P0134
H004,P0135
H004,P0136
H004,P0137
H004,P0138
H004,P0139
H004,P0141
H004,P0143
H004,P0144
H004,P0145
H004,P0147
H004,P0148
H004,P0149
H004,P0150
H005,P0002
H005,P0003
H005,P0004
H005,P0005
H005,P0006
H005,P0007
H005,P0008
H005,P0009
H005,P0010
H005,P0011
H005,P0012
H005,P0013
H005,P0014
H005,P0015
H005,P0016
H005,P0017
H005,P0018
H005,P0019
H005,P0020
H005,P0021
H005,P0022
H005,P0023
H005,P0024
H005,P0025
H005,P0026
H005,P0027
H005,P0028
H005,P0029
H005,P0030
H005,P0032
H005,P0033
H005,P0035
H005,P0036
H005,P0037
H005,P0039
H005,P0040
H005,P0041
H005,P0042
H005,P0043
H005,P0044
H005,P0045
H005,P0046
H005,P0047
H005,P0049
H005,P0050
H005,P0051
H005,P0052
H005,P0053
H005,P0054
H005,P0056
H005,P0057
H005,P0058
H005,P0059
H005,P0060
H005,P0061
H005,P0062
H005,P0063
H005,P0064
H005,P0065
H005,P0066
H005,P0067
H005,P0068
H005,P0069
H005,P0070
H005,P0071
H005,P0073
H005,P0074
H005,P0075
H005,P0076
H005,P0077
H005,P0078
H005,P0080
H005,P0082
H005,P0083
H005,P0084
H005,P0085
H005,P0086
H005,P0087
H005,P0088
H005,P0089
H005,P0090
H005,P0091
H005,P0092
H005,P0093
H005,P0094
H005,P0095
H005,P0097
H005,P0098
H005,P0099
H005,P0100
H005,P0101
H005,P0102
H005,P0103
H005,P0104
H005,P0105
H005,P0106
H005,P0107
H005,P0108
H005,P0109
H005,P0110
H005,P0111
H005,P0112
H005,P0113
H005,P0114
H005,P0115
H005,P0117
H005,P0118
H005,P0120
H005,P0121
H005,P0122
H005,P0123
H005,P0124
H005,P0125
H005,P0126
H005,P0127
H005,P0129
H005,P0130
H005,P0131
H005,P0132
H005,P0133
H005,P0134
H005,P0135
H005,P0136
H005,P0137
H005,P0138
H005,P0139
H005,P0141
H005,P0142
H005,P0143
H005,P0144
H005,P0145
H005,P0146
H005,P0147
H005,P0148
H005,P0149
H005,P0150
H006,P0001
H006,P0002
H006,P0003
H006,P0004
H006,P0005
H006,P0006
H006,P0007
H006,P0009
H006,P0010
H006,P0011
H006,P0012
H006,P0013
H006,P0015
H006,P0016
H006,P0017
H006,P0018
H006,P0020
H006,P0021
H006,P0022
H006,P0023
H006,P0024
H006,P0025
H006,P0027
H006,P0028
H006,P0029
H006,P0030
H006,P0032
H006,P0033
H006,P0035
H006,P0036
H006,P0037
H006,P0039
H006,P0040
H006,P0042
H006,P0043
H006,P0044
H006,P0045
H006,P0046
H006,P0047
H006,P0049
H006,P0050
H006,P0051
H006,P0052
H006,P0054
H006,P0055
H006,P0056
H006,P0058
H006,P0059
H006,P0060
H006,P0062
H006,P0063
H006,P0064
H006,P0065
H006,P0066
H006,P0067
H006,P0068
H006,P0069
H006,P0070
H006,P0071
H006,P0073
H006,P0074
H006,P0076
H006,P0077
H006,P0079
H006,P0080
H006,P0082
H006,P0083
H006,P0085
H006,P0086
H006,P0087
H006,P0089
H006,P0090
H006,P0091
H006,P0092
H006,P0093
H006,P0094
H006,P0095
H006,P0097
H006,P0098
H006,P0099
H006,P0100
H006,P0101
H006,P0104
H006,P0107
H006,P0108
H006,P0109
H006,P0110
H006,P0111
H006,P0112
H006,P0113
H006,P0114
H006,P0115
H006,P0116
H006,P0117
H006,P0118
H006,P0119
H006,P0120
H006,P0122
H006,P0123
H006,P0124
H006,P0126
H006,P0127
H006,P0129
H006,P0130
H006,P0131
H006,P0132
H006,P0133
H006,P0134
H006,P0136
H006,P0137
H006,P0138
H006,P0139
H006,P0140
H006,P0142
H006,P0143
H006,P0144
H006,P0145
H006,P0146
H006,P0147
H006,P0148
H006,P0149
H006,P0150
H007,P0001
H007,P0002
H007,P0003
H007,P0004
H007,P0005
H007,P0006
H007,P0007
H007,P0009
H007,P0010
H007,P0011
H007,P0013
H007,P0014
H007,P0015
H007,P0016
H007,P0017
H007,P0018
H007,P0019
H007,P0020
H007,P0021
H007,P0022
H007,P0023
H007,P0024
H007,P0025
H007,P0027
H007,P0029
H007,P0030
H007,P0031
H007,P0032
H007,P0037
H007,P0038
H007,P0040
H007,P0041
H007,P0042
H007,P0043
H007,P0044
H007,P0045
H007,P0046
H007,P0047
H007,P0048
H007,P0049
H007,P0050
H007,P0051
H007,P0052
H007,P0053
H007,P0054
H007,P0055
H007,P0056
H007,P0057
H007,P0058
H007,P0059
H007,P0060
H007,P0062
H007,P0063
H007,P0064
H007,P0065
H007,P0066
H007,P0068
H007,P0071
H007,P0073
H007,P0074
H007,P0075
H007,P0076
H007,P0077
H007,P0078
H007,P0079
H007,P0080
H007,P0082
H007,P0083
H007,P0085
H007,P0086
H007,P0087
H007,P0089
H007,P0090
H007,P0091
H007,P0092
H007,P0093
H007,P0094
H007,P0095
H007,P0097
H007,P0099
H007,P0100
H007,P0101
H007,P0103
H007,P0104
H007,P0105
H007,P0106
H007,P0107
H007,P0108
H007,P0110
H007,P0111
H007,P0112
H007,P0113
H007,P0114
H007,P0115
H007,P0118
H007,P0119
H007,P0120
H007,P0121
H007,P0122
H007,P0123
H007,P0124
H007,P0125
H007,P0126
H007,P0128
H007,P0131
H007,P0132
H007,P0133
H007,P0134
H007,P0136
H007,P0137
H007,P0138
H007,P0141
H007,P0142
H007,P0144
H007,P0146
H007,P0147
H007,P0149
H007,P0150
H008,P0001
H008,P0002
H008,P0004
H008,P0005
H008,P0006
H008,P0007
H008,P0010
H008,P0011
H008,P0012
H008,P0013
H008,P0015
H008,P0016
H008,P0018
H008,P0021
H008,P0022
H008,P0023
H008,P0024
H008,P0025
H008,P0026
H008,P0028
H008,P0029
H008,P0030
H008,P0032
H008,P0033
H008,P0037
H008,P0039
H008,P0040
H008,P0042
H008,P0043
H008,P0044
H008,P0045
H008,P0047
H008,P0049
H008,P0050
H008,P0051
H008,P0052
H008,P0053
H008,P0054
H008,P0055
H008,P0056
H008,P0057
H008,P0060
H008,P0061
H008,P0063
H008,P0064
H008,P0066
H008,P0067
H008,P0068
H008,P0070
H008,P0071
H008,P0072
H008,P0073
H008,P0076
H008,P0077
H008,P0080
H008,P0081
H008,P0082
H008,P0085
H008,P0086
H008,P0087
H008,P0088
H008,P0089
H008,P0090
H008,P0091
H008,P0092
H008,P0093
H008,P0094
H008,P0095
H008,P0097
H008,P0098
H008,P0099
H008,P0100
H008,P0101
H008,P0102
H008,P0103
H008,P0104
H008,P0105
H008,P0107
H008,P0108
H008,P0109
H008,P0110
H008,P0111
H008,P0114
H008,P0115
H008,P0116
H008,P0118
H008,P0119
H008,P0123
H008,P0124
H008,P0125
H008,P0126
H008,P0128
H008,P0129
H008,P0130
H008,P0131
H008,P0132
H008,P0133
H008,P0134
H008,P0137
H008,P0138
H008,P0141
H008,P0142
H008,P0143
H008,P0144
H008,P0145
H008,P0146
H008,P0147
H008,P0148
H008,P0149
H008,P0150
H009,P0001
H009,P0002
H009,P0004
H009,P0005
H009,P0006
H009,P0007
H009,P0008
H009,P0009
H009,P0010
H009,P0011
H009,P0012
H009,P0013
H009,P0014
H009,P0016
H009,P0018
H009,P0019
H009,P0022
H009,P0023
H009,P0027
H009,P0028
H009,P0029
H009,P0030
H009,P0033
H009,P0035
H009,P0037
H009,P0038
H009,P0040
H009,P0041
H009,P0044
H009,P0045
H009,P0046
H009,P0047
H009,P0049
H009,P0050
H009,P0051
H009,P0052
H009,P0053
H009,P0054
H009,P0058
H009,P0059
H009,P0060
H009,P0061
H009,P0062
H009,P0063
H009,P0064
H009,P0065
H009,P0066
H009,P0067
H009,P0068
H009,P0069
H009,P0071
H009,P0073
H009,P0075
H009,P0076
H009,P0077
H009,P0078
H009,P0080
H009,P0082
H009,P0085
H009,P0087
H009,P0090
H009,P0091
H009,P0092
H009,P0093
H009,P0094
H009,P0095
H009,P0097
H009,P0098
H009,P0099
H009,P0100
H009,P0101
H009,P0103
H009,P0104
H009,P0105
H009,P0106
H009,P0107
H009,P0108
H009,P0109
H009,P0111
H009,P0112
H009,P0115
H009,P0116
H009,P0117
H009,P0118
H009,P0119
H009,P0120
H009,P0122
H009,P0124
H009,P0125
H009,P0126
H009,P0127
H009,P0129
H009,P0130
H009,P0131
H009,P0132
H009,P0133
H009,P0134
H009,P0135
H009,P0136
H009,P0137
H009,P0138
H009,P0139
H009,P0142
H009,P0143
H009,P0144
H009,P0145
H009,P0146
H009,P0147
H009,P0150
H010,P0002
H010,P0003
H010,P0004
H010,P0005
H010,P0006
H010,P0007
H010,P0009
H010,P0010
H010,P0011
H010,P0012
H010,P0013
H010,P0014
H010,P0015
H010,P0016
H010,P0017
H010,P0018
H010,P0019
H010,P0020
H010,P0021
H010,P0022
H010,P0023
H010,P0024
H010,P0025
H010,P0026
H010,P0027
H010,P0028
H010,P0029
H010,P0030
H010,P0032
H010,P0033
H010,P0034
H010,P0035
H010,P0036
H010,P0037
H010,P0038
H010,P0039
H010,P0040
H010,P0041
H010,P0042
H010,P0044
H010,P0045
H010,P0046
H010,P0047
H010,P0049
H010,P0050
H010,P0051
H010,P0052
H010,P0053
H010,P0054
H010,P0056
H010,P0057
H010,P0059
H010,P0060
H010,P0061
H010,P0062
H010,P0063
H010,P0064
H010,P0065
H010,P0066
H010,P0068
H010,P0069
H010,P0070
H010,P0071
H010,P0073
H010,P0075
H010,P0076
H010,P0077
H010,P0078
H010,P0079
H010,P0080
H010,P0081
H010,P0082
H010,P0083
H010,P0084
H010,P0085
H010,P0086
H010,P0087
H010,P0088
H010,P0089
H010,P0091
H010,P0092
H010,P0093
H010,P0094
H010,P0095
H010,P0096
H010,P0098
H010,P0099
H010,P0100
H010,P0101
H010,P0103
H010,P0104
H010,P0105
H010,P0106
H010,P0107
H010,P0110
H010,P0111
H010,P0112
H010,P0113
H010,P0114
H010,P0115
H010,P0116
H010,P0117
H010,P0118
H010,P0120
H010,P0121
H010,P0122
H010,P0123
H010,P0124
H010,P0125
H010,P0127
H010,P0128
H010,P0129
H010,P0130
H010,P0131
H010,P0132
H010,P0133
H010,P0134
H010,P0135
H010,P0137
H010,P0138
H010,P0139
H010,P0140
H010,P0141
H010,P0142
H010,P0143
H010,P0144
H010,P0145
H010,P0146
H010,P0147
H010,P0148
H010,P0149
H010,P0150
H011,P0001
H011,P0002
H011,P0003
H011,P0004
H011,P0005
H011,P0006
H011,P0007
H011,P0009
H011,P0010
H011,P0011
H011,P0013
H011,P0015
H011,P0017
H011,P0019
H011,P0020
H011,P0021
H011,P0022
H011,P0023
H011,P0024
H011,P0025
H011,P0028
H011,P0029
H011,P0030
H011,P0032
H011,P0033
H011,P0035
H011,P0036
H011,P0037
H011,P0038
H011,P0039
H011,P0040
H011,P0041
H011,P0042
H011,P0043
H011,P0044
H011,P0045
H011,P0046
H011,P0047
H011,P0050
H011,P0051
H011,P0052
H011,P0053
H011,P0054
H011,P0055
H011,P0056
H011,P0057
H011,P0058
H011,P0060
H011,P0061
H011,P0062
H011,P0063
H011,P0064
H011,P0065
H011,P0066
H011,P0069
H011,P0070
H011,P0071
H011,P0073
H011,P0075
H011,P0076
H011,P0077
H011,P0078
H011,P0082
H011,P0084
H011,P0085
H011,P0086
H011,P0087
H011,P0088
H011,P0089
H011,P0090
H011,P0091
H011,P0093
H011,P0094
H011,P0095
H011,P0096
H011,P0097
H011,P0098
H011,P0099
H011,P0100
H011,P0101
H011,P0102
H011,P0103
H011,P0104
H011,P0105
H011,P0106
H011,P0108
H011,P0109
H011,P0110
H011,P0111
H011,P0112
H011,P0113
H011,P0114
H011,P0115
H011,P0116
H011,P0118
H011,P0119
H011,P0120
H011,P0124
H011,P0125
H011,P0126
H011,P0129
H011,P0130
H011,P0131
H011,P0132
H011,P0133
H011,P0134
H011,P0135
H011,P0136
H011,P0137
H011,P0138
H011,P0139
H011,P0143
H011,P0146
H011,P0147
H011,P0149
H011,P0150
H012,P0001
H012,P0002
H012,P0004
H012,P0005
H012,P0006
H012,P0007
H012,P0009
H012,P0010
H012,P0011
H012,P0012
H012,P0013
H012,P0014
H012,P0015
H012,P0016
H012,P0017
H012,P0018
H012,P0019
H012,P0022
H012,P0023
H012,P0024
H012,P0025
H012,P0026
H012,P0027
H012,P0028
H012,P0029
H012,P0030
H012,P0031
H012,P0032
H012,P0034
H012,P0035
H012,P0037
H012,P0038
H012,P0039
H012,P0040
H012,P0042
H012,P0043
H012,P0044
H012,P0045
H012,P0046
H012,P0047
H012,P0049
H012,P0050
H012,P0051
H012,P0052
H012,P0054
H012,P0056
H012,P0058
H012,P0060
H012,P0062
H012,P0063
H012,P0064
H012,P0065
H012,P0066
H012,P0067
H012,P0068
H012,P0069
H012,P0070
H012,P0071
H012,P0073
H012,P0074
H012,P0076
H012,P0077
H012,P0078
H012,P0080
H012,P0084
H012,P0085
H012,P0086
H012,P0087
H012,P0089
H012,P0090
H012,P0092
H012,P0093
H012,P0094
H012,P0095
H012,P0097
H012,P0099
H012,P0100
H012,P0101
H012,P0102
H012,P0103
H012,P0104
H012,P0106
H012,P0107
H012,P0108
H012,P0109
H012,P0110
H012,P0112
H012,P0113
H012,P0115
H012,P0116
H012,P0118
H012,P0120
H012,P0123
H012,P0124
H012,P0130
H012,P0131
H012,P0132
H012,P0133
H012,P0134
H012,P0135
H012,P0136
H012,P0138
H012,P0139
H012,P0141
H012,P0142
H012,P0143
H012,P0145
H012,P0146
H012,P0147
H012,P0148
H012,P0149
H012,P0150
H013,P0001
H013,P0002
H013,P0003
H013,P0004
H013,P0005
H013,P0006
H013,P0007
H013,P0009
H013,P0010
H013,P0011
H013,P0012
H013,P0013
H013,P0014
H013,P0016
H013,P0017
H013,P0018
H013,P0020
H013,P0021
H013,P0022
H013,P0023
H013,P0024
H013,P0025
H013,P0027
H013,P0028
H013,P0029
H013,P0030
H013,P0032
H013,P0033
H013,P0035
H013,P0036
H013,P0037
H013,P0039
H013,P0040
H013,P0042
H013,P0044
H013,P0045
H013,P0047
H013,P0048
H013,P0049
H013,P0050
H013,P0051
H013,P0052
H013,P0054
H013,P0055
H013,P0056
H013,P0058
H013,P0059
H013,P0060
H013,P0061
H013,P0062
H013,P0063
H013,P0064
H013,P0065
H013,P0066
H013,P0067
H013,P0068
H013,P0069
H013,P0070
H013,P0071
H013,P0072
H013,P0073
H013,P0074
H013,P0075
H013,P0076
H013,P0077
H013,P0078
H013,P0079
H013,P0082
H013,P0083
H013,P0084
H013,P0085
H013,P0086
H013,P0087
H013,P0088
H013,P0089
H013,P0090
H013,P0091
H013,P0092
H013,P0093
H013,P0095
H013,P0097
H013,P0098
H013,P0099
H013,P0101
H013,P0103
H013,P0104
H013,P0105
H013,P0106
H013,P0107
H013,P0108
H013,P0109
H013,P0110
H013,P0111
H013,P0113
H013,P0114
H013,P0115
H013,P0118
H013,P0119
H013,P0120
H013,P0121
H013,P0122
H013,P0123
H013,P0124
H013,P0125
H013,P0126
H013,P0127
H013,P0129
H013,P0130
H013,P0131
H013,P0132
H013,P0133
H013,P0134
H013,P0135
H013,P0136
H013,P0137
H013,P0138
H013,P0139
H013,P0140
H013,P0141
H013,P0142
H013,P0143
H013,P0144
H013,P0145
H013,P0146
H013,P0147
H013,P0148
H013,P0149
H013,P0150
H014,P0001
H014,P0002
H014,P0003
H014,P0004
H014,P0005
H014,P0006
H014,P0007
H014,P0009
H014,P0010
H014,P0011
H014,P0012
H014,P0013
H014,P0014
H014,P0015
H014,P0016
H014,P0017
H014,P0018
H014,P0019
H014,P0020
H014,P0022
H014,P0024
H014,P0025
H014,P0026
H014,P0027
H014,P0029
H014,P0031
H014,P0032
H014,P0033
H014,P0035
H014,P0036
H014,P0037
H014,P0038
H014,P0039
H014,P0040
H014,P0041
H014,P0043
H014,P0044
H014,P0045
H014,P0047
H014,P0048
H014,P0049
H014,P0050
H014,P0051
H014,P0053
H014,P0054
H014,P0056
H014,P0057
H014,P0058
H014,P0059
H014,P0060
H014,P0061
H014,P0062
H014,P0063
H014,P0064
H014,P0066
H014,P0069
H014,P0070
H014,P0071
H014,P0073
H014,P0074
H014,P0076
H014,P0077
H014,P0079
H014,P0082
H014,P0083
H014,P0085
H014,P0086
H014,P0087
H014,P0089
H014,P0090
H014,P0091
H014,P0093
H014,P0094
H014,P0095
H014,P0097
H014,P0098
H014,P0099
H014,P0100
H014,P0101
H014,P0102
H014,P0103
H014,P0104
H014,P0105
H014,P0106
H014,P0107
H014,P0108
H014,P0109
H014,P0110
H014,P0111
H014,P0112
H014,P0113
H014,P0115
H014,P0117
H014,P0118
H014,P0120
H014,P0122
H014,P0123
H014,P0124
H014,P0125
H014,P0127
H014,P0129
H014,P0131
H014,P0132
H014,P0133
H014,P0134
H014,P0135
H014,P0136
H014,P0137
H014,P0138
H014,P0139
H014,P0140
H014,P0141
H014,P0142
H014,P0143
H014,P0144
H014,P0145
H014,P0146
H014,P0147
H014,P0148
H014,P0149
H014,P0150
H015,P0001
H015,P0002
H015,P0003
H015,P0004
H015,P0006
H015,P0007
H015,P0009
H015,P0010
H015,P0011
H015,P0012
H015,P0013
H015,P0015
H015,P0016
H015,P0017
H015,P0018
H015,P0019
H015,P0021
H015,P0022
H015,P0023
H015,P0025
H015,P0027
H015,P0028
H015,P0029
H015,P0030
H015,P0033
H015,P0034
H015,P0035
H015,P0037
H015,P0039
H015,P0040
H015,P0042
H015,P0044
H015,P0045
H015,P0046
H015,P0047
H015,P0048
H015,P0049
H015,P0050
H015,P0051
H015,P0052
H015,P0054
H015,P0055
H015,P0056
H015,P0057
H015,P0058
H015,P0059
H015,P0060
H015,P0062
H015,P0063
H015,P0064
H015,P0065
H015,P0066
H015,P0067
H015,P0068
H015,P0069
H015,P0071
H015,P0072
H015,P0074
H015,P0075
H015,P0076
H015,P0077
H015,P0078
H015,P0079
H015,P0080
H015,P0082
H015,P0083
H015,P0084
H015,P0085
H015,P0086
H015,P0087
H015,P0090
H015,P0091
H015,P0092
H015,P0093
H015,P0094
H015,P0095
H015,P0096
H015,P0097
H015,P0099
H015,P0100
H015,P0101
H015,P0102
H015,P0103
H015,P0104
H015,P0105
H015,P0107
H015,P0109
H015,P0111
H015,P0112
H015,P0113
H015,P0115
H015,P0119
H015,P0120
H015,P0123
H015,P0124
H015,P0125
H015,P0126
H015,P0127
H015,P0129
H015,P0130
H015,P0131
H015,P0132
H015,P0133
H015,P0134
H015,P0135
H015,P0136
H015,P0137
H015,P0138
H015,P0139
H015,P0143
H015,P0144
H015,P0145
H015,P0146
H015,P0147
H015,P0148
H015,P0149
H015,P0150
H016,P0001
H016,P0002
H016,P0003
H016,P0004
H016,P0005
H016,P0006
H016,P0007
H016,P0009
H016,P0010
H016,P0011
H016,P0012
H016,P0013
H016,P0014
H016,P0015
H016,P0016
H016,P0017
H016,P0018
H016,P0019
H016,P0020
H016,P0022
H016,P0023
H016,P0024
H016,P0025
H016,P0026
H016,P0027
H016,P0028
H016,P0029
H016,P0030
H016,P0031
H016,P0032
H016,P0033
H016,P0034
H016,P0035
H016,P0036
H016,P0038
H016,P0039
H016,P0040
H016,P0043
H016,P0044
H016,P0045
H016,P0046
H016,P0048
H016,P0049
H016,P0050
H016,P0052
H016,P0054
H016,P0055
H016,P0056
H016,P0057
H016,P0058
H016,P0059
H016,P0060
H016,P0061
H016,P0062
H016,P0063
H016,P0064
H016,P0065
H016,P0066
H016,P0067
H016,P0068
H016,P0069
H016,P0071
H016,P0073
H016,P0075
H016,P0076
H016,P0077
H016,P0078
H016,P0079
H016,P0081
H016,P0082
H016,P0083
H016,P0085
H016,P0086
H016,P0087
H016,P0089
H016,P0090
H016,P0091
H016,P0092
H016,P0093
H016,P0094
H016,P0095
H016,P0097
H016,P0098
H016,P0099
H016,P0100
H016,P0101
H016,P0103
H016,P0104
H016,P0105
H016,P0106
H016,P0107
H016,P0108
H016,P0109
H016,P0110
H016,P0111
H016,P0112
H016,P0113
H016,P0114
H016,P0115
H016,P0116
H016,P0117
H016,P0118
H016,P0119
H016,P0120
H016,P0121
H016,P0123
H016,P0124
H016,P0125
H016,P0127
H016,P0129
H016,P0130
H016,P0131
H016,P0132
H016,P0134
H016,P0135
H016,P0136
H016,P0137
H016,P0138
H016,P0139
H016,P0140
H016,P0141
H016,P0142
H016,P0143
H016,P0144
H016,P0145
H016,P0146
H016,P0147
H016,P0148
H016,P0149
H016,P0150
H017,P0002
H017,P0003
H017,P0004
H017,P0005
H017,P0006
H017,P0007
H017,P0009
H017,P0010
H017,P0012
H017,P0013
H017,P0014
H017,P0015
H017,P0017
H017,P0018
H017,P0020
H017,P0021
H017,P0022
H017,P0023
H017,P0025
H017,P0027
H017,P0030
H017,P0032
H017,P0034
H017,P0035
H017,P0036
H017,P0037
H017,P0038
H017,P0039
H017,P0040
H017,P0042
H017,P0044
H017,P0045
H017,P0046
H017,P0047
H017,P0048
H017,P0049
H017,P0050
H017,P0051
H017,P0052
H017,P0054
H017,P0055
H017,P0060
H017,P0061
H017,P0062
H017,P0063
H017,P0064
H017,P0065
H017,P0066
H017,P0067
H017,P0071
H017,P0072
H017,P0073
H017,P0074
H017,P0076
H017,P0077
H017,P0078
H017,P0079
H017,P0080
H017,P0085
H017,P0086
H017,P0087
H017,P0089
H017,P0090
H017,P0091
H017,P0092
H017,P0095
H017,P0096
H017,P0097
H017,P0098
H017,P0099
H017,P0100
H017,P0101
H017,P0103
H017,P0104
H017,P0106
H017,P0107
H017,P0108
H017,P0109
H017,P0110
H017,P0111
H017,P0112
H017,P0113
H017,P0115
H017,P0117
H017,P0118
H017,P0119
H017,P0123
H017,P0124
H017,P0125
H017,P0126
H017,P0127
H017,P0129
H017,P0131
H017,P0132
H017,P0133
H017,P0134
H017,P0138
H017,P0139
H017,P0141
H017,P0142
H017,P0143
H017,P0144
H017,P0146
H017,P0147
H017,P0149
H017,P0150
H018,P0002
H018,P0005
H018,P0006
H018,P0007
H018,P0009
H018,P0010
H018,P0011
H018,P0012
H018,P0013
H018,P0015
H018,P0017
H018,P0018
H018,P0022
H018,P0023
H018,P0024
H018,P0025
H018,P0027
H018,P0028
H018,P0029
H018,P0030
H018,P0034
H018,P0037
H018,P0038
H018,P0039
H018,P0040
H018,P0042
H018,P0043
H018,P0045
H018,P0046
H018,P0047
H018,P0048
H018,P0049
H018,P0050
H018,P0051
H018,P0052
H018,P0054
H018,P0058
H018,P0059
H018,P0060
H018,P0062
H018,P0063
H018,P0064
H018,P0065
H018,P0067
H018,P0068
H018,P0069
H018,P0070
H018,P0071
H018,P0072
H018,P0073
H018,P0075
H018,P0076
H018,P0077
H018,P0080
H018,P0082
H018,P0085
H018,P0086
H018,P0087
H018,P0089
H018,P0091
H018,P0092
H018,P0093
H018,P0094
H018,P0095
H018,P0096
H018,P0097
H018,P0098
H018,P0099
H018,P0100
H018,P0101
H018,P0103
H018,P0104
H018,P0105
H018,P0106
H018,P0108
H018,P0109
H018,P0110
H018,P0111
H018,P0112
H018,P0113
H018,P0115
H018,P0116
H018,P0117
H018,P0118
H018,P0119
H018,P0120
H018,P0124
H018,P0125
H018,P0126
H018,P0127
H018,P0130
H018,P0131
H018,P0132
H018,P0133
H018,P0134
H018,P0135
H018,P0137
H018,P0138
H018,P0139
H018,P0140
H018,P0142
H018,P0143
H018,P0145
H018,P0146
H018,P0147
H018,P0149
H018,P0150
H019,P0001
H019,P0002
H019,P0003
H019,P0004
H019,P0005
H019,P0006
H019,P0007
H019,P0008
H019,P0009
H019,P0010
H019,P0011
H019,P0012
H019,P0013
H019,P0016
H019,P0017
H019,P0018
H019,P0022
H019,P0023
H019,P0024
H019,P0025
H019,P0026
H019,P0028
H019,P0029
H019,P0030
H019,P0032
H019,P0033
H019,P0034
H019,P0035
H019,P0036
H019,P0037
H019,P0038
H019,P0039
H019,P0040
H019,P0043
H019,P0044
H019,P0045
H019,P0049
H019,P0050
H019,P0051
H019,P0052
H019,P0054
H019,P0055
H019,P0056
H019,P0057
H019,P0058
H019,P0059
H019,P0060
H019,P0061
H019,P0062
H019,P0063
H019,P0064
H019,P0065
H019,P0066
H019,P0067
H019,P0068
H019,P0069
H019,P0070
H019,P0071
H019,P0072
H019,P0073
H019,P0074
H019,P0075
H019,P0076
H019,P0077
H019,P0078
H019,P0079
H019,P0080
H019,P0082
H019,P0083
H019,P0085
H019,P0086
H019,P0087
H019,P0090
H019,P0091
H019,P0092
H019,P0093
H019,P0094
H019,P0095
H019,P0097
H019,P0098
H019,P0099
H019,P0100
H019,P0101
H019,P0102
H019,P0103
H019,P0104
H019,P0105
H019,P0107
H019,P0108
H019,P0109
H019,P0110
H019,P0112
H019,P0113
H019,P0114
H019,P0115
H019,P0116
H019,P0117
H019,P0118
H019,P0119
H019,P0120
H019,P0121
H019,P0123
H019,P0124
H019,P0125
H019,P0127
H019,P0129
H019,P0130
H019,P0131
H019,P0133
H019,P0134
H019,P0135
H019,P0136
H019,P0137
H019,P0138
H019,P0139
H019,P0141
H019,P0142
H019,P0143
H019,P0144
H019,P0145
H019,P0146
H019,P0147
H019,P0148
H019,P0149
H019,P0150
H020,P0002
H020,P0003
H020,P0004
H020,P0005
H020,P0006
H020,P0007
H020,P0010
H020,P0011
H020,P0012
H020,P0013
H020,P0014
H020,P0015
H020,P0016
H020,P0017
H020,P0018
H020,P0019
H020,P0020
H020,P0022
H020,P0023
H020,P0025
H020,P0027
H020,P0028
H020,P0029
H020,P0030
H020,P0031
H020,P0032
H020,P0033
H020,P0034
H020,P0035
H020,P0036
H020,P0037
H020,P0038
H020,P0039
H020,P0040
H020,P0041
H020,P0043
H020,P0044
H020,P0045
H020,P0046
H020,P0047
H020,P0049
H020,P0050
H020,P0051
H020,P0052
H020,P0054
H020,P0055
H020,P0056
H020,P0058
H020,P0059
H020,P0060
H020,P0061
H020,P0062
H020,P0063
H020,P0064
H020,P0065
H020,P0066
H020,P0069
H020,P0071
H020,P0073
H020,P0075
H020,P0076
H020,P0077
H020,P0080
H020,P0082
H020,P0083
H020,P0084
H020,P0085
H020,P0086
H020,P0087
H020,P0088
H020,P0089
H020,P0090
H020,P0091
H020,P0092
H020,P0093
H020,P0094
H020,P0095
H020,P0097
H020,P0098
H020,P0099
H020,P0100
H020,P0101
H020,P0103
H020,P0104
H020,P0105
H020,P0107
H020,P0108
H020,P0109
H020,P0110
H020,P0111
H020,P0112
H020,P0113
H020,P0114
H020,P0115
H020,P0118
H020,P0119
H020,P0120
H020,P0121
H020,P0123
H020,P0124
H020,P0126
H020,P0127
H020,P0128
H020,P0129
H020,P0131
H020,P0132
H020,P0133
H020,P0134
H020,P0135
H020,P0137
H020,P0138
H020,P0139
H020,P0142
H020,P0143
H020,P0145
H020,P0146
H020,P0147
H020,P0148
H020,P0149
H020,P0150
