zip_id,part_id,Q_ik,b_ik
Z00001,P0005,1,2
Z00001,P0013,1,2
Z00001,P0026,1,2
Z00001,P0044,1,4
Z00001,P0073,1,3
Z00001,P0074,1,3
Z00001,P0083,1,3
Z00001,P0090,1,1
Z00001,P0095,1,1
Z00001,P0100,1,2
Z00001,P0103,1,2
Z00001,P0123,1,2
Z00001,P0127,1,3
Z00001,P0138,1,3
Z00001,P0150,1,1
Z00002,P0011,1,4
Z00002,P0024,1,3
Z00002,P0025,1,2
Z00002,P0026,1,3
Z00002,P0042,1,2
Z00002,P0047,1,1
Z00002,P0058,1,2
Z00002,P0065,1,2
Z00002,P0073,1,4
Z00002,P0101,1,4
Z00002,P0106,1,1
Z00002,P0114,1,2
Z00002,P0128,1,3
Z00002,P0147,1,1
Z00003,P0003,1,3
Z00003,P0011,1,2
Z00003,P0016,1,2
Z00003,P0023,1,3
Z00003,P0026,1,5
Z00003,P0033,1,3
Z00003,P0053,1,1
Z00003,P0066,1,2
Z00003,P0092,1,2
Z00003,P0093,1,1
Z00003,P0108,1,3
Z00003,P0116,1,1
Z00003,P0117,1,4
Z00003,P0127,1,5
Z00003,P0128,1,2
Z00003,P0133,1,2
Z00003,P0135,1,1
Z00003,P0146,1,4
Z00004,P0009,1,3
Z00004,P0023,1,5
Z00004,P0028,1,1
Z00004,P0032,1,2
Z00004,P0043,1,1
Z00004,P0056,1,2
Z00004,P0057,1,1
Z00004,P0060,1,5
Z00004,P0067,1,2
Z00004,P0074,1,5
Z00004,P0101,1,3
Z00004,P0121,1,3
Z00004,P0124,1,1
Z00004,P0133,1,2
Z00004,P0147,1,4
Z00005,P0005,1,2
Z00005,P0015,1,2
Z00005,P0017,1,8
Z00005,P0019,1,3
Z00005,P0022,1,3
Z00005,P0024,1,3
Z00005,P0033,1,2
Z00005,P0036,1,1
Z00005,P0056,1,1
Z00005,P0063,1,4
Z00005,P0068,1,3
Z00005,P0078,1,3
Z00005,P0082,1,1
Z00005,P0090,1,2
Z00005,P0103,1,1
Z00005,P0127,1,3
Z00006,P0015,1,4
Z00006,P0019,1,5
Z00006,P0025,1,6
Z00006,P0032,1,2
Z00006,P0047,1,2
Z00006,P0060,1,2
Z00006,P0068,1,1
Z00006,P0074,1,2
Z00006,P0089,1,3
Z00006,P0092,1,1
Z00006,P0096,1,4
Z00006,P0121,1,6
Z00006,P0123,1,3
Z00006,P0131,1,1
Z00006,P0136,1,2
Z00007,P0005,1,2
Z00007,P0012,1,2
Z00007,P0014,1,2
Z00007,P0017,1,3
Z00007,P0024,1,2
Z00007,P0026,1,1
Z00007,P0056,1,5
Z00007,P0059,1,2
Z00007,P0078,1,3
Z00007,P0085,1,2
Z00007,P0097,1,1
Z00007,P0099,1,2
Z00007,P0132,1,2
Z00007,P0139,1,1
Z00007,P0150,1,2
Z00008,P0007,1,2
Z00008,P0008,1,2
Z00008,P0017,1,2
Z00008,P0024,1,2
Z00008,P0026,1,5
Z00008,P0037,1,2
Z00008,P0043,1,1
Z00008,P0045,1,4
Z00008,P0054,1,2
Z00008,P0061,1,1
Z00008,P0067,1,3
Z00008,P0068,1,4
Z00008,P0076,1,1
Z00008,P0080,1,1
Z00008,P0090,1,4
Z00008,P0096,1,4
Z00008,P0116,1,2
Z00008,P0119,1,2
Z00008,P0123,1,2
Z00008,P0132,1,4
Z00008,P0145,1,1
Z00008,P0146,1,2
Z00009,P0004,1,1
Z00009,P0009,1,2
Z00009,P0036,1,1
Z00009,P0042,1,2
Z00009,P0052,1,2
Z00009,P0053,1,1
Z00009,P0056,1,3
Z00009,P0058,1,3
Z00009,P0063,1,2
Z00009,P0081,1,1
Z00009,P0088,1,2
Z00009,P0090,1,4
Z00009,P0097,1,3
Z00009,P0099,1,2
Z00009,P0101,1,1
Z00009,P0129,1,2
Z00009,P0131,1,2
Z00009,P0133,1,2
Z00009,P0149,1,1
Z00010,P0014,1,3
Z00010,P0016,1,2
Z00010,P0032,1,3
Z00010,P0033,1,2
Z00010,P0037,1,2
Z00010,P0045,1,3
Z00010,P0052,1,1
Z00010,P0060,1,2
Z00010,P0068,1,4
Z00010,P0073,1,3
Z00010,P0076,1,2
Z00010,P0077,1,2
Z00010,P0079,1,3
Z00010,P0096,1,2
Z00010,P0126,1,2
Z00010,P0134,1,1
Z00010,P0135,1,2
Z00011,P0026,1,1
Z00011,P0047,1,1
Z00011,P0074,1,1
Z00011,P0079,1,3
Z00011,P0088,1,2
Z00011,P0120,1,3
Z00011,P0131,1,2
Z00011,P0141,1,1
Z00011,P0145,1,3
Z00011,P0148,1,3
Z00012,P0023,1,2
Z00012,P0039,1,3
Z00012,P0045,1,3
Z00012,P0052,1,1
Z00012,P0055,1,4
Z00012,P0061,1,1
Z00012,P0062,1,3
Z00012,P0088,1,1
Z00012,P0089,1,2
Z00012,P0093,1,1
Z00012,P0096,1,4
Z00012,P0121,1,4
Z00012,P0132,1,1
Z00012,P0135,1,1
Z00012,P0140,1,2
Z00012,P0142,1,1
Z00012,P0146,1,5
Z00013,P0001,1,5
Z00013,P0020,1,2
Z00013,P0024,1,1
Z00013,P0042,1,3
Z00013,P0055,1,1
Z00013,P0056,1,2
Z00013,P0075,1,2
Z00013,P0106,1,3
Z00013,P0118,1,1
Z00013,P0131,1,2
Z00013,P0135,1,2
Z00013,P0136,1,2
Z00013,P0141,1,1
Z00014,P0003,1,2
Z00014,P0005,1,3
Z00014,P0016,1,2
Z00014,P0028,1,2
Z00014,P0039,1,1
Z00014,P0045,1,5
Z00014,P0055,1,1
Z00014,P0116,1,1
Z00014,P0119,1,2
Z00014,P0136,1,3
Z00014,P0141,1,4
Z00014,P0150,1,4
Z00015,P0006,1,1
Z00015,P0063,1,3
Z00015,P0068,1,4
Z00015,P0098,1,3
Z00016,P0013,1,2
Z00016,P0019,1,4
Z00016,P0037,1,2
Z00016,P0039,1,1
Z00016,P0047,1,2
Z00016,P0057,1,2
Z00016,P0063,1,5
Z00016,P0075,1,1
Z00016,P0077,1,3
Z00016,P0081,1,2
Z00016,P0090,1,4
Z00016,P0097,1,2
Z00016,P0100,1,4
Z00016,P0116,1,4
Z00016,P0132,1,3
Z00016,P0138,1,4
Z00016,P0143,1,2
Z00016,P0150,1,5
Z00017,P0003,1,5
Z00017,P0005,1,4
Z00017,P0017,1,5
Z00017,P0019,1,3
Z00017,P0023,1,4
Z00017,P0028,1,5
Z00017,P0039,1,1
Z00017,P0054,1,2
Z00017,P0063,1,2
Z00017,P0073,1,3
Z00017,P0077,1,4
Z00017,P0088,1,4
Z00017,P0101,1,3
Z00017,P0103,1,3
Z00017,P0106,1,4
Z00017,P0116,1,2
Z00017,P0117,1,3
Z00017,P0120,1,1
Z00018,P0005,1,4
Z00018,P0006,1,1
Z00018,P0008,1,2
Z00018,P0010,1,1
Z00018,P0017,1,2
Z00018,P0019,1,3
Z00018,P0023,1,5
Z00018,P0041,1,2
Z00018,P0047,1,1
Z00018,P0050,1,2
Z00018,P0055,1,2
Z00018,P0076,1,1
Z00018,P0080,1,3
Z00018,P0090,1,2
Z00018,P0094,1,1
Z00018,P0101,1,5
Z00018,P0105,1,1
Z00018,P0123,1,1
Z00018,P0131,1,2
Z00018,P0132,1,3
Z00018,P0133,1,2
Z00018,P0136,1,2
Z00019,P0017,1,1
Z00019,P0033,1,3
Z00019,P0042,1,1
Z00019,P0050,1,1
Z00019,P0051,1,2
Z00019,P0055,1,6
Z00019,P0057,1,3
Z00019,P0073,1,1
Z00019,P0080,1,5
Z00019,P0096,1,3
Z00019,P0119,1,1
Z00019,P0120,1,2
Z00019,P0125,1,2
Z00019,P0133,1,1
Z00019,P0136,1,2
Z00019,P0141,1,2
Z00019,P0145,1,2
Z00020,P0005,1,4
Z00020,P0014,1,1
Z00020,P0016,1,3
Z00020,P0019,1,1
Z00020,P0024,1,2
Z00020,P0027,1,2
Z00020,P0039,1,1
Z00020,P0042,1,1
Z00020,P0043,1,1
Z00020,P0048,1,3
Z00020,P0063,1,3
Z00020,P0065,1,1
Z00020,P0068,1,4
Z00020,P0073,1,2
Z00020,P0083,1,1
Z00020,P0087,1,2
Z00020,P0103,1,1
Z00020,P0119,1,2
Z00020,P0127,1,4
Z00020,P0136,1,2
Z00020,P0146,1,2
Z00021,P0005,1,4
Z00021,P0008,1,2
Z00021,P0025,1,1
Z00021,P0029,1,2
Z00021,P0036,1,2
Z00021,P0037,1,3
Z00021,P0044,1,7
Z00021,P0045,1,5
Z00021,P0050,1,4
Z00021,P0057,1,1
Z00021,P0058,1,3
Z00021,P0064,1,1
Z00021,P0068,1,4
Z00021,P0070,1,2
Z00021,P0073,1,5
Z00021,P0078,1,3
Z00021,P0090,1,2
Z00021,P0096,1,4
Z00021,P0102,1,3
Z00021,P0128,1,5
Z00021,P0131,1,3
Z00021,P0141,1,2
Z00022,P0001,1,1
Z00022,P0015,1,3
Z00022,P0023,1,2
Z00022,P0026,1,2
Z00022,P0039,1,3
Z00022,P0042,1,3
Z00022,P0065,1,2
Z00022,P0077,1,2
Z00022,P0078,1,3
Z00022,P0102,1,3
Z00022,P0111,1,3
Z00022,P0120,1,3
Z00022,P0129,1,2
Z00022,P0136,1,2
Z00022,P0147,1,2
Z00023,P0003,1,4
Z00023,P0005,1,2
Z00023,P0028,1,2
Z00023,P0037,1,4
Z00023,P0074,1,1
Z00023,P0076,1,3
Z00023,P0084,1,1
Z00023,P0112,1,2
Z00023,P0119,1,1
Z00023,P0127,1,1
Z00023,P0137,1,1
Z00023,P0148,1,1
Z00024,P0005,1,1
Z00024,P0017,1,4
Z00024,P0026,1,1
Z00024,P0028,1,1
Z00024,P0030,1,1
Z00024,P0035,1,3
Z00024,P0037,1,2
Z00024,P0042,1,3
Z00024,P0043,1,1
Z00024,P0056,1,2
Z00024,P0067,1,1
Z00024,P0074,1,7
Z00024,P0083,1,4
Z00024,P0101,1,5
Z00024,P0109,1,1
Z00024,P0119,1,1
Z00024,P0132,1,4
Z00024,P0133,1,1
Z00024,P0139,1,1
Z00024,P0149,1,3
Z00024,P0150,1,2
Z00025,P0015,1,1
Z00025,P0019,1,4
Z00025,P0023,1,2
Z00025,P0030,1,1
Z00025,P0035,1,1
Z00025,P0054,1,8
Z00025,P0059,1,1
Z00025,P0079,1,1
Z00025,P0109,1,1
Z00025,P0138,1,1
Z00026,P0004,1,2
Z00026,P0006,1,2
Z00026,P0009,1,4
Z00026,P0011,1,2
Z00026,P0032,1,3
Z00026,P0033,1,3
Z00026,P0039,1,4
Z00026,P0045,1,2
Z00026,P0052,1,2
Z00026,P0079,1,3
Z00026,P0081,1,1
Z00026,P0082,1,3
Z00026,P0090,1,5
Z00026,P0123,1,2
Z00026,P0147,1,2
Z00027,P0011,1,1
Z00027,P0019,1,3
Z00027,P0023,1,2
Z00027,P0034,1,1
Z00027,P0045,1,4
Z00027,P0065,1,1
Z00027,P0074,1,4
Z00027,P0080,1,3
Z00027,P0090,1,6
Z00027,P0096,1,1
Z00027,P0116,1,3
Z00027,P0133,1,3
Z00027,P0147,1,3
Z00028,P0005,1,4
Z00028,P0012,1,1
Z00028,P0017,1,4
Z00028,P0018,1,1
Z00028,P0023,1,3
Z00028,P0028,1,1
Z00028,P0039,1,2
Z00028,P0041,1,2
Z00028,P0055,1,4
Z00028,P0060,1,6
Z00028,P0065,1,6
Z00028,P0067,1,2
Z00028,P0073,1,3
Z00028,P0074,1,3
Z00028,P0078,1,2
Z00028,P0079,1,4
Z00028,P0081,1,1
Z00028,P0090,1,4
Z00028,P0120,1,1
Z00028,P0123,1,4
Z00028,P0131,1,4
Z00028,P0133,1,5
Z00028,P0141,1,1
Z00028,P0147,1,4
Z00029,P0023,1,5
Z00029,P0032,1,4
Z00029,P0036,1,1
Z00029,P0051,1,1
Z00029,P0063,1,3
Z00029,P0071,1,2
Z00029,P0074,1,4
Z00029,P0078,1,1
Z00029,P0086,1,1
Z00029,P0124,1,2
Z00029,P0128,1,6
Z00030,P0005,1,2
Z00030,P0017,1,4
Z00030,P0018,1,2
Z00030,P0019,1,1
Z00030,P0024,1,3
Z00030,P0039,1,2
Z00030,P0044,1,2
Z00030,P0045,1,2
Z00030,P0061,1,3
Z00030,P0063,1,2
Z00030,P0073,1,4
Z00030,P0074,1,6
Z00030,P0079,1,3
Z00030,P0090,1,3
Z00030,P0095,1,2
Z00030,P0117,1,2
Z00030,P0119,1,2
Z00030,P0127,1,2
Z00030,P0132,1,4
Z00030,P0139,1,1
Z00030,P0142,1,3
Z00031,P0001,1,3
Z00031,P0003,1,3
Z00031,P0005,1,5
Z00031,P0016,1,1
Z00031,P0017,1,6
Z00031,P0032,1,2
Z00031,P0039,1,1
Z00031,P0044,1,3
Z00031,P0054,1,4
Z00031,P0055,1,5
Z00031,P0069,1,3
Z00031,P0071,1,2
Z00031,P0073,1,2
Z00031,P0077,1,2
Z00031,P0081,1,2
Z00031,P0083,1,1
Z00031,P0088,1,4
Z00031,P0096,1,4
Z00031,P0097,1,4
Z00031,P0101,1,2
Z00031,P0149,1,2
Z00032,P0024,1,4
Z00032,P0033,1,2
Z00032,P0045,1,3
Z00032,P0056,1,2
Z00032,P0058,1,1
Z00032,P0083,1,2
Z00032,P0084,1,1
Z00032,P0123,1,2
Z00032,P0150,1,3
Z00033,P0017,1,2
Z00033,P0019,1,1
Z00033,P0044,1,5
Z00033,P0054,1,6
Z00033,P0058,1,3
Z00033,P0061,1,4
Z00033,P0062,1,1
Z00033,P0065,1,2
Z00033,P0067,1,1
Z00033,P0073,1,2
Z00033,P0074,1,4
Z00033,P0076,1,1
Z00033,P0090,1,1
Z00033,P0099,1,1
Z00033,P0103,1,3
Z00033,P0125,1,2
Z00033,P0141,1,1
Z00033,P0146,1,4
Z00033,P0150,1,4
Z00034,P0016,1,1
Z00034,P0019,1,2
Z00034,P0023,1,2
Z00034,P0027,1,1
Z00034,P0033,1,2
Z00034,P0041,1,2
Z00034,P0042,1,4
Z00034,P0045,1,4
Z00034,P0054,1,7
Z00034,P0061,1,1
Z00034,P0062,1,2
Z00034,P0066,1,2
Z00034,P0090,1,3
Z00034,P0094,1,1
Z00034,P0096,1,3
Z00034,P0135,1,3
Z00034,P0142,1,1
Z00034,P0149,1,3
Z00034,P0150,1,3
Z00035,P0001,1,3
Z00035,P0045,1,2
Z00035,P0054,1,2
Z00035,P0055,1,4
Z00035,P0062,1,2
Z00035,P0073,1,2
Z00035,P0074,1,3
Z00035,P0081,1,2
Z00035,P0101,1,3
Z00035,P0107,1,1
Z00035,P0112,1,5
Z00035,P0121,1,1
Z00035,P0131,1,2
Z00035,P0141,1,5
Z00035,P0147,1,1
Z00036,P0001,1,1
Z00036,P0003,1,3
Z00036,P0038,1,3
Z00036,P0054,1,6
Z00036,P0097,1,1
Z00036,P0105,1,2
Z00036,P0133,1,2
Z00036,P0137,1,2
Z00036,P0141,1,2
Z00036,P0146,1,4
Z00037,P0015,1,1
Z00037,P0023,1,3
Z00037,P0042,1,5
Z00037,P0045,1,3
Z00037,P0055,1,3
Z00037,P0065,1,2
Z00037,P0074,1,2
Z00037,P0084,1,3
Z00037,P0086,1,1
Z00037,P0090,1,1
Z00037,P0097,1,3
Z00037,P0101,1,3
Z00037,P0128,1,2
Z00037,P0132,1,1
Z00038,P0008,1,2
Z00038,P0013,1,1
Z00038,P0023,1,4
Z00038,P0028,1,1
Z00038,P0042,1,1
Z00038,P0045,1,5
Z00038,P0099,1,4
Z00038,P0104,1,2
Z00038,P0119,1,3
Z00038,P0121,1,5
Z00038,P0130,1,2
Z00038,P0141,1,1
Z00038,P0146,1,4
Z00039,P0019,1,2
Z00039,P0023,1,3
Z00039,P0031,1,2
Z00039,P0032,1,4
Z00039,P0071,1,3
Z00039,P0083,1,2
Z00039,P0116,1,1
Z00039,P0119,1,5
Z00039,P0128,1,2
Z00039,P0133,1,3
Z00039,P0135,1,1
Z00039,P0136,1,1
Z00040,P0009,1,2
Z00040,P0023,1,3
Z00040,P0031,1,6
Z00040,P0039,1,3
Z00040,P0042,1,3
Z00040,P0047,1,4
Z00040,P0053,1,2
Z00040,P0055,1,2
Z00040,P0057,1,2
Z00040,P0071,1,3
Z00040,P0074,1,3
Z00040,P0075,1,1
Z00040,P0079,1,2
Z00040,P0080,1,3
Z00040,P0084,1,4
Z00040,P0089,1,2
Z00040,P0120,1,3
Z00040,P0121,1,5
Z00040,P0124,1,2
Z00040,P0125,1,2
Z00040,P0132,1,2
Z00040,P0147,1,1
Z00041,P0004,1,2
Z00041,P0012,1,3
Z00041,P0014,1,2
Z00041,P0016,1,2
Z00041,P0020,1,1
Z00041,P0039,1,4
Z00041,P0045,1,2
Z00041,P0051,1,3
Z00041,P0052,1,1
Z00041,P0055,1,5
Z00041,P0058,1,2
Z00041,P0062,1,1
Z00041,P0063,1,1
Z00041,P0071,1,1
Z00041,P0103,1,1
Z00041,P0119,1,3
Z00041,P0125,1,1
Z00041,P0126,1,1
Z00041,P0141,1,3
Z00041,P0150,1,2
Z00042,P0001,1,2
Z00042,P0036,1,3
Z00042,P0047,1,2
Z00042,P0055,1,2
Z00042,P0061,1,1
Z00042,P0087,1,2
Z00042,P0106,1,3
Z00042,P0118,1,3
Z00042,P0128,1,3
Z00042,P0146,1,1
Z00042,P0147,1,1
Z00043,P0005,1,3
Z00043,P0025,1,2
Z00043,P0026,1,3
Z00043,P0028,1,3
Z00043,P0039,1,3
Z00043,P0043,1,4
Z00043,P0048,1,1
Z00043,P0060,1,1
Z00043,P0063,1,3
Z00043,P0067,1,2
Z00043,P0079,1,3
Z00043,P0106,1,2
Z00043,P0121,1,3
Z00043,P0127,1,2
Z00043,P0131,1,3
Z00043,P0142,1,1
Z00043,P0143,1,2
Z00043,P0145,1,1
Z00043,P0146,1,3
Z00043,P0148,1,2
Z00044,P0011,1,1
Z00044,P0016,1,3
Z00044,P0050,1,3
Z00044,P0083,1,1
Z00044,P0131,1,2
Z00044,P0142,1,5
Z00045,P0011,1,3
Z00045,P0012,1,1
Z00045,P0016,1,2
Z00045,P0028,1,5
Z00045,P0032,1,4
Z00045,P0035,1,3
Z00045,P0038,1,2
Z00045,P0040,1,2
Z00045,P0043,1,2
Z00045,P0050,1,1
Z00045,P0054,1,1
Z00045,P0057,1,3
Z00045,P0060,1,3
Z00045,P0074,1,2
Z00045,P0077,1,2
Z00045,P0133,1,4
Z00045,P0146,1,5
Z00046,P0001,1,2
Z00046,P0009,1,1
Z00046,P0023,1,3
Z00046,P0026,1,2
Z00046,P0031,1,2
Z00046,P0036,1,1
Z00046,P0047,1,2
Z00046,P0055,1,3
Z00046,P0059,1,1
Z00046,P0060,1,3
Z00046,P0064,1,3
Z00046,P0066,1,2
Z00046,P0071,1,1
Z00046,P0074,1,4
Z00046,P0076,1,3
Z00046,P0091,1,1
Z00046,P0096,1,3
Z00046,P0097,1,1
Z00046,P0099,1,2
Z00046,P0116,1,1
Z00046,P0118,1,1
Z00046,P0121,1,8
Z00046,P0131,1,3
Z00046,P0133,1,2
Z00047,P0005,1,1
Z00047,P0023,1,4
Z00047,P0026,1,4
Z00047,P0027,1,3
Z00047,P0032,1,1
Z00047,P0049,1,1
Z00047,P0058,1,2
Z00047,P0061,1,2
Z00047,P0063,1,1
Z00047,P0080,1,2
Z00047,P0084,1,2
Z00047,P0090,1,1
Z00047,P0118,1,2
Z00047,P0133,1,1
Z00048,P0004,1,2
Z00048,P0006,1,1
Z00048,P0013,1,2
Z00048,P0016,1,2
Z00048,P0021,1,1
Z00048,P0023,1,2
Z00048,P0039,1,2
Z00048,P0050,1,1
Z00048,P0054,1,4
Z00048,P0076,1,4
Z00048,P0086,1,2
Z00048,P0101,1,2
Z00048,P0123,1,3
Z00048,P0124,1,4
Z00048,P0128,1,1
Z00048,P0131,1,3
Z00048,P0132,1,1
Z00048,P0141,1,2
Z00048,P0142,1,1
Z00048,P0146,1,5
Z00049,P0001,1,3
Z00049,P0010,1,3
Z00049,P0015,1,4
Z00049,P0017,1,2
Z00049,P0031,1,2
Z00049,P0044,1,3
Z00049,P0045,1,3
Z00049,P0048,1,1
Z00049,P0067,1,2
Z00049,P0079,1,5
Z00049,P0119,1,3
Z00049,P0146,1,4
Z00050,P0002,1,2
Z00050,P0003,1,2
Z00050,P0005,1,6
Z00050,P0016,1,1
Z00050,P0019,1,3
Z00050,P0022,1,2
Z00050,P0031,1,1
Z00050,P0039,1,1
Z00050,P0045,1,4
Z00050,P0055,1,3
Z00050,P0063,1,5
Z00050,P0090,1,1
Z00050,P0095,1,3
Z00050,P0131,1,1
Z00050,P0132,1,3
Z00050,P0133,1,4
Z00050,P0147,1,4
Z00051,P0017,1,4
Z00051,P0028,1,4
Z00051,P0030,1,2
Z00051,P0032,1,2
Z00051,P0039,1,2
Z00051,P0042,1,3
Z00051,P0046,1,4
Z00051,P0048,1,3
Z00051,P0054,1,3
Z00051,P0061,1,1
Z00051,P0066,1,2
Z00051,P0075,1,1
Z00051,P0090,1,3
Z00051,P0104,1,2
Z00051,P0132,1,2
Z00051,P0136,1,2
Z00051,P0137,1,3
Z00051,P0138,1,3
Z00052,P0011,1,3
Z00052,P0019,1,1
Z00052,P0043,1,3
Z00052,P0044,1,1
Z00052,P0045,1,4
Z00052,P0049,1,2
Z00052,P0054,1,5
Z00052,P0078,1,2
Z00052,P0084,1,2
Z00052,P0086,1,3
Z00052,P0090,1,4
Z00052,P0097,1,2
Z00052,P0119,1,4
Z00052,P0121,1,3
Z00052,P0123,1,1
Z00052,P0141,1,3
Z00053,P0008,1,2
Z00053,P0020,1,2
Z00053,P0026,1,3
Z00053,P0028,1,2
Z00053,P0030,1,2
Z00053,P0056,1,1
Z00053,P0060,1,3
Z00053,P0068,1,3
Z00053,P0075,1,5
Z00053,P0084,1,2
Z00053,P0099,1,2
Z00053,P0101,1,3
Z00053,P0102,1,3
Z00053,P0103,1,2
Z00053,P0127,1,3
Z00053,P0131,1,4
Z00053,P0135,1,3
Z00053,P0136,1,2
Z00054,P0003,1,3
Z00054,P0005,1,5
Z00054,P0009,1,1
Z00054,P0013,1,2
Z00054,P0017,1,3
Z00054,P0021,1,1
Z00054,P0023,1,5
Z00054,P0025,1,4
Z00054,P0044,1,1
Z00054,P0059,1,4
Z00054,P0064,1,4
Z00054,P0079,1,1
Z00054,P0082,1,2
Z00054,P0087,1,1
Z00054,P0096,1,6
Z00054,P0097,1,1
Z00054,P0099,1,1
Z00054,P0100,1,2
Z00054,P0106,1,5
Z00054,P0112,1,1
Z00054,P0118,1,2
Z00054,P0121,1,1
Z00054,P0127,1,1
Z00054,P0128,1,1
Z00054,P0131,1,5
Z00054,P0139,1,3
Z00054,P0141,1,1
Z00055,P0017,1,1
Z00055,P0034,1,1
Z00055,P0043,1,1
Z00055,P0056,1,2
Z00055,P0058,1,2
Z00055,P0087,1,2
Z00055,P0090,1,1
Z00055,P0097,1,2
Z00055,P0106,1,3
Z00055,P0119,1,4
Z00055,P0120,1,1
Z00055,P0139,1,1
Z00056,P0002,1,2
Z00056,P0005,1,4
Z00056,P0023,1,1
Z00056,P0039,1,2
Z00056,P0053,1,1
Z00056,P0055,1,3
Z00056,P0060,1,1
Z00056,P0077,1,1
Z00056,P0080,1,3
Z00056,P0093,1,2
Z00056,P0113,1,2
Z00056,P0132,1,1
Z00056,P0139,1,5
Z00056,P0141,1,2
Z00056,P0142,1,2
Z00056,P0146,1,3
Z00056,P0149,1,2
Z00056,P0150,1,1
Z00057,P0018,1,1
Z00057,P0054,1,3
Z00057,P0066,1,1
Z00057,P0069,1,2
Z00057,P0101,1,5
Z00058,P0005,1,1
Z00058,P0009,1,1
Z00058,P0016,1,1
Z00058,P0028,1,1
Z00058,P0031,1,3
Z00058,P0040,1,1
Z00058,P0047,1,2
Z00058,P0056,1,4
Z00058,P0060,1,1
Z00058,P0093,1,2
Z00058,P0106,1,2
Z00058,P0114,1,2
Z00058,P0116,1,1
Z00058,P0135,1,2
Z00059,P0009,1,1
Z00059,P0060,1,2
Z00059,P0083,1,2
Z00059,P0091,1,3
Z00059,P0099,1,2
Z00059,P0107,1,3
Z00059,P0131,1,6
Z00059,P0132,1,3
Z00059,P0137,1,2
Z00060,P0009,1,2
Z00060,P0016,1,1
Z00060,P0043,1,1
Z00060,P0044,1,1
Z00060,P0045,1,3
Z00060,P0065,1,3
Z00060,P0093,1,3
Z00060,P0099,1,1
Z00060,P0102,1,1
Z00060,P0117,1,4
Z00060,P0136,1,3
Z00060,P0139,1,3
Z00060,P0145,1,3
Z00060,P0150,1,2
Z00061,P0011,1,2
Z00061,P0019,1,1
Z00061,P0025,1,2
Z00061,P0032,1,3
Z00061,P0033,1,3
Z00061,P0041,1,1
Z00061,P0050,1,3
Z00061,P0064,1,2
Z00061,P0079,1,4
Z00061,P0080,1,1
Z00061,P0093,1,1
Z00061,P0142,1,3
Z00062,P0005,1,3
Z00062,P0013,1,2
Z00062,P0023,1,2
Z00062,P0025,1,3
Z00062,P0030,1,2
Z00062,P0031,1,2
Z00062,P0032,1,2
Z00062,P0036,1,1
Z00062,P0037,1,1
Z00062,P0045,1,5
Z00062,P0052,1,2
Z00062,P0060,1,4
Z00062,P0062,1,1
Z00062,P0063,1,2
Z00062,P0068,1,1
Z00062,P0073,1,4
Z00062,P0079,1,4
Z00062,P0081,1,5
Z00062,P0094,1,1
Z00062,P0095,1,1
Z00062,P0097,1,4
Z00062,P0107,1,2
Z00062,P0127,1,3
Z00062,P0129,1,2
Z00062,P0145,1,3
Z00062,P0150,1,2
Z00063,P0003,1,2
Z00063,P0015,1,1
Z00063,P0016,1,3
Z00063,P0031,1,2
Z00063,P0036,1,1
Z00063,P0042,1,2
Z00063,P0063,1,4
Z00063,P0073,1,2
Z00063,P0077,1,2
Z00063,P0083,1,5
Z00063,P0086,1,2
Z00063,P0090,1,4
Z00063,P0093,1,4
Z00063,P0096,1,2
Z00063,P0097,1,1
Z00063,P0120,1,2
Z00063,P0147,1,3
Z00063,P0149,1,1
Z00064,P0001,1,2
Z00064,P0002,1,1
Z00064,P0003,1,4
Z00064,P0008,1,1
Z00064,P0015,1,3
Z00064,P0027,1,2
Z00064,P0028,1,3
Z00064,P0040,1,1
Z00064,P0047,1,1
Z00064,P0049,1,1
Z00064,P0050,1,1
Z00064,P0058,1,1
Z00064,P0071,1,2
Z00064,P0073,1,3
Z00064,P0135,1,2
Z00064,P0137,1,3
Z00065,P0005,1,3
Z00065,P0008,1,2
Z00065,P0009,1,1
Z00065,P0019,1,2
Z00065,P0021,1,1
Z00065,P0024,1,2
Z00065,P0026,1,4
Z00065,P0029,1,1
Z00065,P0032,1,3
Z00065,P0037,1,1
Z00065,P0039,1,4
Z00065,P0040,1,3
Z00065,P0053,1,1
Z00065,P0056,1,1
Z00065,P0061,1,3
Z00065,P0062,1,3
Z00065,P0063,1,2
Z00065,P0065,1,1
Z00065,P0067,1,1
Z00065,P0079,1,5
Z00065,P0080,1,3
Z00065,P0090,1,2
Z00065,P0091,1,1
Z00065,P0094,1,2
Z00065,P0101,1,2
Z00065,P0117,1,1
Z00065,P0119,1,6
Z00065,P0147,1,3
Z00065,P0148,1,3
Z00066,P0005,1,4
Z00066,P0009,1,3
Z00066,P0016,1,3
Z00066,P0020,1,1
Z00066,P0022,1,1
Z00066,P0027,1,2
Z00066,P0056,1,3
Z00066,P0063,1,4
Z00066,P0074,1,4
Z00066,P0090,1,7
Z00066,P0107,1,2
Z00066,P0142,1,1
Z00066,P0150,1,4
Z00067,P0008,1,1
Z00067,P0032,1,2
Z00067,P0051,1,1
Z00067,P0054,1,5
Z00067,P0055,1,2
Z00067,P0063,1,1
Z00067,P0071,1,3
Z00067,P0077,1,2
Z00067,P0080,1,4
Z00067,P0086,1,1
Z00067,P0088,1,2
Z00067,P0111,1,2
Z00067,P0112,1,2
Z00067,P0118,1,2
Z00067,P0121,1,3
Z00067,P0131,1,2
Z00067,P0145,1,1
Z00068,P0001,1,2
Z00068,P0003,1,1
Z00068,P0005,1,6
Z00068,P0008,1,1
Z00068,P0016,1,3
Z00068,P0022,1,1
Z00068,P0036,1,1
Z00068,P0043,1,1
Z00068,P0048,1,2
Z00068,P0068,1,3
Z00068,P0073,1,2
Z00068,P0088,1,4
Z00068,P0090,1,3
Z00068,P0101,1,1
Z00068,P0148,1,1
Z00068,P0150,1,3
Z00069,P0008,1,2
Z00069,P0015,1,4
Z00069,P0022,1,1
Z00069,P0025,1,3
Z00069,P0026,1,2
Z00069,P0031,1,1
Z00069,P0045,1,1
Z00069,P0053,1,1
Z00069,P0060,1,1
Z00069,P0073,1,5
Z00069,P0074,1,3
Z00069,P0077,1,1
Z00069,P0106,1,4
Z00069,P0120,1,5
Z00069,P0131,1,2
Z00069,P0139,1,2
Z00069,P0146,1,5
Z00069,P0147,1,4
Z00070,P0066,1,2
Z00070,P0071,1,1
Z00070,P0089,1,2
Z00070,P0101,1,4
Z00070,P0137,1,1
Z00070,P0143,1,1
Z00071,P0003,1,3
Z00071,P0008,1,3
Z00071,P0016,1,3
Z00071,P0031,1,4
Z00071,P0039,1,3
Z00071,P0041,1,2
Z00071,P0042,1,1
Z00071,P0058,1,4
Z00071,P0060,1,1
Z00071,P0068,1,2
Z00071,P0072,1,3
Z00071,P0073,1,3
Z00071,P0075,1,2
Z00071,P0081,1,2
Z00071,P0116,1,3
Z00071,P0119,1,2
Z00071,P0123,1,2
Z00071,P0131,1,1
Z00071,P0139,1,4
Z00071,P0140,1,3
Z00071,P0141,1,3
Z00072,P0004,1,1
Z00072,P0008,1,1
Z00072,P0037,1,3
Z00072,P0043,1,2
Z00072,P0044,1,4
Z00072,P0045,1,1
Z00072,P0047,1,3
Z00072,P0073,1,1
Z00072,P0079,1,3
Z00072,P0097,1,1
Z00072,P0099,1,2
Z00072,P0106,1,3
Z00072,P0118,1,2
Z00072,P0125,1,1
Z00072,P0128,1,2
Z00072,P0132,1,5
Z00072,P0139,1,1
Z00073,P0005,1,2
Z00073,P0017,1,3
Z00073,P0024,1,3
Z00073,P0025,1,2
Z00073,P0033,1,1
Z00073,P0048,1,1
Z00073,P0055,1,3
Z00073,P0074,1,2
Z00073,P0087,1,2
Z00073,P0090,1,7
Z00073,P0109,1,2
Z00073,P0111,1,1
Z00073,P0140,1,2
Z00073,P0150,1,1
Z00074,P0002,1,2
Z00074,P0003,1,2
Z00074,P0017,1,3
Z00074,P0023,1,2
Z00074,P0026,1,2
Z00074,P0044,1,2
Z00074,P0047,1,4
Z00074,P0068,1,4
Z00074,P0073,1,3
Z00074,P0091,1,1
Z00074,P0132,1,3
Z00074,P0136,1,2
Z00074,P0149,1,2
Z00075,P0005,1,1
Z00075,P0014,1,1
Z00075,P0018,1,1
Z00075,P0031,1,1
Z00075,P0035,1,2
Z00075,P0045,1,1
Z00075,P0061,1,1
Z00075,P0073,1,3
Z00075,P0123,1,1
Z00076,P0011,1,4
Z00076,P0014,1,1
Z00076,P0016,1,2
Z00076,P0019,1,5
Z00076,P0028,1,3
Z00076,P0033,1,2
Z00076,P0042,1,1
Z00076,P0045,1,2
Z00076,P0077,1,4
Z00077,P0033,1,2
Z00077,P0055,1,2
Z00077,P0063,1,6
Z00077,P0096,1,4
Z00077,P0127,1,2
Z00077,P0128,1,3
Z00077,P0133,1,2
Z00078,P0002,1,5
Z00078,P0005,1,3
Z00078,P0008,1,1
Z00078,P0017,1,4
Z00078,P0023,1,5
Z00078,P0028,1,2
Z00078,P0045,1,2
Z00078,P0047,1,2
Z00078,P0049,1,2
Z00078,P0061,1,6
Z00078,P0071,1,2
Z00078,P0079,1,2
Z00078,P0087,1,2
Z00078,P0099,1,3
Z00078,P0103,1,2
Z00078,P0114,1,2
Z00078,P0119,1,7
Z00078,P0123,1,2
Z00078,P0146,1,2
Z00078,P0150,1,2
Z00079,P0005,1,4
Z00079,P0011,1,2
Z00079,P0015,1,3
Z00079,P0026,1,1
Z00079,P0044,1,3
Z00079,P0054,1,4
Z00079,P0062,1,4
Z00079,P0077,1,1
Z00079,P0119,1,3
Z00079,P0121,1,4
Z00079,P0130,1,1
Z00079,P0144,1,2
Z00080,P0025,1,3
Z00080,P0048,1,3
Z00080,P0063,1,3
Z00080,P0077,1,5
Z00080,P0080,1,4
Z00080,P0094,1,3
Z00080,P0132,1,4
Z00080,P0145,1,2
Z00080,P0150,1,3
Z00081,P0016,1,3
Z00081,P0017,1,5
Z00081,P0032,1,5
Z00081,P0037,1,3
Z00081,P0039,1,2
Z00081,P0040,1,2
Z00081,P0042,1,2
Z00081,P0045,1,6
Z00081,P0063,1,1
Z00081,P0065,1,4
Z00081,P0073,1,3
Z00081,P0079,1,2
Z00081,P0082,1,2
Z00081,P0098,1,2
Z00081,P0105,1,1
Z00081,P0111,1,2
Z00081,P0128,1,3
Z00081,P0129,1,1
Z00081,P0130,1,2
Z00081,P0131,1,1
Z00081,P0133,1,2
Z00081,P0146,1,1
Z00081,P0150,1,2
Z00082,P0036,1,2
Z00082,P0039,1,2
Z00082,P0054,1,4
Z00082,P0065,1,2
Z00082,P0074,1,2
Z00082,P0079,1,1
Z00082,P0098,1,2
Z00082,P0120,1,1
Z00082,P0150,1,1
Z00083,P0003,1,4
Z00083,P0005,1,2
Z00083,P0011,1,1
Z00083,P0017,1,2
Z00083,P0021,1,1
Z00083,P0024,1,3
Z00083,P0025,1,5
Z00083,P0031,1,2
Z00083,P0045,1,5
Z00083,P0046,1,1
Z00083,P0078,1,3
Z00083,P0094,1,1
Z00083,P0097,1,1
Z00083,P0121,1,4
Z00083,P0132,1,3
Z00083,P0133,1,3
Z00083,P0137,1,2
Z00083,P0147,1,5
Z00084,P0005,1,2
Z00084,P0039,1,4
Z00084,P0043,1,3
Z00084,P0050,1,2
Z00084,P0054,1,4
Z00084,P0055,1,3
Z00084,P0060,1,3
Z00084,P0061,1,1
Z00084,P0068,1,2
Z00084,P0072,1,1
Z00084,P0075,1,2
Z00084,P0082,1,1
Z00084,P0086,1,2
Z00084,P0088,1,2
Z00084,P0095,1,1
Z00084,P0097,1,1
Z00084,P0099,1,3
Z00084,P0134,1,1
Z00084,P0148,1,1
Z00085,P0005,1,3
Z00085,P0008,1,2
Z00085,P0016,1,3
Z00085,P0026,1,2
Z00085,P0032,1,2
Z00085,P0043,1,2
Z00085,P0056,1,1
Z00085,P0058,1,3
Z00085,P0063,1,5
Z00085,P0066,1,1
Z00085,P0081,1,2
Z00085,P0096,1,6
Z00085,P0111,1,1
Z00085,P0116,1,6
Z00085,P0118,1,3
Z00085,P0119,1,2
Z00085,P0122,1,2
Z00085,P0127,1,1
Z00085,P0132,1,3
Z00085,P0146,1,2
Z00086,P0004,1,3
Z00086,P0005,1,2
Z00086,P0009,1,3
Z00086,P0028,1,4
Z00086,P0041,1,3
Z00086,P0053,1,2
Z00086,P0054,1,2
Z00086,P0058,1,2
Z00086,P0059,1,1
Z00086,P0063,1,3
Z00086,P0068,1,2
Z00086,P0073,1,2
Z00086,P0076,1,3
Z00086,P0080,1,1
Z00086,P0089,1,3
Z00086,P0093,1,1
Z00086,P0096,1,2
Z00086,P0101,1,1
Z00086,P0119,1,2
Z00086,P0124,1,1
Z00086,P0138,1,2
Z00087,P0014,1,2
Z00087,P0022,1,2
Z00087,P0025,1,1
Z00087,P0043,1,2
Z00087,P0054,1,6
Z00087,P0059,1,1
Z00087,P0064,1,1
Z00087,P0067,1,3
Z00087,P0074,1,1
Z00087,P0090,1,3
Z00087,P0096,1,2
Z00087,P0099,1,1
Z00087,P0102,1,2
Z00087,P0109,1,2
Z00087,P0121,1,1
Z00087,P0123,1,4
Z00087,P0125,1,1
Z00087,P0146,1,4
Z00088,P0006,1,1
Z00088,P0032,1,1
Z00088,P0036,1,1
Z00088,P0039,1,4
Z00088,P0050,1,1
Z00088,P0055,1,3
Z00088,P0056,1,3
Z00088,P0082,1,3
Z00088,P0113,1,1
Z00088,P0118,1,1
Z00088,P0140,1,2
Z00088,P0146,1,2
Z00089,P0005,1,2
Z00089,P0017,1,3
Z00089,P0037,1,1
Z00089,P0042,1,6
Z00089,P0045,1,2
Z00089,P0050,1,2
Z00089,P0055,1,5
Z00089,P0056,1,1
Z00089,P0058,1,2
Z00089,P0063,1,1
Z00089,P0068,1,5
Z00089,P0086,1,1
Z00089,P0088,1,2
Z00089,P0090,1,3
Z00089,P0091,1,3
Z00089,P0093,1,1
Z00089,P0094,1,2
Z00089,P0096,1,1
Z00089,P0098,1,3
Z00089,P0103,1,5
Z00089,P0107,1,1
Z00089,P0119,1,3
Z00089,P0127,1,2
Z00089,P0131,1,4
Z00089,P0132,1,1
Z00089,P0142,1,3
Z00089,P0146,1,3
Z00089,P0149,1,1
Z00090,P0003,1,2
Z00090,P0004,1,2
Z00090,P0016,1,3
Z00090,P0019,1,1
Z00090,P0023,1,4
Z00090,P0028,1,5
Z00090,P0054,1,2
Z00090,P0055,1,2
Z00090,P0074,1,2
Z00090,P0093,1,2
Z00090,P0101,1,2
Z00090,P0117,1,2
Z00090,P0118,1,2
Z00090,P0121,1,4
Z00090,P0132,1,3
Z00090,P0138,1,3
Z00091,P0008,1,2
Z00091,P0019,1,2
Z00091,P0021,1,1
Z00091,P0023,1,1
Z00091,P0024,1,1
Z00091,P0042,1,2
Z00091,P0048,1,1
Z00091,P0060,1,3
Z00091,P0071,1,2
Z00091,P0080,1,2
Z00091,P0091,1,3
Z00091,P0098,1,2
Z00091,P0103,1,2
Z00091,P0104,1,2
Z00091,P0112,1,2
Z00091,P0121,1,4
Z00091,P0123,1,2
Z00091,P0128,1,3
Z00091,P0139,1,5
Z00091,P0144,1,1
Z00091,P0147,1,1
Z00092,P0018,1,2
Z00092,P0028,1,4
Z00092,P0030,1,1
Z00092,P0047,1,1
Z00092,P0054,1,4
Z00092,P0068,1,1
Z00092,P0076,1,2
Z00092,P0080,1,1
Z00092,P0096,1,3
Z00092,P0123,1,3
Z00092,P0127,1,1
Z00092,P0136,1,1
Z00092,P0142,1,3
Z00092,P0146,1,3
Z00093,P0049,1,2
Z00093,P0074,1,2
Z00093,P0076,1,2
Z00093,P0079,1,3
Z00093,P0088,1,4
Z00093,P0089,1,1
Z00093,P0090,1,5
Z00093,P0099,1,4
Z00093,P0127,1,2
Z00093,P0132,1,4
Z00093,P0133,1,1
Z00093,P0137,1,1
Z00093,P0138,1,1
Z00093,P0140,1,2
Z00094,P0001,1,3
Z00094,P0008,1,5
Z00094,P0011,1,2
Z00094,P0017,1,2
Z00094,P0019,1,3
Z00094,P0036,1,1
Z00094,P0042,1,4
Z00094,P0047,1,5
Z00094,P0055,1,5
Z00094,P0062,1,1
Z00094,P0065,1,1
Z00094,P0069,1,1
Z00094,P0075,1,2
Z00094,P0076,1,2
Z00094,P0083,1,1
Z00094,P0088,1,5
Z00094,P0090,1,7
Z00094,P0117,1,2
Z00094,P0121,1,2
Z00094,P0126,1,1
Z00094,P0133,1,3
Z00094,P0148,1,2
Z00095,P0001,1,1
Z00095,P0023,1,2
Z00095,P0026,1,2
Z00095,P0034,1,1
Z00095,P0043,1,1
Z00095,P0044,1,1
Z00095,P0046,1,2
Z00095,P0067,1,2
Z00095,P0101,1,2
Z00095,P0112,1,2
Z00095,P0119,1,1
Z00095,P0121,1,5
Z00095,P0130,1,2
Z00095,P0146,1,7
Z00095,P0148,1,1
Z00096,P0011,1,2
Z00096,P0014,1,2
Z00096,P0017,1,1
Z00096,P0045,1,1
Z00096,P0050,1,4
Z00096,P0052,1,2
Z00096,P0065,1,5
Z00096,P0074,1,5
Z00096,P0078,1,3
Z00096,P0088,1,4
Z00096,P0100,1,1
Z00096,P0120,1,3
Z00096,P0130,1,3
Z00097,P0017,1,3
Z00097,P0032,1,5
Z00097,P0068,1,1
Z00097,P0090,1,5
Z00097,P0116,1,2
Z00097,P0135,1,2
Z00098,P0032,1,5
Z00098,P0042,1,2
Z00098,P0051,1,2
Z00098,P0055,1,6
Z00098,P0060,1,3
Z00098,P0063,1,1
Z00098,P0067,1,1
Z00098,P0071,1,1
Z00098,P0079,1,3
Z00098,P0096,1,3
Z00098,P0098,1,1
Z00098,P0107,1,1
Z00098,P0112,1,1
Z00098,P0124,1,1
Z00098,P0125,1,4
Z00098,P0131,1,4
Z00098,P0132,1,2
Z00098,P0135,1,4
Z00098,P0143,1,1
Z00098,P0147,1,4
Z00098,P0148,1,1
Z00099,P0042,1,3
Z00099,P0045,1,2
Z00099,P0047,1,1
Z00099,P0054,1,3
Z00099,P0055,1,4
Z00099,P0056,1,3
Z00099,P0064,1,1
Z00099,P0067,1,3
Z00099,P0068,1,8
Z00099,P0074,1,2
Z00099,P0088,1,2
Z00099,P0091,1,2
Z00099,P0095,1,1
Z00099,P0096,1,1
Z00099,P0097,1,6
Z00099,P0106,1,4
Z00099,P0119,1,2
Z00099,P0135,1,3
Z00100,P0011,1,1
Z00100,P0013,1,1
Z00100,P0023,1,2
Z00100,P0042,1,7
Z00100,P0055,1,1
Z00100,P0127,1,2
Z00100,P0128,1,2
Z00100,P0130,1,2
Z00101,P0005,1,3
Z00101,P0008,1,2
Z00101,P0011,1,4
Z00101,P0024,1,2
Z00101,P0025,1,2
Z00101,P0032,1,4
Z00101,P0040,1,2
Z00101,P0054,1,3
Z00101,P0063,1,2
Z00101,P0074,1,6
Z00101,P0081,1,1
Z00101,P0083,1,1
Z00101,P0084,1,2
Z00101,P0088,1,4
Z00101,P0091,1,1
Z00101,P0097,1,2
Z00101,P0119,1,6
Z00101,P0131,1,3
Z00101,P0137,1,2
Z00101,P0138,1,2
Z00101,P0144,1,1
Z00101,P0147,1,4
Z00101,P0148,1,3
Z00102,P0001,1,2
Z00102,P0005,1,3
Z00102,P0014,1,1
Z00102,P0023,1,2
Z00102,P0044,1,3
Z00102,P0045,1,3
Z00102,P0055,1,2
Z00102,P0074,1,3
Z00102,P0087,1,2
Z00102,P0089,1,1
Z00102,P0099,1,3
Z00102,P0126,1,1
Z00102,P0140,1,1
Z00102,P0141,1,2
Z00102,P0145,1,1
Z00103,P0008,1,4
Z00103,P0011,1,1
Z00103,P0012,1,2
Z00103,P0016,1,2
Z00103,P0028,1,5
Z00103,P0037,1,2
Z00103,P0045,1,2
Z00103,P0054,1,5
Z00103,P0055,1,4
Z00103,P0056,1,2
Z00103,P0060,1,2
Z00103,P0070,1,3
Z00103,P0072,1,1
Z00103,P0074,1,6
Z00103,P0079,1,3
Z00103,P0088,1,1
Z00103,P0090,1,3
Z00103,P0102,1,2
Z00103,P0130,1,4
Z00103,P0140,1,4
Z00103,P0150,1,2
Z00104,P0011,1,2
Z00104,P0025,1,3
Z00104,P0029,1,1
Z00104,P0045,1,6
Z00104,P0061,1,1
Z00104,P0067,1,2
Z00104,P0073,1,2
Z00104,P0074,1,4
Z00104,P0083,1,2
Z00104,P0101,1,3
Z00104,P0103,1,3
Z00105,P0009,1,2
Z00105,P0030,1,1
Z00105,P0035,1,2
Z00105,P0050,1,4
Z00105,P0057,1,1
Z00105,P0060,1,5
Z00105,P0062,1,2
Z00105,P0079,1,3
Z00105,P0084,1,1
Z00105,P0089,1,2
Z00105,P0096,1,3
Z00105,P0100,1,2
Z00105,P0105,1,1
Z00105,P0138,1,1
Z00106,P0003,1,1
Z00106,P0009,1,1
Z00106,P0011,1,3
Z00106,P0017,1,1
Z00106,P0045,1,1
Z00106,P0055,1,5
Z00106,P0066,1,2
Z00106,P0096,1,3
Z00106,P0118,1,3
Z00106,P0144,1,1
Z00106,P0146,1,4
Z00107,P0001,1,2
Z00107,P0004,1,2
Z00107,P0005,1,3
Z00107,P0032,1,2
Z00107,P0042,1,2
Z00107,P0048,1,2
Z00107,P0067,1,1
Z00107,P0069,1,1
Z00107,P0086,1,1
Z00107,P0090,1,3
Z00107,P0091,1,1
Z00107,P0105,1,4
Z00107,P0106,1,2
Z00107,P0111,1,1
Z00107,P0119,1,3
Z00107,P0131,1,3
Z00107,P0132,1,6
Z00107,P0150,1,5
Z00108,P0003,1,3
Z00108,P0033,1,1
Z00108,P0056,1,3
Z00108,P0059,1,1
Z00108,P0067,1,2
Z00108,P0073,1,2
Z00108,P0074,1,6
Z00108,P0090,1,2
Z00108,P0100,1,1
Z00108,P0104,1,1
Z00108,P0123,1,3
Z00108,P0139,1,2
Z00108,P0140,1,1
Z00108,P0142,1,3
Z00108,P0145,1,3
Z00109,P0037,1,1
Z00109,P0042,1,3
Z00109,P0045,1,2
Z00109,P0061,1,2
Z00109,P0063,1,2
Z00109,P0074,1,6
Z00109,P0101,1,3
Z00109,P0106,1,2
Z00109,P0131,1,2
Z00110,P0017,1,1
Z00110,P0033,1,3
Z00110,P0039,1,2
Z00110,P0047,1,1
Z00110,P0052,1,4
Z00110,P0074,1,3
Z00110,P0075,1,1
Z00110,P0097,1,1
Z00110,P0098,1,2
Z00110,P0106,1,3
Z00110,P0119,1,1
Z00110,P0123,1,4
Z00110,P0127,1,3
Z00110,P0131,1,5
Z00110,P0132,1,1
Z00111,P0023,1,1
Z00111,P0050,1,1
Z00111,P0056,1,2
Z00111,P0058,1,3
Z00111,P0080,1,2
Z00111,P0090,1,3
Z00111,P0100,1,1
Z00111,P0123,1,2
Z00111,P0131,1,5
Z00111,P0145,1,2
Z00112,P0015,1,2
Z00112,P0023,1,2
Z00112,P0024,1,2
Z00112,P0033,1,1
Z00112,P0034,1,2
Z00112,P0042,1,3
Z00112,P0047,1,2
Z00112,P0061,1,1
Z00112,P0067,1,2
Z00112,P0076,1,3
Z00112,P0077,1,1
Z00112,P0084,1,1
Z00112,P0093,1,1
Z00112,P0106,1,2
Z00112,P0107,1,1
Z00112,P0116,1,1
Z00112,P0129,1,2
Z00112,P0130,1,1
Z00112,P0132,1,2
Z00112,P0138,1,3
Z00112,P0141,1,1
Z00112,P0147,1,3
Z00113,P0002,1,1
Z00113,P0016,1,2
Z00113,P0026,1,1
Z00113,P0030,1,2
Z00113,P0037,1,3
Z00113,P0053,1,1
Z00113,P0054,1,4
Z00113,P0062,1,3
Z00113,P0064,1,2
Z00113,P0080,1,2
Z00113,P0082,1,2
Z00113,P0089,1,3
Z00113,P0094,1,1
Z00113,P0095,1,2
Z00113,P0096,1,1
Z00113,P0114,1,1
Z00113,P0128,1,5
Z00113,P0137,1,1
Z00114,P0005,1,4
Z00114,P0012,1,1
Z00114,P0017,1,3
Z00114,P0019,1,2
Z00114,P0028,1,2
Z00114,P0032,1,2
Z00114,P0039,1,3
Z00114,P0042,1,2
Z00114,P0054,1,2
Z00114,P0074,1,6
Z00114,P0084,1,1
Z00114,P0088,1,1
Z00114,P0118,1,1
Z00114,P0119,1,3
Z00114,P0123,1,3
Z00114,P0124,1,2
Z00115,P0011,1,3
Z00115,P0012,1,2
Z00115,P0013,1,1
Z00115,P0038,1,2
Z00115,P0051,1,1
Z00115,P0077,1,1
Z00115,P0078,1,2
Z00115,P0083,1,3
Z00115,P0088,1,5
Z00115,P0095,1,1
Z00115,P0096,1,5
Z00115,P0103,1,3
Z00115,P0109,1,4
Z00115,P0133,1,2
Z00115,P0142,1,1
Z00116,P0005,1,7
Z00116,P0019,1,3
Z00116,P0026,1,2
Z00116,P0035,1,1
Z00116,P0057,1,3
Z00116,P0077,1,2
Z00116,P0079,1,4
Z00116,P0104,1,1
Z00116,P0115,1,1
Z00116,P0139,1,1
Z00117,P0007,1,3
Z00117,P0011,1,1
Z00117,P0016,1,3
Z00117,P0019,1,3
Z00117,P0024,1,2
Z00117,P0031,1,2
Z00117,P0044,1,1
Z00117,P0051,1,2
Z00117,P0054,1,2
Z00117,P0058,1,2
Z00117,P0060,1,4
Z00117,P0080,1,2
Z00117,P0088,1,2
Z00117,P0094,1,2
Z00117,P0097,1,2
Z00117,P0101,1,3
Z00117,P0112,1,1
Z00117,P0116,1,2
Z00117,P0118,1,3
Z00117,P0128,1,2
Z00117,P0131,1,4
Z00117,P0139,1,3
Z00117,P0141,1,3
Z00118,P0003,1,1
Z00118,P0019,1,5
Z00118,P0024,1,2
Z00118,P0036,1,2
Z00118,P0039,1,3
Z00118,P0044,1,1
Z00118,P0050,1,2
Z00118,P0054,1,3
Z00118,P0058,1,1
Z00118,P0071,1,2
Z00118,P0074,1,3
Z00118,P0090,1,8
Z00118,P0101,1,7
Z00118,P0107,1,2
Z00118,P0109,1,2
Z00118,P0113,1,1
Z00118,P0119,1,3
Z00118,P0133,1,2
Z00118,P0134,1,2
Z00118,P0137,1,1
Z00118,P0143,1,3
Z00119,P0042,1,4
Z00119,P0043,1,3
Z00119,P0048,1,1
Z00119,P0055,1,2
Z00119,P0056,1,2
Z00119,P0062,1,1
Z00119,P0068,1,2
Z00119,P0078,1,2
Z00119,P0084,1,2
Z00119,P0096,1,2
Z00119,P0109,1,3
Z00120,P0001,1,2
Z00120,P0029,1,2
Z00120,P0047,1,3
Z00120,P0057,1,2
Z00120,P0073,1,5
Z00120,P0078,1,1
Z00120,P0080,1,3
Z00120,P0090,1,2
Z00120,P0109,1,1
Z00120,P0113,1,2
Z00120,P0131,1,3
Z00121,P0012,1,1
Z00121,P0025,1,2
Z00121,P0047,1,3
Z00121,P0054,1,3
Z00121,P0056,1,5
Z00121,P0057,1,2
Z00121,P0064,1,1
Z00121,P0065,1,2
Z00121,P0079,1,2
Z00121,P0086,1,2
Z00121,P0094,1,2
Z00121,P0126,1,1
Z00121,P0141,1,1
Z00122,P0011,1,3
Z00122,P0019,1,1
Z00122,P0025,1,2
Z00122,P0026,1,2
Z00122,P0027,1,2
Z00122,P0047,1,2
Z00122,P0054,1,4
Z00122,P0063,1,1
Z00122,P0068,1,1
Z00122,P0074,1,3
Z00122,P0079,1,2
Z00122,P0088,1,3
Z00122,P0097,1,2
Z00122,P0117,1,2
Z00122,P0136,1,3
Z00123,P0005,1,5
Z00123,P0016,1,2
Z00123,P0024,1,4
Z00123,P0033,1,2
Z00123,P0038,1,3
Z00123,P0044,1,1
Z00123,P0045,1,3
Z00123,P0061,1,3
Z00123,P0065,1,2
Z00123,P0075,1,4
Z00123,P0096,1,2
Z00123,P0097,1,1
Z00123,P0106,1,1
Z00123,P0114,1,2
Z00123,P0117,1,3
Z00123,P0131,1,3
Z00123,P0138,1,2
Z00123,P0141,1,1
Z00123,P0146,1,3
Z00123,P0148,1,2
Z00124,P0004,1,3
Z00124,P0005,1,3
Z00124,P0016,1,1
Z00124,P0023,1,4
Z00124,P0026,1,2
Z00124,P0033,1,1
Z00124,P0063,1,4
Z00124,P0064,1,3
Z00124,P0067,1,2
Z00124,P0068,1,3
Z00124,P0073,1,4
Z00124,P0074,1,2
Z00124,P0090,1,1
Z00124,P0096,1,3
Z00124,P0101,1,3
Z00124,P0121,1,1
Z00124,P0125,1,2
Z00124,P0132,1,3
Z00124,P0145,1,4
Z00124,P0150,1,3
Z00125,P0007,1,3
Z00125,P0013,1,1
Z00125,P0016,1,3
Z00125,P0023,1,1
Z00125,P0027,1,1
Z00125,P0030,1,2
Z00125,P0034,1,2
Z00125,P0039,1,3
Z00125,P0053,1,1
Z00125,P0056,1,3
Z00125,P0058,1,2
Z00125,P0060,1,2
Z00125,P0061,1,1
Z00125,P0062,1,2
Z00125,P0063,1,2
Z00125,P0064,1,2
Z00125,P0068,1,2
Z00125,P0069,1,1
Z00125,P0074,1,2
Z00125,P0093,1,2
Z00125,P0095,1,2
Z00125,P0097,1,1
Z00125,P0099,1,2
Z00125,P0104,1,1
Z00125,P0109,1,2
Z00125,P0125,1,1
Z00125,P0131,1,2
Z00125,P0146,1,2
Z00125,P0150,1,3
Z00126,P0016,1,2
Z00126,P0038,1,2
Z00126,P0039,1,2
Z00126,P0055,1,6
Z00126,P0084,1,3
Z00126,P0093,1,1
Z00126,P0099,1,1
Z00126,P0101,1,5
Z00126,P0106,1,3
Z00126,P0146,1,3
Z00127,P0009,1,2
Z00127,P0019,1,3
Z00127,P0024,1,1
Z00127,P0031,1,1
Z00127,P0043,1,5
Z00127,P0051,1,1
Z00127,P0053,1,1
Z00127,P0064,1,4
Z00127,P0077,1,2
Z00127,P0082,1,1
Z00127,P0109,1,2
Z00127,P0121,1,1
Z00128,P0007,1,1
Z00128,P0023,1,3
Z00128,P0037,1,3
Z00128,P0047,1,2
Z00128,P0067,1,3
Z00128,P0076,1,4
Z00128,P0094,1,1
Z00128,P0104,1,1
Z00128,P0109,1,1
Z00128,P0116,1,3
Z00128,P0125,1,1
Z00128,P0147,1,3
Z00129,P0003,1,3
Z00129,P0047,1,1
Z00129,P0073,1,4
Z00129,P0074,1,7
Z00129,P0080,1,3
Z00129,P0099,1,1
Z00129,P0116,1,2
Z00129,P0120,1,2
Z00129,P0123,1,4
Z00129,P0131,1,3
Z00129,P0139,1,5
Z00129,P0150,1,2
Z00130,P0016,1,1
Z00130,P0017,1,2
Z00130,P0018,1,2
Z00130,P0019,1,3
Z00130,P0024,1,4
Z00130,P0036,1,3
Z00130,P0048,1,3
Z00130,P0054,1,5
Z00130,P0060,1,3
Z00130,P0061,1,2
Z00130,P0069,1,1
Z00130,P0088,1,4
Z00130,P0121,1,4
Z00130,P0128,1,3
Z00130,P0130,1,1
Z00130,P0131,1,2
Z00130,P0132,1,2
Z00130,P0133,1,2
Z00130,P0145,1,2
Z00131,P0003,1,2
Z00131,P0045,1,3
Z00131,P0047,1,4
Z00131,P0054,1,1
Z00131,P0056,1,3
Z00131,P0065,1,3
Z00131,P0073,1,4
Z00131,P0078,1,4
Z00131,P0080,1,4
Z00131,P0087,1,1
Z00131,P0104,1,1
Z00131,P0121,1,1
Z00131,P0132,1,4
Z00131,P0138,1,4
Z00131,P0146,1,3
Z00132,P0026,1,2
Z00132,P0030,1,1
Z00132,P0043,1,2
Z00132,P0054,1,2
Z00132,P0055,1,3
Z00132,P0076,1,2
Z00132,P0077,1,2
Z00132,P0080,1,2
Z00132,P0090,1,2
Z00132,P0101,1,4
Z00132,P0103,1,1
Z00132,P0106,1,3
Z00132,P0111,1,2
Z00132,P0117,1,1
Z00132,P0120,1,2
Z00132,P0127,1,3
Z00132,P0139,1,2
Z00132,P0141,1,1
Z00132,P0147,1,4
Z00133,P0002,1,3
Z00133,P0003,1,3
Z00133,P0012,1,3
Z00133,P0016,1,1
Z00133,P0017,1,4
Z00133,P0032,1,4
Z00133,P0036,1,1
Z00133,P0042,1,1
Z00133,P0045,1,3
Z00133,P0054,1,3
Z00133,P0056,1,2
Z00133,P0058,1,4
Z00133,P0062,1,2
Z00133,P0080,1,1
Z00133,P0083,1,3
Z00133,P0093,1,2
Z00133,P0105,1,1
Z00133,P0118,1,2
Z00133,P0119,1,2
Z00133,P0125,1,1
Z00134,P0004,1,2
Z00134,P0023,1,5
Z00134,P0025,1,2
Z00134,P0036,1,2
Z00134,P0037,1,2
Z00134,P0038,1,2
Z00134,P0055,1,5
Z00134,P0056,1,2
Z00134,P0074,1,2
Z00134,P0077,1,3
Z00134,P0078,1,2
Z00134,P0124,1,1
Z00134,P0128,1,3
Z00134,P0131,1,4
Z00135,P0014,1,2
Z00135,P0023,1,3
Z00135,P0048,1,3
Z00135,P0055,1,3
Z00135,P0068,1,2
Z00135,P0074,1,5
Z00135,P0128,1,1
Z00135,P0132,1,1
Z00136,P0001,1,2
Z00136,P0032,1,4
Z00136,P0035,1,3
Z00136,P0042,1,3
Z00136,P0055,1,8
Z00136,P0059,1,3
Z00136,P0061,1,1
Z00136,P0073,1,3
Z00136,P0083,1,1
Z00136,P0088,1,2
Z00136,P0090,1,4
Z00136,P0093,1,1
Z00136,P0095,1,2
Z00136,P0099,1,3
Z00136,P0127,1,4
Z00136,P0145,1,3
Z00137,P0001,1,1
Z00137,P0005,1,3
Z00137,P0012,1,1
Z00137,P0024,1,2
Z00137,P0033,1,1
Z00137,P0053,1,2
Z00137,P0055,1,4
Z00137,P0060,1,1
Z00137,P0068,1,4
Z00137,P0086,1,2
Z00137,P0088,1,2
Z00137,P0090,1,4
Z00137,P0098,1,4
Z00137,P0099,1,1
Z00137,P0104,1,2
Z00137,P0116,1,3
Z00137,P0118,1,2
Z00137,P0119,1,2
Z00137,P0127,1,2
Z00137,P0133,1,2
Z00137,P0135,1,2
Z00137,P0150,1,2
Z00138,P0011,1,1
Z00138,P0015,1,2
Z00138,P0019,1,2
Z00138,P0023,1,3
Z00138,P0033,1,2
Z00138,P0036,1,3
Z00138,P0047,1,2
Z00138,P0052,1,2
Z00138,P0055,1,2
Z00138,P0068,1,2
Z00138,P0079,1,2
Z00138,P0084,1,4
Z00138,P0088,1,2
Z00138,P0090,1,5
Z00138,P0096,1,3
Z00138,P0099,1,3
Z00138,P0103,1,1
Z00138,P0135,1,1
Z00138,P0146,1,2
Z00138,P0147,1,1
Z00139,P0012,1,1
Z00139,P0016,1,2
Z00139,P0017,1,5
Z00139,P0019,1,3
Z00139,P0024,1,2
Z00139,P0036,1,3
Z00139,P0037,1,1
Z00139,P0042,1,4
Z00139,P0043,1,1
Z00139,P0055,1,4
Z00139,P0073,1,2
Z00139,P0079,1,4
Z00139,P0086,1,1
Z00139,P0091,1,2
Z00139,P0099,1,2
Z00139,P0102,1,2
Z00139,P0103,1,2
Z00139,P0105,1,1
Z00139,P0120,1,5
Z00139,P0121,1,3
Z00139,P0132,1,4
Z00139,P0133,1,3
Z00139,P0134,1,1
Z00139,P0135,1,1
Z00139,P0142,1,1
Z00140,P0011,1,4
Z00140,P0012,1,3
Z00140,P0017,1,3
Z00140,P0019,1,2
Z00140,P0024,1,2
Z00140,P0036,1,1
Z00140,P0050,1,3
Z00140,P0054,1,5
Z00140,P0055,1,7
Z00140,P0065,1,2
Z00140,P0096,1,3
Z00140,P0106,1,3
Z00140,P0109,1,2
Z00140,P0131,1,3
Z00140,P0132,1,1
Z00140,P0142,1,2
Z00141,P0001,1,3
Z00141,P0003,1,3
Z00141,P0005,1,3
Z00141,P0017,1,3
Z00141,P0019,1,3
Z00141,P0026,1,5
Z00141,P0032,1,2
Z00141,P0037,1,3
Z00141,P0054,1,2
Z00141,P0058,1,2
Z00141,P0062,1,2
Z00141,P0068,1,4
Z00141,P0074,1,3
Z00141,P0076,1,4
Z00141,P0078,1,4
Z00141,P0079,1,3
Z00141,P0091,1,2
Z00141,P0094,1,1
Z00141,P0106,1,3
Z00141,P0116,1,1
Z00141,P0125,1,3
Z00142,P0023,1,1
Z00142,P0030,1,2
Z00142,P0034,1,3
Z00142,P0039,1,4
Z00142,P0043,1,3
Z00142,P0079,1,1
Z00142,P0090,1,3
Z00142,P0092,1,3
Z00142,P0096,1,2
Z00142,P0107,1,1
Z00142,P0121,1,2
Z00142,P0123,1,1
Z00142,P0143,1,2
Z00143,P0022,1,1
Z00143,P0028,1,4
Z00143,P0029,1,1
Z00143,P0033,1,3
Z00143,P0042,1,1
Z00143,P0044,1,1
Z00143,P0055,1,2
Z00143,P0064,1,2
Z00143,P0068,1,3
Z00143,P0081,1,1
Z00143,P0083,1,2
Z00143,P0096,1,7
Z00143,P0119,1,3
Z00143,P0125,1,2
Z00143,P0131,1,5
Z00143,P0132,1,2
Z00143,P0136,1,2
Z00143,P0138,1,3
Z00143,P0139,1,2
Z00143,P0148,1,1
Z00143,P0150,1,3
Z00144,P0003,1,3
Z00144,P0005,1,3
Z00144,P0027,1,2
Z00144,P0032,1,3
Z00144,P0034,1,2
Z00144,P0044,1,3
Z00144,P0045,1,3
Z00144,P0047,1,4
Z00144,P0048,1,1
Z00144,P0050,1,2
Z00144,P0055,1,6
Z00144,P0061,1,4
Z00144,P0063,1,2
Z00144,P0073,1,2
Z00144,P0074,1,2
Z00144,P0093,1,4
Z00144,P0099,1,1
Z00144,P0101,1,6
Z00144,P0102,1,2
Z00144,P0106,1,2
Z00144,P0108,1,1
Z00144,P0131,1,3
Z00144,P0132,1,5
Z00144,P0136,1,2
Z00144,P0142,1,3
Z00144,P0145,1,2
Z00145,P0005,1,1
Z00145,P0009,1,1
Z00145,P0028,1,1
Z00145,P0031,1,1
Z00145,P0036,1,1
Z00145,P0047,1,2
Z00145,P0049,1,2
Z00145,P0060,1,1
Z00145,P0065,1,4
Z00145,P0066,1,1
Z00145,P0090,1,2
Z00145,P0096,1,5
Z00145,P0097,1,1
Z00145,P0119,1,2
Z00145,P0127,1,2
Z00145,P0135,1,2
Z00146,P0003,1,4
Z00146,P0008,1,5
Z00146,P0016,1,3
Z00146,P0017,1,2
Z00146,P0023,1,4
Z00146,P0024,1,2
Z00146,P0042,1,1
Z00146,P0054,1,3
Z00146,P0060,1,2
Z00146,P0066,1,3
Z00146,P0082,1,3
Z00146,P0086,1,2
Z00146,P0096,1,1
Z00146,P0097,1,2
Z00146,P0113,1,1
Z00146,P0123,1,3
Z00146,P0127,1,3
Z00146,P0136,1,3
Z00146,P0137,1,4
Z00146,P0147,1,3
Z00147,P0003,1,3
Z00147,P0005,1,6
Z00147,P0042,1,1
Z00147,P0053,1,2
Z00147,P0068,1,7
Z00147,P0076,1,2
Z00147,P0087,1,3
Z00147,P0090,1,3
Z00147,P0146,1,2
Z00147,P0147,1,3
Z00147,P0148,1,2
Z00147,P0149,1,2
Z00148,P0011,1,1
Z00148,P0068,1,4
Z00148,P0120,1,3
Z00148,P0132,1,4
Z00148,P0133,1,1
Z00148,P0135,1,3
Z00148,P0137,1,2
Z00149,P0004,1,1
Z00149,P0025,1,2
Z00149,P0071,1,3
Z00149,P0101,1,2
Z00149,P0121,1,3
Z00149,P0132,1,2
Z00149,P0138,1,2
Z00149,P0146,1,1
Z00150,P0024,1,1
Z00150,P0062,1,5
Z00150,P0068,1,1
Z00150,P0084,1,1
Z00150,P0101,1,4
Z00150,P0113,1,1
Z00151,P0002,1,2
Z00151,P0005,1,4
Z00151,P0009,1,1
Z00151,P0016,1,3
Z00151,P0017,1,2
Z00151,P0025,1,1
Z00151,P0028,1,5
Z00151,P0048,1,2
Z00151,P0051,1,1
Z00151,P0119,1,3
Z00151,P0122,1,1
Z00151,P0124,1,3
Z00151,P0127,1,1
Z00151,P0133,1,2
Z00151,P0139,1,2
Z00152,P0017,1,3
Z00152,P0025,1,2
Z00152,P0028,1,4
Z00152,P0031,1,2
Z00152,P0042,1,2
Z00152,P0059,1,3
Z00152,P0091,1,2
Z00152,P0106,1,1
Z00152,P0109,1,2
Z00152,P0119,1,3
Z00152,P0120,1,3
Z00152,P0132,1,2
Z00152,P0150,1,4
Z00153,P0017,1,4
Z00153,P0035,1,1
Z00153,P0045,1,3
Z00153,P0049,1,1
Z00153,P0052,1,1
Z00153,P0056,1,2
Z00153,P0060,1,3
Z00153,P0068,1,1
Z00153,P0074,1,4
Z00153,P0079,1,4
Z00153,P0087,1,4
Z00153,P0094,1,2
Z00153,P0099,1,6
Z00153,P0106,1,2
Z00153,P0146,1,2
Z00153,P0147,1,1
Z00154,P0001,1,2
Z00154,P0014,1,2
Z00154,P0019,1,3
Z00154,P0024,1,1
Z00154,P0025,1,1
Z00154,P0026,1,3
Z00154,P0042,1,1
Z00154,P0050,1,5
Z00154,P0054,1,3
Z00154,P0063,1,3
Z00154,P0076,1,3
Z00154,P0088,1,2
Z00154,P0119,1,1
Z00154,P0132,1,1
Z00154,P0145,1,2
Z00155,P0001,1,2
Z00155,P0003,1,2
Z00155,P0004,1,3
Z00155,P0017,1,2
Z00155,P0030,1,2
Z00155,P0032,1,4
Z00155,P0035,1,2
Z00155,P0054,1,3
Z00155,P0063,1,5
Z00155,P0064,1,4
Z00155,P0066,1,2
Z00155,P0067,1,2
Z00155,P0073,1,1
Z00155,P0077,1,3
Z00155,P0083,1,1
Z00155,P0090,1,2
Z00155,P0094,1,2
Z00155,P0096,1,3
Z00155,P0107,1,1
Z00155,P0113,1,2
Z00155,P0119,1,5
Z00155,P0122,1,2
Z00155,P0124,1,1
Z00155,P0129,1,2
Z00155,P0133,1,4
Z00156,P0032,1,2
Z00156,P0034,1,1
Z00156,P0038,1,1
Z00156,P0039,1,3
Z00156,P0042,1,2
Z00156,P0045,1,3
Z00156,P0047,1,2
Z00156,P0064,1,3
Z00156,P0070,1,2
Z00156,P0076,1,3
Z00156,P0079,1,2
Z00156,P0081,1,1
Z00156,P0086,1,1
Z00156,P0119,1,3
Z00156,P0121,1,1
Z00156,P0125,1,2
Z00156,P0127,1,2
Z00156,P0129,1,1
Z00156,P0132,1,2
Z00156,P0140,1,2
Z00156,P0146,1,6
Z00157,P0012,1,2
Z00157,P0014,1,2
Z00157,P0047,1,4
Z00157,P0050,1,2
Z00157,P0055,1,4
Z00157,P0056,1,4
Z00157,P0061,1,1
Z00157,P0073,1,3
Z00157,P0074,1,4
Z00157,P0077,1,2
Z00157,P0079,1,5
Z00157,P0080,1,3
Z00157,P0092,1,1
Z00157,P0094,1,3
Z00157,P0107,1,3
Z00157,P0112,1,3
Z00157,P0119,1,1
Z00157,P0123,1,3
Z00157,P0127,1,1
Z00157,P0148,1,2
Z00158,P0008,1,1
Z00158,P0011,1,2
Z00158,P0017,1,1
Z00158,P0022,1,4
Z00158,P0030,1,1
Z00158,P0032,1,3
Z00158,P0040,1,1
Z00158,P0046,1,3
Z00158,P0055,1,7
Z00158,P0058,1,4
Z00158,P0060,1,3
Z00158,P0074,1,4
Z00158,P0091,1,1
Z00158,P0098,1,2
Z00158,P0102,1,1
Z00158,P0106,1,1
Z00158,P0109,1,1
Z00158,P0131,1,6
Z00158,P0148,1,2
Z00159,P0003,1,4
Z00159,P0007,1,1
Z00159,P0008,1,5
Z00159,P0022,1,3
Z00159,P0025,1,2
Z00159,P0032,1,2
Z00159,P0033,1,4
Z00159,P0039,1,4
Z00159,P0061,1,3
Z00159,P0063,1,2
Z00159,P0064,1,2
Z00159,P0074,1,3
Z00159,P0077,1,3
Z00159,P0089,1,2
Z00159,P0090,1,3
Z00159,P0091,1,2
Z00159,P0093,1,4
Z00159,P0097,1,1
Z00159,P0103,1,2
Z00159,P0104,1,2
Z00159,P0119,1,5
Z00159,P0120,1,3
Z00159,P0128,1,1
Z00159,P0133,1,2
Z00159,P0143,1,2
Z00159,P0146,1,5
Z00160,P0011,1,4
Z00160,P0015,1,2
Z00160,P0034,1,3
Z00160,P0036,1,3
Z00160,P0039,1,2
Z00160,P0068,1,3
Z00160,P0074,1,4
Z00160,P0084,1,1
Z00160,P0098,1,4
Z00160,P0116,1,3
Z00160,P0118,1,1
Z00160,P0128,1,3
Z00160,P0141,1,1
Z00160,P0145,1,1
Z00161,P0043,1,1
Z00161,P0049,1,2
Z00161,P0056,1,1
Z00161,P0059,1,1
Z00161,P0060,1,4
Z00161,P0062,1,3
Z00161,P0063,1,1
Z00161,P0074,1,1
Z00161,P0079,1,3
Z00161,P0081,1,2
Z00161,P0097,1,3
Z00161,P0098,1,3
Z00161,P0116,1,1
Z00161,P0122,1,1
Z00161,P0123,1,2
Z00161,P0128,1,1
Z00161,P0131,1,2
Z00161,P0133,1,3
Z00161,P0141,1,1
Z00162,P0009,1,2
Z00162,P0012,1,3
Z00162,P0015,1,1
Z00162,P0017,1,4
Z00162,P0022,1,2
Z00162,P0023,1,1
Z00162,P0032,1,2
Z00162,P0033,1,3
Z00162,P0056,1,1
Z00162,P0058,1,1
Z00162,P0062,1,3
Z00162,P0074,1,2
Z00162,P0078,1,3
Z00162,P0080,1,1
Z00162,P0084,1,4
Z00162,P0102,1,2
Z00162,P0107,1,1
Z00162,P0116,1,1
Z00162,P0138,1,2
Z00163,P0012,1,2
Z00163,P0037,1,5
Z00163,P0056,1,4
Z00163,P0059,1,1
Z00163,P0077,1,2
Z00163,P0090,1,5
Z00163,P0100,1,2
Z00163,P0101,1,4
Z00163,P0109,1,4
Z00163,P0141,1,2
Z00164,P0008,1,1
Z00164,P0023,1,2
Z00164,P0042,1,3
Z00164,P0047,1,3
Z00164,P0049,1,1
Z00164,P0054,1,6
Z00164,P0055,1,5
Z00164,P0067,1,5
Z00164,P0074,1,4
Z00164,P0084,1,4
Z00164,P0086,1,1
Z00164,P0090,1,5
Z00164,P0097,1,1
Z00164,P0118,1,1
Z00164,P0132,1,4
Z00164,P0139,1,3
Z00165,P0008,1,3
Z00165,P0011,1,3
Z00165,P0017,1,4
Z00165,P0019,1,2
Z00165,P0022,1,2
Z00165,P0028,1,2
Z00165,P0037,1,3
Z00165,P0039,1,1
Z00165,P0073,1,3
Z00165,P0077,1,2
Z00165,P0079,1,4
Z00165,P0088,1,4
Z00165,P0111,1,3
Z00165,P0134,1,1
Z00165,P0135,1,1
Z00165,P0137,1,3
Z00166,P0001,1,4
Z00166,P0005,1,6
Z00166,P0012,1,3
Z00166,P0015,1,1
Z00166,P0023,1,2
Z00166,P0025,1,2
Z00166,P0028,1,2
Z00166,P0032,1,4
Z00166,P0033,1,2
Z00166,P0037,1,2
Z00166,P0050,1,1
Z00166,P0055,1,1
Z00166,P0070,1,1
Z00166,P0076,1,2
Z00166,P0079,1,5
Z00166,P0095,1,1
Z00166,P0096,1,4
Z00166,P0101,1,2
Z00166,P0109,1,2
Z00166,P0136,1,1
Z00166,P0139,1,1
Z00166,P0141,1,1
Z00167,P0007,1,2
Z00167,P0017,1,1
Z00167,P0021,1,1
Z00167,P0022,1,1
Z00167,P0033,1,3
Z00167,P0068,1,2
Z00167,P0074,1,2
Z00167,P0087,1,1
Z00167,P0088,1,2
Z00167,P0090,1,4
Z00167,P0102,1,4
Z00167,P0119,1,2
Z00167,P0132,1,2
Z00167,P0142,1,2
Z00168,P0016,1,2
Z00168,P0045,1,3
Z00168,P0055,1,1
Z00168,P0056,1,3
Z00168,P0068,1,4
Z00168,P0069,1,2
Z00168,P0074,1,2
Z00168,P0078,1,4
Z00168,P0083,1,3
Z00168,P0095,1,4
Z00168,P0121,1,4
Z00168,P0147,1,1
Z00169,P0003,1,4
Z00169,P0012,1,3
Z00169,P0032,1,4
Z00169,P0043,1,2
Z00169,P0067,1,2
Z00169,P0079,1,1
Z00169,P0083,1,3
Z00169,P0090,1,6
Z00169,P0096,1,4
Z00169,P0101,1,4
Z00169,P0134,1,3
Z00169,P0140,1,1
Z00169,P0141,1,3
Z00169,P0142,1,4
Z00170,P0005,1,1
Z00170,P0028,1,3
Z00170,P0029,1,1
Z00170,P0039,1,1
Z00170,P0042,1,3
Z00170,P0043,1,3
Z00170,P0045,1,3
Z00170,P0047,1,1
Z00170,P0060,1,2
Z00170,P0063,1,2
Z00170,P0084,1,2
Z00170,P0101,1,5
Z00170,P0106,1,2
Z00170,P0113,1,2
Z00170,P0118,1,2
Z00170,P0128,1,3
Z00170,P0132,1,2
Z00170,P0143,1,2
Z00170,P0146,1,3
Z00170,P0147,1,1
Z00170,P0149,1,1
Z00171,P0003,1,3
Z00171,P0025,1,3
Z00171,P0034,1,1
Z00171,P0045,1,4
Z00171,P0055,1,3
Z00171,P0067,1,3
Z00171,P0073,1,2
Z00171,P0095,1,4
Z00171,P0096,1,5
Z00171,P0101,1,2
Z00171,P0109,1,2
Z00171,P0121,1,2
Z00171,P0132,1,5
Z00171,P0133,1,2
Z00172,P0011,1,3
Z00172,P0028,1,2
Z00172,P0045,1,3
Z00172,P0056,1,3
Z00172,P0073,1,2
Z00172,P0074,1,3
Z00172,P0099,1,1
Z00172,P0109,1,1
Z00172,P0116,1,3
Z00172,P0137,1,1
Z00172,P0138,1,4
Z00172,P0146,1,2
Z00173,P0003,1,3
Z00173,P0019,1,5
Z00173,P0033,1,2
Z00173,P0039,1,4
Z00173,P0074,1,2
Z00173,P0119,1,2
Z00173,P0123,1,1
Z00173,P0136,1,1
Z00174,P0001,1,4
Z00174,P0003,1,4
Z00174,P0008,1,2
Z00174,P0015,1,2
Z00174,P0017,1,2
Z00174,P0025,1,2
Z00174,P0027,1,5
Z00174,P0033,1,4
Z00174,P0037,1,1
Z00174,P0047,1,5
Z00174,P0051,1,3
Z00174,P0080,1,2
Z00174,P0081,1,3
Z00174,P0082,1,4
Z00174,P0096,1,2
Z00174,P0097,1,2
Z00174,P0101,1,3
Z00174,P0103,1,5
Z00174,P0112,1,1
Z00174,P0121,1,2
Z00174,P0124,1,1
Z00174,P0131,1,4
Z00174,P0138,1,4
Z00174,P0148,1,3
Z00175,P0004,1,2
Z00175,P0005,1,3
Z00175,P0011,1,4
Z00175,P0039,1,2
Z00175,P0042,1,3
Z00175,P0043,1,2
Z00175,P0045,1,2
Z00175,P0050,1,1
Z00175,P0058,1,1
Z00175,P0077,1,2
Z00175,P0080,1,3
Z00175,P0089,1,3
Z00175,P0090,1,2
Z00175,P0091,1,1
Z00175,P0095,1,1
Z00175,P0097,1,2
Z00175,P0104,1,2
Z00175,P0105,1,2
Z00175,P0117,1,2
Z00175,P0128,1,3
Z00175,P0129,1,1
Z00175,P0131,1,4
Z00175,P0132,1,3
Z00176,P0003,1,3
Z00176,P0005,1,4
Z00176,P0009,1,2
Z00176,P0060,1,6
Z00176,P0068,1,4
Z00176,P0077,1,4
Z00176,P0080,1,1
Z00176,P0094,1,1
Z00176,P0130,1,1
Z00176,P0131,1,3
Z00176,P0132,1,3
Z00176,P0133,1,2
Z00176,P0144,1,1
Z00177,P0009,1,3
Z00177,P0014,1,2
Z00177,P0037,1,2
Z00177,P0045,1,3
Z00177,P0073,1,2
Z00177,P0079,1,2
Z00177,P0096,1,1
Z00177,P0131,1,4
Z00177,P0132,1,2
Z00177,P0141,1,1
Z00178,P0002,1,1
Z00178,P0009,1,2
Z00178,P0011,1,1
Z00178,P0017,1,3
Z00178,P0023,1,3
Z00178,P0065,1,3
Z00178,P0074,1,4
Z00178,P0078,1,4
Z00178,P0079,1,2
Z00178,P0099,1,1
Z00178,P0102,1,2
Z00178,P0114,1,1
Z00178,P0119,1,2
Z00178,P0121,1,3
Z00178,P0132,1,2
Z00178,P0141,1,3
Z00178,P0142,1,1
Z00179,P0015,1,6
Z00179,P0021,1,1
Z00179,P0038,1,1
Z00179,P0054,1,3
Z00179,P0056,1,2
Z00179,P0060,1,3
Z00179,P0061,1,2
Z00179,P0063,1,1
Z00179,P0064,1,1
Z00179,P0065,1,1
Z00179,P0073,1,3
Z00179,P0096,1,4
Z00179,P0101,1,3
Z00179,P0103,1,2
Z00179,P0128,1,4
Z00179,P0131,1,6
Z00179,P0132,1,4
Z00179,P0141,1,3
Z00180,P0001,1,3
Z00180,P0015,1,3
Z00180,P0023,1,4
Z00180,P0028,1,2
Z00180,P0034,1,1
Z00180,P0035,1,1
Z00180,P0037,1,1
Z00180,P0053,1,4
Z00180,P0054,1,1
Z00180,P0055,1,3
Z00180,P0067,1,2
Z00180,P0068,1,4
Z00180,P0073,1,1
Z00180,P0075,1,2
Z00180,P0083,1,4
Z00180,P0084,1,2
Z00180,P0087,1,2
Z00180,P0088,1,3
Z00180,P0100,1,1
Z00180,P0119,1,3
Z00180,P0125,1,2
Z00180,P0131,1,4
Z00180,P0132,1,3
Z00180,P0143,1,1
Z00180,P0150,1,4
Z00181,P0001,1,1
Z00181,P0012,1,5
Z00181,P0015,1,3
Z00181,P0019,1,6
Z00181,P0041,1,2
Z00181,P0043,1,6
Z00181,P0047,1,5
Z00181,P0063,1,1
Z00181,P0064,1,2
Z00181,P0074,1,3
Z00181,P0090,1,3
Z00181,P0097,1,4
Z00181,P0101,1,3
Z00181,P0124,1,1
Z00181,P0128,1,1
Z00181,P0137,1,2
Z00181,P0142,1,3
Z00182,P0001,1,2
Z00182,P0005,1,2
Z00182,P0032,1,5
Z00182,P0055,1,4
Z00182,P0058,1,2
Z00182,P0065,1,2
Z00182,P0071,1,1
Z00182,P0073,1,2
Z00182,P0074,1,5
Z00182,P0075,1,2
Z00182,P0078,1,1
Z00182,P0079,1,3
Z00182,P0085,1,3
Z00182,P0089,1,3
Z00182,P0090,1,5
Z00182,P0096,1,1
Z00182,P0116,1,3
Z00182,P0127,1,3
Z00182,P0132,1,3
Z00182,P0133,1,3
Z00182,P0135,1,2
Z00182,P0141,1,2
Z00182,P0148,1,2
Z00182,P0150,1,2
Z00183,P0001,1,2
Z00183,P0003,1,4
Z00183,P0017,1,4
Z00183,P0019,1,3
Z00183,P0054,1,4
Z00183,P0056,1,1
Z00183,P0072,1,2
Z00183,P0073,1,2
Z00183,P0074,1,2
Z00183,P0075,1,3
Z00183,P0080,1,3
Z00183,P0090,1,3
Z00183,P0102,1,2
Z00183,P0107,1,3
Z00183,P0122,1,4
Z00183,P0127,1,1
Z00183,P0130,1,1
Z00183,P0135,1,3
Z00184,P0003,1,2
Z00184,P0009,1,3
Z00184,P0019,1,3
Z00184,P0040,1,1
Z00184,P0054,1,3
Z00184,P0074,1,3
Z00184,P0077,1,1
Z00184,P0078,1,2
Z00184,P0088,1,2
Z00184,P0107,1,1
Z00184,P0119,1,2
Z00184,P0120,1,2
Z00184,P0121,1,3
Z00184,P0135,1,1
Z00184,P0136,1,2
Z00184,P0137,1,2
Z00184,P0146,1,2
Z00184,P0147,1,1
Z00185,P0005,1,3
Z00185,P0009,1,3
Z00185,P0020,1,2
Z00185,P0032,1,1
Z00185,P0036,1,5
Z00185,P0054,1,6
Z00185,P0055,1,4
Z00185,P0057,1,2
Z00185,P0067,1,3
Z00185,P0073,1,4
Z00185,P0087,1,4
Z00185,P0099,1,2
Z00185,P0109,1,2
Z00185,P0114,1,1
Z00185,P0132,1,4
Z00185,P0147,1,1
Z00185,P0150,1,2
Z00186,P0005,1,6
Z00186,P0015,1,5
Z00186,P0019,1,5
Z00186,P0027,1,3
Z00186,P0029,1,1
Z00186,P0059,1,1
Z00186,P0085,1,1
Z00186,P0090,1,9
Z00186,P0097,1,3
Z00186,P0127,1,3
Z00186,P0148,1,1
Z00187,P0023,1,2
Z00187,P0054,1,2
Z00187,P0055,1,6
Z00187,P0057,1,2
Z00187,P0058,1,3
Z00187,P0084,1,3
Z00187,P0090,1,3
Z00187,P0094,1,2
Z00187,P0097,1,2
Z00187,P0127,1,1
Z00187,P0132,1,2
Z00187,P0138,1,4
Z00187,P0139,1,4
Z00188,P0019,1,3
Z00188,P0024,1,4
Z00188,P0026,1,4
Z00188,P0028,1,3
Z00188,P0055,1,2
Z00188,P0078,1,1
Z00188,P0079,1,2
Z00188,P0080,1,4
Z00188,P0100,1,1
Z00188,P0101,1,5
Z00188,P0119,1,3
Z00188,P0120,1,1
Z00188,P0121,1,6
Z00188,P0128,1,4
Z00189,P0005,1,2
Z00189,P0017,1,1
Z00189,P0024,1,2
Z00189,P0042,1,2
Z00189,P0054,1,2
Z00189,P0077,1,2
Z00189,P0080,1,1
Z00189,P0083,1,3
Z00189,P0088,1,1
Z00189,P0099,1,2
Z00189,P0100,1,1
Z00189,P0106,1,2
Z00189,P0114,1,1
Z00189,P0116,1,1
Z00189,P0133,1,2
Z00189,P0136,1,2
Z00189,P0148,1,2
Z00189,P0150,1,2
Z00190,P0016,1,2
Z00190,P0074,1,2
Z00190,P0076,1,1
Z00190,P0080,1,1
Z00190,P0091,1,2
Z00190,P0092,1,2
Z00190,P0121,1,2
Z00190,P0123,1,2
Z00190,P0125,1,1
Z00190,P0132,1,5
Z00190,P0137,1,2
Z00190,P0140,1,3
Z00191,P0001,1,2
Z00191,P0005,1,1
Z00191,P0011,1,2
Z00191,P0015,1,4
Z00191,P0017,1,4
Z00191,P0023,1,1
Z00191,P0028,1,4
Z00191,P0031,1,1
Z00191,P0042,1,3
Z00191,P0043,1,2
Z00191,P0045,1,2
Z00191,P0048,1,2
Z00191,P0054,1,1
Z00191,P0055,1,4
Z00191,P0057,1,2
Z00191,P0062,1,3
Z00191,P0064,1,2
Z00191,P0065,1,3
Z00191,P0067,1,1
Z00191,P0068,1,5
Z00191,P0078,1,2
Z00191,P0079,1,3
Z00191,P0096,1,5
Z00191,P0101,1,3
Z00191,P0116,1,1
Z00191,P0119,1,3
Z00191,P0132,1,3
Z00191,P0147,1,2
Z00192,P0002,1,3
Z00192,P0015,1,3
Z00192,P0016,1,4
Z00192,P0017,1,3
Z00192,P0021,1,2
Z00192,P0023,1,1
Z00192,P0024,1,1
Z00192,P0026,1,3
Z00192,P0039,1,1
Z00192,P0045,1,5
Z00192,P0047,1,1
Z00192,P0053,1,2
Z00192,P0063,1,5
Z00192,P0070,1,2
Z00192,P0073,1,5
Z00192,P0077,1,3
Z00192,P0080,1,1
Z00192,P0094,1,1
Z00192,P0116,1,1
Z00192,P0119,1,2
Z00192,P0127,1,2
Z00192,P0130,1,1
Z00192,P0132,1,1
Z00192,P0146,1,4
Z00192,P0147,1,2
Z00193,P0009,1,2
Z00193,P0015,1,2
Z00193,P0037,1,2
Z00193,P0038,1,1
Z00193,P0054,1,3
Z00193,P0082,1,1
Z00193,P0090,1,2
Z00193,P0098,1,2
Z00193,P0100,1,1
Z00193,P0101,1,2
Z00193,P0135,1,2
Z00193,P0136,1,1
Z00193,P0146,1,5
Z00193,P0147,1,3
Z00194,P0009,1,3
Z00194,P0019,1,2
Z00194,P0023,1,1
Z00194,P0055,1,3
Z00194,P0065,1,2
Z00194,P0068,1,1
Z00194,P0073,1,4
Z00194,P0074,1,4
Z00194,P0090,1,5
Z00194,P0096,1,2
Z00194,P0117,1,2
Z00194,P0132,1,3
Z00194,P0145,1,2
Z00194,P0147,1,1
Z00195,P0055,1,1
Z00195,P0058,1,1
Z00195,P0063,1,3
Z00195,P0074,1,3
Z00195,P0090,1,2
Z00195,P0099,1,1
Z00195,P0106,1,2
Z00195,P0108,1,3
Z00195,P0119,1,2
Z00195,P0127,1,4
Z00195,P0132,1,2
Z00195,P0139,1,2
Z00196,P0015,1,3
Z00196,P0023,1,6
Z00196,P0024,1,4
Z00196,P0026,1,3
Z00196,P0037,1,2
Z00196,P0045,1,6
Z00196,P0055,1,2
Z00196,P0064,1,1
Z00196,P0065,1,4
Z00196,P0074,1,4
Z00196,P0101,1,2
Z00196,P0128,1,1
Z00196,P0132,1,2
Z00196,P0145,1,1
Z00197,P0008,1,1
Z00197,P0013,1,1
Z00197,P0032,1,3
Z00197,P0058,1,3
Z00197,P0062,1,3
Z00197,P0074,1,2
Z00197,P0079,1,5
Z00197,P0093,1,7
Z00197,P0101,1,2
Z00197,P0116,1,1
Z00197,P0120,1,1
Z00197,P0139,1,1
Z00197,P0141,1,1
Z00197,P0146,1,6
Z00198,P0006,1,1
Z00198,P0020,1,1
Z00198,P0034,1,3
Z00198,P0055,1,6
Z00198,P0073,1,2
Z00198,P0076,1,3
Z00198,P0096,1,2
Z00198,P0097,1,2
Z00198,P0099,1,3
Z00198,P0100,1,1
Z00198,P0121,1,2
Z00198,P0141,1,1
Z00198,P0146,1,3
Z00199,P0019,1,1
Z00199,P0022,1,1
Z00199,P0079,1,4
Z00199,P0093,1,3
Z00199,P0147,1,2
Z00200,P0016,1,2
Z00200,P0019,1,2
Z00200,P0032,1,2
Z00200,P0046,1,1
Z00200,P0048,1,3
Z00200,P0051,1,1
Z00200,P0052,1,2
Z00200,P0071,1,2
Z00200,P0082,1,1
Z00200,P0083,1,5
Z00200,P0084,1,1
Z00200,P0106,1,3
Z00200,P0137,1,1
