zip_id,hub_id,d_ij
Z00001,H001,60.9
Z00001,H002,9415.59
Z00001,H003,4871.15
Z00001,H004,491.09
Z00001,H005,4694.4
Z00001,H006,8057.02
Z00001,H007,3684.34
Z00001,H008,6424.81
Z00001,H009,3426.98
Z00001,H010,7783.5
Z00002,H001,3351.75
Z00002,H002,7674.64
Z00002,H003,1730.11
Z00002,H004,3254.65
Z00002,H005,8105.59
Z00002,H006,5428.14
Z00002,H007,505.71
Z00002,H008,9673.55
Z00002,H009,16.32
Z00002,H010,4473.05
Z00003,H001,15.47
Z00003,H002,9377.45
Z00003,H003,4805.97
Z00003,H004,496.87
Z00003,H005,4754.45
Z00003,H006,8030.77
Z00003,H007,3628.0
Z00003,H008,6489.89
Z00003,H009,3366.47
Z00003,H010,7731.37
Z00004,H001,3538.35
Z00004,H002,7933.1
Z00004,H003,1983.32
Z00004,H004,3360.07
Z00004,H005,8253.97
Z00004,H006,4980.56
Z00004,H007,128.45
Z00004,H008,9563.96
Z00004,H009,546.45
Z00004,H010,4200.88
Z00005,H001,9389.05
Z00005,H002,32.59
Z00005,H003,5936.24
Z00005,H004,9805.57
Z00005,H005,7854.91
Z00005,H006,6195.55
Z00005,H007,7775.19
Z00005,H008,7363.93
Z00005,H009,7632.28
Z00005,H010,5187.3
Z00006,H001,3639.06
Z00006,H002,7812.02
Z00006,H003,1867.66
Z00006,H004,3470.4
Z00006,H005,8364.6
Z00006,H006,4934.31
Z00006,H007,24.42
Z00006,H008,9688.28
Z00006,H009,527.98
Z00006,H010,4108.11
Z00007,H001,3509.53
Z00007,H002,7824.7
Z00007,H003,1862.81
Z00007,H004,3356.58
Z00007,H005,8247.9
Z00007,H006,5095.51
Z00007,H007,139.14
Z00007,H008,9641.59
Z00007,H009,380.6
Z00007,H010,4249.03
Z00008,H001,3331.5
Z00008,H002,7691.26
Z00008,H003,1748.49
Z00008,H004,3234.07
Z00008,H005,8085.41
Z00008,H006,5441.55
Z00008,H007,513.06
Z00008,H008,9653.53
Z00008,H009,36.73
Z00008,H010,4491.68
Z00009,H001,7816.85
Z00009,H002,5217.14
Z00009,H003,3687.24
Z00009,H004,7563.66
Z00009,H005,11477.05
Z00009,H006,1736.99
Z00009,H007,4221.36
Z00009,H008,9639.54
Z00009,H009,4565.43
Z00009,H010,123.66
Z00010,H001,6496.75
Z00010,H002,7350.08
Z00010,H003,11307.29
Z00010,H004,6486.07
Z00010,H005,2075.77
Z00010,H006,7978.82
Z00010,H007,9680.87
Z00010,H008,42.23
Z00010,H009,9687.99
Z00010,H010,9724.42
Z00011,H001,6464.23
Z00011,H002,7405.49
Z00011,H003,11274.32
Z00011,H004,6447.99
Z00011,H005,2074.48
Z00011,H006,7954.92
Z00011,H007,9628.87
Z00011,H008,90.9
Z00011,H009,9641.91
Z00011,H010,9710.73
Z00012,H001,598.27
Z00012,H002,9897.94
Z00012,H003,4817.33
Z00012,H004,118.02
Z00012,H005,4952.1
Z00012,H006,7496.78
Z00012,H007,3405.76
Z00012,H008,6500.4
Z00012,H009,3232.78
Z00012,H010,7405.04
Z00013,H001,440.67
Z00013,H002,9795.71
Z00013,H003,4868.55
Z00013,H004,58.69
Z00013,H005,4843.05
Z00013,H006,7665.49
Z00013,H007,3511.75
Z00013,H008,6440.66
Z00013,H009,3316.44
Z00013,H010,7541.3
Z00014,H001,3625.27
Z00014,H002,7798.87
Z00014,H003,1850.23
Z00014,H004,3461.06
Z00014,H005,8354.94
Z00014,H006,4961.98
Z00014,H007,8.78
Z00014,H008,9695.58
Z00014,H009,495.76
Z00014,H010,4125.32
Z00015,H001,3532.42
Z00015,H002,7896.23
Z00015,H003,1941.97
Z00015,H004,3362.09
Z00015,H005,8256.32
Z00015,H006,5013.81
Z00015,H007,101.92
Z00015,H008,9592.5
Z00015,H009,494.71
Z00015,H010,4211.98
Z00016,H001,7717.11
Z00016,H002,5266.39
Z00016,H003,3591.14
Z00016,H004,7467.68
Z00016,H005,11509.53
Z00016,H006,1788.5
Z00016,H007,4118.91
Z00016,H008,9722.68
Z00016,H009,4461.86
Z00016,H010,58.86
Z00017,H001,42.9
Z00017,H002,9385.33
Z00017,H003,4844.32
Z00017,H004,509.02
Z00017,H005,4714.34
Z00017,H006,8060.55
Z00017,H007,3667.83
Z00017,H008,6451.4
Z00017,H009,3406.57
Z00017,H010,7770.44
Z00018,H001,7980.65
Z00018,H002,6331.09
Z00018,H003,5196.64
Z00018,H004,7559.39
Z00018,H005,9607.63
Z00018,H006,141.49
Z00018,H007,4989.01
Z00018,H008,7902.73
Z00018,H009,5459.52
Z00018,H010,1975.93
Z00019,H001,488.06
Z00019,H002,9819.15
Z00019,H003,4835.56
Z00019,H004,7.03
Z00019,H005,4892.7
Z00019,H006,7604.75
Z00019,H007,3462.4
Z00019,H008,6476.1
Z00019,H009,3273.27
Z00019,H010,7484.81
Z00020,H001,3279.74
Z00020,H002,7719.25
Z00020,H003,1784.04
Z00020,H004,3184.65
Z00020,H005,8033.47
Z00020,H006,5488.28
Z00020,H007,550.77
Z00020,H008,9610.17
Z00020,H009,87.17
Z00020,H010,4544.34
Z00021,H001,6534.48
Z00021,H002,7296.04
Z00021,H003,11343.94
Z00021,H004,6528.29
Z00021,H005,2087.39
Z00021,H006,7992.37
Z00021,H007,9733.06
Z00021,H008,49.06
Z00021,H009,9736.09
Z00021,H010,9727.33
Z00022,H001,7670.75
Z00022,H002,5327.51
Z00022,H003,3579.92
Z00022,H004,7417.18
Z00022,H005,11467.81
Z00022,H006,1762.73
Z00022,H007,4077.86
Z00022,H008,9717.75
Z00022,H009,4425.81
Z00022,H010,113.56
Z00023,H001,4744.12
Z00023,H002,7772.69
Z00023,H003,9307.89
Z00023,H004,4893.74
Z00023,H005,78.11
Z00023,H006,9822.49
Z00023,H007,8352.71
Z00023,H008,2097.35
Z00023,H009,8108.6
Z00023,H010,11645.43
Z00024,H001,4912.75
Z00024,H002,7717.89
Z00024,H003,9494.77
Z00024,H004,5051.19
Z00024,H005,158.51
Z00024,H006,9696.12
Z00024,H007,8511.9
Z00024,H008,1913.52
Z00024,H009,8279.14
Z00024,H010,11535.91
Z00025,H001,92.73
Z00025,H002,9459.3
Z00025,H003,4787.43
Z00025,H004,393.65
Z00025,H005,4803.08
Z00025,H006,7931.35
Z00025,H007,3568.95
Z00025,H008,6510.12
Z00025,H009,3320.57
Z00025,H010,7662.09
Z00026,H001,472.21
Z00026,H002,9810.06
Z00026,H003,4843.24
Z00026,H004,15.86
Z00026,H005,4879.41
Z00026,H006,7622.98
Z00026,H007,3475.54
Z00026,H008,6467.61
Z00026,H009,3284.27
Z00026,H010,7500.6
Z00027,H001,574.32
Z00027,H002,9873.61
Z00027,H003,4808.27
Z00027,H004,96.27
Z00027,H005,4951.25
Z00027,H006,7514.1
Z00027,H007,3405.61
Z00027,H008,6508.08
Z00027,H009,3228.59
Z00027,H010,7411.64
Z00028,H001,7719.9
Z00028,H002,5278.48
Z00028,H003,3605.5
Z00028,H004,7468.29
Z00028,H005,11489.91
Z00028,H006,1768.81
Z00028,H007,4124.05
Z00028,H008,9705.27
Z00028,H009,4468.98
Z00028,H010,77.9
Z00029,H001,3605.46
Z00029,H002,7817.45
Z00029,H003,1867.26
Z00029,H004,3440.39
Z00029,H005,8334.34
Z00029,H006,4974.53
Z00029,H007,20.85
Z00029,H008,9675.4
Z00029,H009,491.23
Z00029,H010,4144.08
Z00030,H001,4764.34
Z00030,H002,5988.11
Z00030,H003,51.25
Z00030,H004,4788.55
Z00030,H005,9296.78
Z00030,H006,5148.51
Z00030,H007,1840.6
Z00030,H008,11247.45
Z00030,H009,1685.16
Z00030,H010,3614.63
Z00031,H001,4835.41
Z00031,H002,5959.29
Z00031,H003,33.82
Z00031,H004,4853.2
Z00031,H005,9379.66
Z00031,H006,5070.01
Z00031,H007,1858.4
Z00031,H008,11320.51
Z00031,H009,1725.11
Z00031,H010,3530.75
Z00032,H001,3315.64
Z00032,H002,7698.33
Z00032,H003,1758.05
Z00032,H004,3219.26
Z00032,H005,8069.46
Z00032,H006,5457.17
Z00032,H007,526.08
Z00032,H008,9641.11
Z00032,H009,51.46
Z00032,H010,4508.34
Z00033,H001,7721.74
Z00033,H002,5144.21
Z00033,H003,3495.54
Z00033,H004,7490.84
Z00033,H005,11675.05
Z00033,H006,1947.1
Z00033,H007,4107.36
Z00033,H008,9849.58
Z00033,H009,4432.59
Z00033,H010,107.78
Z00034,H001,8072.08
Z00034,H002,6172.74
Z00034,H003,5125.21
Z00034,H004,7660.12
Z00034,H005,9753.99
Z00034,H006,52.13
Z00034,H007,4997.99
Z00034,H008,8009.65
Z00034,H009,5460.1
Z00034,H010,1837.43
Z00035,H001,6429.26
Z00035,H002,7398.26
Z00035,H003,11239.74
Z00035,H004,6419.81
Z00035,H005,2015.72
Z00035,H006,8018.95
Z00035,H007,9625.06
Z00035,H008,66.05
Z00035,H009,9625.74
Z00035,H010,9774.1
Z00036,H001,4860.0
Z00036,H002,5932.97
Z00036,H003,50.78
Z00036,H004,4879.03
Z00036,H005,9398.09
Z00036,H006,5064.38
Z00036,H007,1883.85
Z00036,H008,11344.73
Z00036,H009,1752.08
Z00036,H010,3517.78
Z00037,H001,3657.93
Z00037,H002,7840.67
Z00037,H003,1904.38
Z00037,H004,3481.21
Z00037,H005,8375.12
Z00037,H006,4889.21
Z00037,H007,81.5
Z00037,H008,9668.58
Z00037,H009,583.77
Z00037,H010,4083.61
Z00038,H001,4727.79
Z00038,H002,6055.14
Z00038,H003,92.18
Z00038,H004,4744.2
Z00038,H005,9286.3
Z00038,H006,5120.53
Z00038,H007,1770.23
Z00038,H008,11213.2
Z00038,H009,1622.36
Z00038,H010,3607.31
Z00039,H001,6403.35
Z00039,H002,7366.02
Z00039,H003,11210.11
Z00039,H004,6403.97
Z00039,H005,1950.42
Z00039,H006,8101.84
Z00039,H007,9641.0
Z00039,H008,94.31
Z00039,H009,9625.12
Z00039,H010,9851.75
Z00040,H001,466.77
Z00040,H002,9854.98
Z00040,H003,4989.66
Z00040,H004,167.04
Z00040,H005,4727.42
Z00040,H006,7726.95
Z00040,H007,3627.69
Z00040,H008,6319.3
Z00040,H009,3436.5
Z00040,H010,7645.24
Z00041,H001,8004.63
Z00041,H002,6229.37
Z00041,H003,5092.08
Z00041,H004,7592.53
Z00041,H005,9747.58
Z00041,H006,16.14
Z00041,H007,4941.03
Z00041,H008,8027.38
Z00041,H009,5405.11
Z00041,H010,1837.76
Z00042,H001,9306.09
Z00042,H002,89.31
Z00042,H003,5934.22
Z00042,H004,9727.92
Z00042,H005,7790.03
Z00042,H006,6290.48
Z00042,H007,7779.2
Z00042,H008,7346.63
Z00042,H009,7623.31
Z00042,H010,5263.69
Z00043,H001,9404.76
Z00043,H002,12.18
Z00043,H003,5970.97
Z00043,H004,9824.12
Z00043,H005,7825.58
Z00043,H006,6210.08
Z00043,H007,7810.19
Z00043,H008,7328.87
Z00043,H009,7666.61
Z00043,H010,5212.99
Z00044,H001,6523.41
Z00044,H002,7328.49
Z00044,H003,11333.94
Z00044,H004,6512.73
Z00044,H005,2097.52
Z00044,H006,7966.23
Z00044,H007,9704.77
Z00044,H008,54.5
Z00044,H009,9713.79
Z00044,H010,9707.51
Z00045,H001,6444.79
Z00045,H002,7391.24
Z00045,H003,11255.36
Z00045,H004,6434.29
Z00045,H005,2032.96
Z00045,H006,8004.31
Z00045,H007,9634.83
Z00045,H008,58.78
Z00045,H009,9638.11
Z00045,H010,9757.99
Z00046,H001,7774.74
Z00046,H002,5280.92
Z00046,H003,3684.0
Z00046,H004,7516.5
Z00046,H005,11431.87
Z00046,H006,1699.75
Z00046,H007,4185.81
Z00046,H008,9626.71
Z00046,H009,4535.55
Z00046,H010,142.29
Z00047,H001,442.69
Z00047,H002,9801.94
Z00047,H003,4879.3
Z00047,H004,65.83
Z00047,H005,4833.14
Z00047,H006,7670.1
Z00047,H007,3521.67
Z00047,H008,6429.93
Z00047,H009,3326.88
Z00047,H010,7549.97
Z00048,H001,7987.37
Z00048,H002,6333.12
Z00048,H003,5211.04
Z00048,H004,7565.28
Z00048,H005,9595.29
Z00048,H006,152.1
Z00048,H007,5001.29
Z00048,H008,7888.54
Z00048,H009,5472.14
Z00048,H010,1988.8
Z00049,H001,174.05
Z00049,H002,9507.44
Z00049,H003,4979.96
Z00049,H004,469.07
Z00049,H005,4604.36
Z00049,H006,8070.63
Z00049,H007,3765.71
Z00049,H008,6316.71
Z00049,H009,3519.55
Z00049,H010,7852.8
Z00050,H001,4649.99
Z00050,H002,7808.03
Z00050,H003,9206.66
Z00050,H004,4804.97
Z00050,H005,154.95
Z00050,H006,9882.49
Z00050,H007,8262.29
Z00050,H008,2195.68
Z00050,H009,8013.14
Z00050,H010,11685.12
Z00051,H001,7725.52
Z00051,H002,5215.87
Z00051,H003,3559.75
Z00051,H004,7482.96
Z00051,H005,11571.85
Z00051,H006,1846.45
Z00051,H007,4120.39
Z00051,H008,9766.98
Z00051,H009,4456.66
Z00051,H010,5.06
Z00052,H001,4797.71
Z00052,H002,7714.26
Z00052,H003,9344.1
Z00052,H004,4950.62
Z00052,H005,116.25
Z00052,H006,9836.78
Z00052,H007,8408.81
Z00052,H008,2072.37
Z00052,H009,8161.04
Z00052,H010,11669.06
Z00053,H001,3553.2
Z00053,H002,7946.66
Z00053,H003,2001.06
Z00053,H004,3370.32
Z00053,H005,8263.52
Z00053,H006,4952.2
Z00053,H007,144.12
Z00053,H008,9556.17
Z00053,H009,579.98
Z00053,H010,4183.58
Z00054,H001,3629.08
Z00054,H002,7850.69
Z00054,H003,1909.1
Z00054,H004,3454.35
Z00054,H005,8348.46
Z00054,H006,4919.84
Z00054,H007,63.33
Z00054,H008,9653.81
Z00054,H009,558.64
Z00054,H010,4113.47
Z00055,H001,3342.52
Z00055,H002,7587.53
Z00055,H003,1663.6
Z00055,H004,3266.47
Z00055,H005,8091.15
Z00055,H006,5518.61
Z00055,H007,625.93
Z00055,H008,9713.67
Z00055,H009,126.52
Z00055,H010,4517.94
Z00056,H001,3605.77
Z00056,H002,7792.96
Z00056,H003,1840.3
Z00056,H004,3445.44
Z00056,H005,8338.73
Z00056,H006,4992.04
Z00056,H007,39.45
Z00056,H008,9695.12
Z00056,H009,464.14
Z00056,H010,4147.87
Z00057,H001,9516.5
Z00057,H002,148.16
Z00057,H003,5970.12
Z00057,H004,9927.64
Z00057,H005,7917.0
Z00057,H006,6077.7
Z00057,H007,7799.05
Z00057,H008,7355.45
Z00057,H009,7673.65
Z00057,H010,5105.46
Z00058,H001,307.45
Z00058,H002,9668.93
Z00058,H003,4835.66
Z00058,H004,175.46
Z00058,H005,4827.61
Z00058,H006,7765.81
Z00058,H007,3529.38
Z00058,H008,6468.09
Z00058,H009,3313.6
Z00058,H010,7587.13
Z00059,H001,538.38
Z00059,H002,9854.59
Z00059,H003,4825.45
Z00059,H004,57.16
Z00059,H005,4921.33
Z00059,H006,7554.53
Z00059,H007,3434.67
Z00059,H008,6488.88
Z00059,H009,3252.8
Z00059,H010,7446.98
Z00060,H001,9407.21
Z00060,H002,64.2
Z00060,H003,5922.1
Z00060,H004,9820.79
Z00060,H005,7886.94
Z00060,H006,6160.61
Z00060,H007,7758.87
Z00060,H008,7383.95
Z00060,H009,7620.18
Z00060,H010,5153.26
Z00061,H001,9294.07
Z00061,H002,102.58
Z00061,H003,5932.75
Z00061,H004,9716.5
Z00061,H005,7782.06
Z00061,H006,6303.06
Z00061,H007,7778.46
Z00061,H008,7345.41
Z00061,H009,7620.82
Z00061,H010,5273.35
Z00062,H001,8043.28
Z00062,H002,6198.08
Z00062,H003,5112.64
Z00062,H004,7631.12
Z00062,H005,9749.51
Z00062,H006,23.08
Z00062,H007,4974.57
Z00062,H008,8015.47
Z00062,H009,5437.62
Z00062,H010,1839.2
Z00063,H001,7845.29
Z00063,H002,5075.62
Z00063,H003,3609.65
Z00063,H004,7610.95
Z00063,H005,11641.0
Z00063,H006,1896.27
Z00063,H007,4232.35
Z00063,H008,9751.81
Z00063,H009,4558.28
Z00063,H010,144.23
Z00064,H001,3619.13
Z00064,H002,7792.69
Z00064,H003,1842.26
Z00064,H004,3456.98
Z00064,H005,8350.59
Z00064,H006,4974.61
Z00064,H007,23.45
Z00064,H008,9698.96
Z00064,H009,481.03
Z00064,H010,4133.14
Z00065,H001,3282.83
Z00065,H002,7633.64
Z00065,H003,1717.54
Z00065,H004,3206.59
Z00065,H005,8031.95
Z00065,H006,5559.85
Z00065,H007,646.73
Z00065,H008,9655.5
Z00065,H009,144.27
Z00065,H010,4573.16
Z00066,H001,6536.66
Z00066,H002,7346.64
Z00066,H003,11346.84
Z00066,H004,6520.42
Z00066,H005,2132.65
Z00066,H006,7921.11
Z00066,H007,9693.54
Z00066,H008,98.31
Z00066,H009,9711.78
Z00066,H010,9665.59
Z00067,H001,9383.24
Z00067,H002,115.2
Z00067,H003,5865.93
Z00067,H004,9791.9
Z00067,H005,7936.29
Z00067,H006,6134.28
Z00067,H007,7702.05
Z00067,H008,7441.22
Z00067,H009,7564.79
Z00067,H010,5109.46
Z00068,H001,9394.54
Z00068,H002,10.02
Z00068,H003,5974.05
Z00068,H004,9814.92
Z00068,H005,7813.64
Z00068,H006,6224.89
Z00068,H007,7814.21
Z00068,H008,7323.07
Z00068,H009,7668.72
Z00068,H010,5226.24
Z00069,H001,3351.63
Z00069,H002,7687.28
Z00069,H003,1740.75
Z00069,H004,3251.77
Z00069,H005,8105.72
Z00069,H006,5417.4
Z00069,H007,490.94
Z00069,H008,9666.38
Z00069,H009,27.91
Z00069,H010,4468.79
Z00070,H001,7647.11
Z00070,H002,5377.5
Z00070,H003,3591.49
Z00070,H004,7388.57
Z00070,H005,11419.31
Z00070,H006,1724.88
Z00070,H007,4060.76
Z00070,H008,9692.94
Z00070,H009,4413.96
Z00070,H010,166.02
Z00071,H001,7802.6
Z00071,H002,5260.49
Z00071,H003,3704.92
Z00071,H004,7544.34
Z00071,H005,11431.67
Z00071,H006,1694.61
Z00071,H007,4213.24
Z00071,H008,9611.11
Z00071,H009,4562.32
Z00071,H010,152.41
Z00072,H001,4828.7
Z00072,H002,5953.9
Z00072,H003,18.92
Z00072,H004,4848.8
Z00072,H005,9366.79
Z00072,H006,5088.04
Z00072,H007,1865.9
Z00072,H008,11313.21
Z00072,H009,1727.56
Z00072,H010,3546.58
Z00073,H001,8134.7
Z00073,H002,6101.51
Z00073,H003,5130.44
Z00073,H004,7725.05
Z00073,H005,9789.61
Z00073,H006,121.98
Z00073,H007,5036.27
Z00073,H008,8021.83
Z00073,H009,5495.11
Z00073,H010,1808.43
Z00074,H001,4679.95
Z00074,H002,6037.23
Z00074,H003,140.49
Z00074,H004,4708.73
Z00074,H005,9207.5
Z00074,H006,5222.56
Z00074,H007,1805.59
Z00074,H008,11161.05
Z00074,H009,1628.53
Z00074,H010,3699.99
Z00075,H001,4799.72
Z00075,H002,5975.9
Z00075,H003,11.59
Z00075,H004,4820.26
Z00075,H005,9339.41
Z00075,H006,5106.57
Z00075,H007,1846.53
Z00075,H008,11284.18
Z00075,H009,1702.95
Z00075,H010,3570.74
Z00076,H001,4808.14
Z00076,H002,7763.98
Z00076,H003,9385.33
Z00076,H004,4951.53
Z00076,H005,62.14
Z00076,H006,9759.91
Z00076,H007,8411.73
Z00076,H008,2018.1
Z00076,H009,8173.91
Z00076,H010,11591.29
Z00077,H001,3653.71
Z00077,H002,7839.37
Z00077,H003,1901.88
Z00077,H004,3477.8
Z00077,H005,8371.8
Z00077,H006,4895.64
Z00077,H007,74.92
Z00077,H008,9668.78
Z00077,H009,576.97
Z00077,H010,4088.34
Z00078,H001,75.5
Z00078,H002,9365.16
Z00078,H003,4735.85
Z00078,H004,478.93
Z00078,H005,4828.87
Z00078,H006,7972.97
Z00078,H007,3553.68
Z00078,H008,6560.34
Z00078,H009,3292.11
Z00078,H010,7658.07
Z00079,H001,3645.47
Z00079,H002,7808.12
Z00079,H003,1864.62
Z00079,H004,3476.68
Z00079,H005,8370.89
Z00079,H006,4928.69
Z00079,H007,28.64
Z00079,H008,9693.04
Z00079,H009,531.91
Z00079,H010,4101.69
Z00080,H001,3362.87
Z00080,H002,7671.29
Z00080,H003,1724.9
Z00080,H004,3264.69
Z00080,H005,8116.8
Z00080,H006,5415.77
Z00080,H007,495.04
Z00080,H008,9681.31
Z00080,H009,12.64
Z00080,H010,4460.79
Z00081,H001,9360.96
Z00081,H002,34.5
Z00081,H003,5958.23
Z00081,H004,9781.83
Z00081,H005,7805.59
Z00081,H006,6249.16
Z00081,H007,7800.29
Z00081,H008,7332.84
Z00081,H009,7650.9
Z00081,H010,5239.62
Z00082,H001,4758.94
Z00082,H002,7815.32
Z00082,H003,9349.82
Z00082,H004,4899.68
Z00082,H005,7.88
Z00082,H006,9749.99
Z00082,H007,8360.14
Z00082,H008,2044.35
Z00082,H009,8125.21
Z00082,H010,11573.24
Z00083,H001,4809.92
Z00083,H002,5959.16
Z00083,H003,10.25
Z00083,H004,4832.22
Z00083,H005,9343.39
Z00083,H006,5111.87
Z00083,H007,1863.79
Z00083,H008,11293.67
Z00083,H009,1718.79
Z00083,H010,3571.05
Z00084,H001,6586.74
Z00084,H002,7302.37
Z00084,H003,11397.12
Z00084,H004,6571.18
Z00084,H005,2170.4
Z00084,H006,7902.16
Z00084,H007,9740.93
Z00084,H008,126.19
Z00084,H009,9761.89
Z00084,H010,9637.84
Z00085,H001,3739.37
Z00085,H002,7816.97
Z00085,H003,1899.47
Z00085,H004,3556.23
Z00085,H005,8448.88
Z00085,H006,4799.38
Z00085,H007,161.1
Z00085,H008,9704.54
Z00085,H009,662.63
Z00085,H010,3998.97
Z00086,H001,512.45
Z00086,H002,9833.66
Z00086,H003,4825.51
Z00086,H004,31.45
Z00086,H005,4911.42
Z00086,H006,7577.83
Z00086,H007,3444.01
Z00086,H008,6487.43
Z00086,H009,3258.2
Z00086,H010,7462.12
Z00087,H001,6338.45
Z00087,H002,7388.47
Z00087,H003,11141.68
Z00087,H004,6344.63
Z00087,H005,1873.23
Z00087,H006,8171.22
Z00087,H007,9602.45
Z00087,H008,171.45
Z00087,H009,9574.38
Z00087,H010,9926.35
Z00088,H001,3475.57
Z00088,H002,7870.32
Z00088,H003,1908.04
Z00088,H004,3318.34
Z00088,H005,8210.74
Z00088,H006,5106.56
Z00088,H007,157.03
Z00088,H008,9596.05
Z00088,H009,397.19
Z00088,H010,4278.35
Z00089,H001,3621.41
Z00089,H002,7788.29
Z00089,H003,1837.78
Z00089,H004,3459.81
Z00089,H005,8353.34
Z00089,H006,4974.83
Z00089,H007,26.65
Z00089,H008,9703.11
Z00089,H009,479.13
Z00089,H010,4131.37
Z00090,H001,94.33
Z00090,H002,9387.78
Z00090,H003,4891.52
Z00090,H004,535.21
Z00090,H005,4662.85
Z00090,H006,8103.53
Z00090,H007,3719.86
Z00090,H008,6403.97
Z00090,H009,3457.97
Z00090,H010,7822.26
Z00091,H001,6402.18
Z00091,H002,7468.53
Z00091,H003,11211.41
Z00091,H004,6383.51
Z00091,H005,2036.77
Z00091,H006,7966.28
Z00091,H007,9563.25
Z00091,H008,139.73
Z00091,H009,9575.49
Z00091,H010,9733.4
Z00092,H001,4742.54
Z00092,H002,7839.62
Z00092,H003,9341.59
Z00092,H004,4881.18
Z00092,H005,16.48
Z00092,H006,9737.15
Z00092,H007,8341.81
Z00092,H008,2047.97
Z00092,H009,8109.08
Z00092,H010,11556.89
Z00093,H001,537.79
Z00093,H002,9802.38
Z00093,H003,4742.14
Z00093,H004,104.46
Z00093,H005,4997.4
Z00093,H006,7519.76
Z00093,H007,3357.87
Z00093,H008,6571.93
Z00093,H009,3171.82
Z00093,H010,7380.69
Z00094,H001,3378.11
Z00094,H002,7637.06
Z00094,H003,1692.93
Z00094,H004,3284.97
Z00094,H005,8131.36
Z00094,H006,5424.61
Z00094,H007,516.93
Z00094,H008,9708.44
Z00094,H009,23.59
Z00094,H010,4454.59
Z00095,H001,485.53
Z00095,H002,9849.04
Z00095,H003,4907.01
Z00095,H004,75.8
Z00095,H005,4821.5
Z00095,H006,7648.41
Z00095,H007,3533.82
Z00095,H008,6404.08
Z00095,H009,3345.89
Z00095,H010,7550.77
Z00096,H001,3354.83
Z00096,H002,7659.62
Z00096,H003,1716.93
Z00096,H004,3260.55
Z00096,H005,8108.31
Z00096,H006,5436.96
Z00096,H007,519.67
Z00096,H008,9683.52
Z00096,H009,16.85
Z00096,H010,4474.68
Z00097,H001,8075.52
Z00097,H002,6152.5
Z00097,H003,5102.86
Z00097,H004,7665.58
Z00097,H005,9783.09
Z00097,H006,66.1
Z00097,H007,4987.14
Z00097,H008,8035.9
Z00097,H009,5447.84
Z00097,H010,1808.76
Z00098,H001,476.98
Z00098,H002,9807.42
Z00098,H003,4830.44
Z00098,H004,5.09
Z00098,H005,4893.44
Z00098,H006,7612.07
Z00098,H007,3461.51
Z00098,H008,6480.68
Z00098,H009,3270.53
Z00098,H010,7486.81
Z00099,H001,3316.49
Z00099,H002,7728.88
Z00099,H003,1783.27
Z00099,H004,3213.22
Z00099,H005,8070.74
Z00099,H006,5429.92
Z00099,H007,490.72
Z00099,H008,9624.4
Z00099,H009,69.19
Z00099,H010,4496.92
Z00100,H001,3429.4
Z00100,H002,7548.57
Z00100,H003,1608.25
Z00100,H004,3347.3
Z00100,H005,8179.68
Z00100,H006,5432.58
Z00100,H007,566.64
Z00100,H008,9783.91
Z00100,H009,113.16
Z00100,H010,4425.8
Z00101,H001,525.3
Z00101,H002,9763.34
Z00101,H003,4702.04
Z00101,H004,134.3
Z00101,H005,5027.65
Z00101,H006,7518.03
Z00101,H007,3327.22
Z00101,H008,6610.99
Z00101,H009,3136.48
Z00101,H010,7358.53
Z00102,H001,3370.97
Z00102,H002,7661.78
Z00102,H003,1715.17
Z00102,H004,3273.55
Z00102,H005,8124.81
Z00102,H006,5412.89
Z00102,H007,495.87
Z00102,H008,9690.92
Z00102,H009,7.71
Z00102,H010,4454.35
Z00103,H001,4709.9
Z00103,H002,7935.13
Z00103,H003,9347.32
Z00103,H004,4836.42
Z00103,H005,119.33
Z00103,H006,9650.1
Z00103,H007,8296.77
Z00103,H008,2023.21
Z00103,H009,8076.6
Z00103,H010,11460.09
Z00104,H001,6373.88
Z00104,H002,7388.0
Z00104,H003,11180.67
Z00104,H004,6374.82
Z00104,H005,1924.92
Z00104,H006,8117.81
Z00104,H007,9615.29
Z00104,H008,121.16
Z00104,H009,9597.1
Z00104,H010,9872.17
Z00105,H001,4920.57
Z00105,H002,5864.33
Z00105,H003,112.14
Z00105,H004,4943.45
Z00105,H005,9440.49
Z00105,H006,5055.87
Z00105,H007,1951.03
Z00105,H008,11403.32
Z00105,H009,1821.47
Z00105,H010,3490.22
Z00106,H001,6594.53
Z00106,H002,7247.53
Z00106,H003,11403.76
Z00106,H004,6588.31
Z00106,H005,2137.4
Z00106,H006,7963.41
Z00106,H007,9786.85
Z00106,H008,109.1
Z00106,H009,9794.21
Z00106,H010,9688.14
Z00107,H001,4906.26
Z00107,H002,7730.78
Z00107,H003,9493.43
Z00107,H004,5043.34
Z00107,H005,152.67
Z00107,H006,9687.16
Z00107,H007,8504.09
Z00107,H008,1911.93
Z00107,H009,8272.82
Z00107,H010,11526.43
Z00108,H001,473.96
Z00108,H002,9749.67
Z00108,H003,4740.06
Z00108,H004,92.14
Z00108,H005,4975.26
Z00108,H006,7576.31
Z00108,H007,3379.52
Z00108,H008,6570.66
Z00108,H009,3183.51
Z00108,H010,7416.05
Z00109,H001,3598.59
Z00109,H002,7823.83
Z00109,H003,1873.12
Z00109,H004,3433.23
Z00109,H005,8327.2
Z00109,H006,4978.93
Z00109,H007,27.69
Z00109,H008,9668.44
Z00109,H009,489.8
Z00109,H010,4150.59
Z00110,H001,6456.54
Z00110,H002,7383.29
Z00110,H003,11267.11
Z00110,H004,6445.73
Z00110,H005,2043.74
Z00110,H006,7996.77
Z00110,H007,9644.21
Z00110,H008,52.78
Z00110,H009,9648.74
Z00110,H010,9748.88
Z00111,H001,4821.44
Z00111,H002,5971.56
Z00111,H003,27.22
Z00111,H004,4839.09
Z00111,H005,9367.48
Z00111,H006,5076.75
Z00111,H007,1847.04
Z00111,H008,11306.59
Z00111,H009,1711.86
Z00111,H010,3540.78
Z00112,H001,24.14
Z00112,H002,9401.51
Z00112,H003,4795.3
Z00112,H004,463.95
Z00112,H005,4774.34
Z00112,H006,7996.62
Z00112,H007,3604.71
Z00112,H008,6501.01
Z00112,H009,3347.11
Z00112,H010,7705.29
Z00113,H001,7686.19
Z00113,H002,5213.01
Z00113,H003,3503.03
Z00113,H004,7448.59
Z00113,H005,11613.35
Z00113,H006,1897.49
Z00113,H007,4077.14
Z00113,H008,9824.37
Z00113,H009,4409.56
Z00113,H010,62.52
Z00114,H001,3267.62
Z00114,H002,7772.91
Z00114,H003,1830.89
Z00114,H004,3162.59
Z00114,H005,8021.87
Z00114,H006,5459.26
Z00114,H007,510.46
Z00114,H008,9573.83
Z00114,H009,117.07
Z00114,H010,4540.86
Z00115,H001,9485.2
Z00115,H002,145.73
Z00115,H003,6109.87
Z00115,H004,9914.38
Z00115,H005,7723.77
Z00115,H006,6245.01
Z00115,H007,7948.51
Z00115,H008,7193.24
Z00115,H009,7805.47
Z00115,H010,5297.42
Z00116,H001,3352.04
Z00116,H002,7697.14
Z00116,H003,1749.04
Z00116,H004,3249.95
Z00116,H005,8106.25
Z00116,H006,5408.41
Z00116,H007,478.94
Z00116,H008,9660.97
Z00116,H009,40.14
Z00116,H010,4464.94
Z00117,H001,462.96
Z00117,H002,9703.69
Z00117,H003,4690.47
Z00117,H004,144.52
Z00117,H005,5013.97
Z00117,H006,7571.58
Z00117,H007,3341.06
Z00117,H008,6619.2
Z00117,H009,3139.61
Z00117,H010,7386.81
Z00118,H001,508.28
Z00118,H002,9789.66
Z00118,H003,4758.2
Z00118,H004,77.75
Z00118,H005,4971.91
Z00118,H006,7552.14
Z00118,H007,3383.06
Z00118,H008,6554.39
Z00118,H009,3193.44
Z00118,H010,7410.07
Z00119,H001,168.08
Z00119,H002,9247.86
Z00119,H003,4818.82
Z00119,H004,649.84
Z00119,H005,4700.28
Z00119,H006,8167.86
Z00119,H007,3702.68
Z00119,H008,6476.06
Z00119,H009,3421.99
Z00119,H010,7817.7
Z00120,H001,4782.55
Z00120,H002,7697.33
Z00120,H003,9314.62
Z00120,H004,4940.09
Z00120,H005,147.34
Z00120,H006,9876.48
Z00120,H007,8396.75
Z00120,H008,2106.98
Z00120,H009,8144.25
Z00120,H010,11707.79
Z00121,H001,3703.22
Z00121,H002,7729.3
Z00121,H003,1788.12
Z00121,H004,3541.66
Z00121,H005,8435.3
Z00121,H006,4910.26
Z00121,H007,83.62
Z00121,H008,9771.9
Z00121,H009,524.98
Z00121,H010,4051.1
Z00122,H001,8066.25
Z00122,H002,6250.98
Z00122,H003,5226.2
Z00122,H004,7646.0
Z00122,H005,9630.13
Z00122,H006,125.32
Z00122,H007,5053.64
Z00122,H008,7894.26
Z00122,H009,5521.25
Z00122,H010,1960.5
Z00123,H001,513.75
Z00123,H002,9840.82
Z00123,H003,4836.94
Z00123,H004,31.9
Z00123,H005,4901.05
Z00123,H006,7582.41
Z00123,H007,3454.48
Z00123,H008,6476.04
Z00123,H009,3269.27
Z00123,H010,7471.1
Z00124,H001,529.12
Z00124,H002,9830.44
Z00124,H003,4796.36
Z00124,H004,59.72
Z00124,H005,4945.0
Z00124,H006,7549.24
Z00124,H007,3410.55
Z00124,H008,6517.47
Z00124,H009,3226.08
Z00124,H010,7428.27
Z00125,H001,9299.25
Z00125,H002,130.36
Z00125,H003,5836.67
Z00125,H004,9710.71
Z00125,H005,7902.68
Z00125,H006,6205.52
Z00125,H007,7678.34
Z00125,H008,7454.05
Z00125,H009,7530.33
Z00125,H010,5155.95
Z00126,H001,4876.11
Z00126,H002,7697.71
Z00126,H003,9436.2
Z00126,H004,5022.35
Z00126,H005,135.14
Z00126,H006,9766.03
Z00126,H007,8482.18
Z00126,H008,1979.78
Z00126,H009,8241.14
Z00126,H010,11604.74
Z00127,H001,7897.91
Z00127,H002,6321.33
Z00127,H003,5043.51
Z00127,H004,7485.3
Z00127,H005,9730.64
Z00127,H006,122.84
Z00127,H007,4853.07
Z00127,H008,8050.61
Z00127,H009,5320.35
Z00127,H010,1846.93
Z00128,H001,6525.92
Z00128,H002,7243.17
Z00128,H003,11327.55
Z00128,H004,6531.11
Z00128,H005,2033.67
Z00128,H006,8075.65
Z00128,H007,9770.41
Z00128,H008,100.02
Z00128,H009,9755.46
Z00128,H010,9800.02
Z00129,H001,119.21
Z00129,H002,9309.58
Z00129,H003,4847.38
Z00129,H004,596.06
Z00129,H005,4687.22
Z00129,H006,8136.54
Z00129,H007,3706.06
Z00129,H008,6447.65
Z00129,H009,3433.68
Z00129,H010,7816.22
Z00130,H001,4767.25
Z00130,H002,6006.32
Z00130,H003,44.9
Z00130,H004,4787.07
Z00130,H005,9312.3
Z00130,H006,5119.78
Z00130,H007,1818.32
Z00130,H008,11252.04
Z00130,H009,1670.87
Z00130,H010,3592.26
Z00131,H001,3346.93
Z00131,H002,7671.69
Z00131,H003,1728.74
Z00131,H004,3251.29
Z00131,H005,8100.61
Z00131,H006,5437.31
Z00131,H007,515.59
Z00131,H008,9672.63
Z00131,H009,20.14
Z00131,H010,4479.93
Z00132,H001,97.52
Z00132,H002,9442.18
Z00132,H003,4908.05
Z00132,H004,485.75
Z00132,H005,4662.21
Z00132,H006,8066.47
Z00132,H007,3713.92
Z00132,H008,6388.06
Z00132,H009,3459.68
Z00132,H010,7809.86
Z00133,H001,6508.97
Z00133,H002,7302.47
Z00133,H003,11317.37
Z00133,H004,6505.49
Z00133,H005,2054.88
Z00133,H006,8023.41
Z00133,H007,9720.95
Z00133,H008,30.39
Z00133,H009,9718.11
Z00133,H010,9759.91
Z00134,H001,4765.56
Z00134,H002,5950.21
Z00134,H003,94.57
Z00134,H004,4797.67
Z00134,H005,9273.78
Z00134,H006,5196.93
Z00134,H007,1885.97
Z00134,H008,11243.0
Z00134,H009,1717.61
Z00134,H010,3650.53
Z00135,H001,483.31
Z00135,H002,9809.27
Z00135,H003,4824.2
Z00135,H004,7.57
Z00135,H005,4901.73
Z00135,H006,7603.27
Z00135,H007,3453.27
Z00135,H008,6487.24
Z00135,H009,3263.02
Z00135,H010,7477.85
Z00136,H001,6514.25
Z00136,H002,7325.8
Z00136,H003,11324.5
Z00136,H004,6505.5
Z00136,H005,2081.65
Z00136,H006,7984.09
Z00136,H007,9704.47
Z00136,H008,37.34
Z00136,H009,9709.93
Z00136,H010,9724.98
Z00137,H001,9319.41
Z00137,H002,78.65
Z00137,H003,5899.46
Z00137,H004,9736.59
Z00137,H005,7842.73
Z00137,H006,6242.22
Z00137,H007,7742.22
Z00137,H008,7388.57
Z00137,H009,7591.58
Z00137,H010,5210.63
Z00138,H001,3282.0
Z00138,H002,7697.97
Z00138,H003,1766.52
Z00138,H004,3191.32
Z00138,H005,8035.08
Z00138,H006,5503.63
Z00138,H007,571.61
Z00138,H008,9622.78
Z00138,H009,89.38
Z00138,H010,4549.22
Z00139,H001,3446.7
Z00139,H002,7572.44
Z00139,H003,1623.96
Z00139,H004,3356.43
Z00139,H005,8199.18
Z00139,H006,5386.85
Z00139,H007,513.41
Z00139,H008,9780.78
Z00139,H009,91.36
Z00139,H010,4394.95
Z00140,H001,3615.76
Z00140,H002,7846.86
Z00140,H003,1901.99
Z00140,H004,3443.58
Z00140,H005,8337.81
Z00140,H006,4939.94
Z00140,H007,47.81
Z00140,H008,9653.9
Z00140,H009,537.62
Z00140,H010,4128.41
Z00141,H001,77.18
Z00141,H002,9326.3
Z00141,H003,4743.93
Z00141,H004,526.27
Z00141,H005,4807.08
Z00141,H006,8019.23
Z00141,H007,3581.28
Z00141,H008,6551.65
Z00141,H009,3313.55
Z00141,H010,7689.69
Z00142,H001,3422.12
Z00142,H002,7629.88
Z00142,H003,1677.91
Z00142,H004,3323.31
Z00142,H005,8176.03
Z00142,H006,5370.21
Z00142,H007,469.39
Z00142,H008,9735.63
Z00142,H009,56.34
Z00142,H010,4403.72
Z00143,H001,4652.12
Z00143,H002,6094.62
Z00143,H003,158.64
Z00143,H004,4673.53
Z00143,H005,9203.69
Z00143,H006,5192.78
Z00143,H007,1743.61
Z00143,H008,11136.81
Z00143,H009,1574.14
Z00143,H010,3688.22
Z00144,H001,483.39
Z00144,H002,9797.85
Z00144,H003,4803.66
Z00144,H004,28.02
Z00144,H005,4921.05
Z00144,H006,7593.42
Z00144,H007,3433.87
Z00144,H008,6507.8
Z00144,H009,3242.79
Z00144,H010,7460.65
Z00145,H001,6501.8
Z00145,H002,7255.96
Z00145,H003,11302.51
Z00145,H004,6508.25
Z00145,H005,2008.28
Z00145,H006,8095.99
Z00145,H007,9753.25
Z00145,H008,101.65
Z00145,H009,9734.8
Z00145,H010,9823.24
Z00146,H001,4792.66
Z00146,H002,5994.5
Z00146,H003,30.98
Z00146,H004,4810.51
Z00146,H005,9340.93
Z00146,H006,5093.72
Z00146,H007,1826.43
Z00146,H008,11277.83
Z00146,H009,1686.45
Z00146,H010,3563.77
Z00147,H001,8095.75
Z00147,H002,6174.34
Z00147,H003,5166.89
Z00147,H004,7681.38
Z00147,H005,9720.05
Z00147,H006,79.94
Z00147,H007,5035.28
Z00147,H008,7969.45
Z00147,H009,5498.31
Z00147,H010,1873.57
Z00148,H001,6500.29
Z00148,H002,7290.46
Z00148,H003,11306.56
Z00148,H004,6500.43
Z00148,H005,2032.59
Z00148,H006,8052.79
Z00148,H007,9727.41
Z00148,H008,50.64
Z00148,H009,9718.5
Z00148,H010,9787.03
Z00149,H001,3689.63
Z00149,H002,7769.94
Z00149,H003,1831.25
Z00149,H004,3522.11
Z00149,H005,8416.3
Z00149,H006,4898.24
Z00149,H007,64.05
Z00149,H008,9735.06
Z00149,H009,548.41
Z00149,H010,4059.24
Z00150,H001,9336.84
Z00150,H002,60.99
Z00150,H003,5953.71
Z00150,H004,9758.79
Z00150,H005,7791.54
Z00150,H006,6272.97
Z00150,H007,7797.33
Z00150,H008,7332.2
Z00150,H009,7644.53
Z00150,H010,5257.17
Z00151,H001,91.04
Z00151,H002,9343.72
Z00151,H003,4855.4
Z00151,H004,562.36
Z00151,H005,4688.86
Z00151,H006,8111.49
Z00151,H007,3699.38
Z00151,H008,6439.83
Z00151,H009,3431.78
Z00151,H010,7806.36
Z00152,H001,7700.59
Z00152,H002,5225.72
Z00152,H003,3533.57
Z00152,H004,7459.36
Z00152,H005,11582.11
Z00152,H006,1863.1
Z00152,H007,4094.53
Z00152,H008,9790.57
Z00152,H009,4430.1
Z00152,H010,31.15
Z00153,H001,32.71
Z00153,H002,9425.03
Z00153,H003,4822.43
Z00153,H004,451.39
Z00153,H005,4751.87
Z00153,H006,8000.27
Z00153,H007,3624.79
Z00153,H008,6474.06
Z00153,H009,3370.06
Z00153,H010,7722.64
Z00154,H001,94.79
Z00154,H002,9315.5
Z00154,H003,4724.94
Z00154,H004,530.99
Z00154,H005,4824.83
Z00154,H006,8010.74
Z00154,H007,3564.7
Z00154,H008,6570.63
Z00154,H009,3295.81
Z00154,H010,7674.05
Z00155,H001,3362.21
Z00155,H002,7661.02
Z00155,H003,1716.43
Z00155,H004,3266.4
Z00155,H005,8115.88
Z00155,H006,5425.58
Z00155,H007,508.27
Z00155,H008,9686.7
Z00155,H009,5.47
Z00155,H010,4465.22
Z00156,H001,3307.23
Z00156,H002,7665.03
Z00156,H003,1733.57
Z00156,H004,3219.7
Z00156,H005,8059.59
Z00156,H006,5497.82
Z00156,H007,576.22
Z00156,H008,9654.26
Z00156,H009,77.66
Z00156,H010,4530.7
Z00157,H001,3433.92
Z00157,H002,7596.17
Z00157,H003,1646.69
Z00157,H004,3340.55
Z00157,H005,8187.06
Z00157,H006,5383.48
Z00157,H007,497.96
Z00157,H008,9760.85
Z00157,H009,71.16
Z00157,H010,4401.62
Z00158,H001,144.11
Z00158,H002,9282.24
Z00158,H003,4675.74
Z00158,H004,551.7
Z00158,H005,4869.21
Z00158,H006,7993.49
Z00158,H007,3524.25
Z00158,H008,6619.72
Z00158,H009,3251.56
Z00158,H010,7636.32
Z00159,H001,7786.73
Z00159,H002,5187.84
Z00159,H003,3620.79
Z00159,H004,7541.53
Z00159,H005,11549.22
Z00159,H006,1811.9
Z00159,H007,4183.39
Z00159,H008,9713.14
Z00159,H009,4520.76
Z00159,H010,60.88
Z00160,H001,415.23
Z00160,H002,9773.31
Z00160,H003,4866.14
Z00160,H004,78.87
Z00160,H005,4836.06
Z00160,H006,7687.0
Z00160,H007,3518.74
Z00160,H008,6441.91
Z00160,H009,3319.58
Z00160,H010,7553.75
Z00161,H001,8048.79
Z00161,H002,6210.45
Z00161,H003,5139.15
Z00161,H004,7634.71
Z00161,H005,9721.63
Z00161,H006,37.39
Z00161,H007,4992.97
Z00161,H008,7987.16
Z00161,H009,5457.11
Z00161,H010,1867.53
Z00162,H001,3502.21
Z00162,H002,7890.67
Z00162,H003,1932.06
Z00162,H004,3337.17
Z00162,H005,8231.0
Z00162,H006,5057.08
Z00162,H007,124.2
Z00162,H008,9588.47
Z00162,H009,452.92
Z00162,H010,4245.69
Z00163,H001,504.66
Z00163,H002,9831.71
Z00163,H003,4833.68
Z00163,H004,22.67
Z00163,H005,4900.73
Z00163,H006,7588.9
Z00163,H007,3454.61
Z00163,H008,6478.84
Z00163,H009,3267.92
Z00163,H010,7473.58
Z00164,H001,66.23
Z00164,H002,9340.39
Z00164,H003,4749.65
Z00164,H004,512.65
Z00164,H005,4805.25
Z00164,H006,8011.17
Z00164,H007,3581.16
Z00164,H008,6546.08
Z00164,H009,3315.42
Z00164,H010,7688.21
Z00165,H001,6457.34
Z00165,H002,7327.73
Z00165,H003,11264.3
Z00165,H004,6456.98
Z00165,H005,1999.04
Z00165,H006,8069.64
Z00165,H007,9686.42
Z00165,H008,50.27
Z00165,H009,9675.45
Z00165,H010,9811.64
Z00166,H001,3638.91
Z00166,H002,7848.0
Z00166,H003,1908.25
Z00166,H004,3463.36
Z00166,H005,8357.4
Z00166,H006,4908.9
Z00166,H007,69.41
Z00166,H008,9658.27
Z00166,H009,567.94
Z00166,H010,4103.2
Z00167,H001,7736.01
Z00167,H002,5210.55
Z00167,H003,3569.79
Z00167,H004,7493.09
Z00167,H005,11568.96
Z00167,H006,1841.09
Z00167,H007,4131.12
Z00167,H008,9758.33
Z00167,H009,4467.5
Z00167,H010,8.24
Z00168,H001,9391.96
Z00168,H002,35.9
Z00168,H003,5935.04
Z00168,H004,9808.14
Z00168,H005,7858.73
Z00168,H006,6191.0
Z00168,H007,7773.7
Z00168,H008,7365.94
Z00168,H009,7631.36
Z00168,H010,5183.12
Z00169,H001,9439.06
Z00169,H002,85.73
Z00169,H003,5932.74
Z00169,H004,9851.56
Z00169,H005,7899.92
Z00169,H006,6133.21
Z00169,H007,7767.19
Z00169,H008,7379.47
Z00169,H009,7632.66
Z00169,H010,5135.29
Z00170,H001,8049.67
Z00170,H002,6165.22
Z00170,H003,5077.68
Z00170,H004,7640.7
Z00170,H005,9795.71
Z00170,H006,57.7
Z00170,H007,4958.19
Z00170,H008,8056.85
Z00170,H009,5418.97
Z00170,H010,1793.68
Z00171,H001,3633.29
Z00171,H002,7824.05
Z00171,H003,1879.98
Z00171,H004,3463.1
Z00171,H005,8357.34
Z00171,H006,4933.25
Z00171,H007,32.47
Z00171,H008,9676.96
Z00171,H009,533.97
Z00171,H010,4112.61
Z00172,H001,3779.76
Z00172,H002,7683.09
Z00172,H003,1754.53
Z00172,H004,3616.46
Z00172,H005,8510.4
Z00172,H006,4843.06
Z00172,H007,155.75
Z00172,H008,9827.87
Z00172,H009,583.56
Z00172,H010,3974.37
Z00173,H001,6361.79
Z00173,H002,7448.43
Z00173,H003,11172.23
Z00173,H004,6353.15
Z00173,H005,1958.05
Z00173,H006,8055.79
Z00173,H007,9567.21
Z00173,H008,127.77
Z00173,H009,9562.28
Z00173,H010,9820.52
Z00174,H001,9353.02
Z00174,H002,49.48
Z00174,H003,5917.89
Z00174,H004,9769.97
Z00174,H005,7847.85
Z00174,H006,6220.34
Z00174,H007,7758.89
Z00174,H008,7375.96
Z00174,H009,7611.91
Z00174,H010,5200.13
Z00175,H001,3343.77
Z00175,H002,7728.71
Z00175,H003,1777.8
Z00175,H004,3236.11
Z00175,H005,8097.97
Z00175,H006,5393.0
Z00175,H007,454.36
Z00175,H008,9638.36
Z00175,H009,76.33
Z00175,H010,4464.47
Z00176,H001,4710.96
Z00176,H002,7854.35
Z00176,H003,9309.07
Z00176,H004,4850.92
Z00176,H005,43.4
Z00176,H006,9753.84
Z00176,H007,8311.43
Z00176,H008,2079.13
Z00176,H009,8077.38
Z00176,H010,11567.6
Z00177,H001,9491.42
Z00177,H002,135.72
Z00177,H003,6097.2
Z00177,H004,9918.89
Z00177,H005,7743.6
Z00177,H006,6226.44
Z00177,H007,7934.8
Z00177,H008,7208.63
Z00177,H009,7793.84
Z00177,H010,5277.29
Z00178,H001,516.36
Z00178,H002,9837.55
Z00178,H003,4826.84
Z00178,H004,35.02
Z00178,H005,4911.64
Z00178,H006,7574.99
Z00178,H007,3443.88
Z00178,H008,6486.3
Z00178,H009,3258.71
Z00178,H010,7460.98
Z00179,H001,4758.72
Z00179,H002,5988.9
Z00179,H003,59.01
Z00179,H004,4783.76
Z00179,H005,9289.25
Z00179,H006,5156.72
Z00179,H007,1841.14
Z00179,H008,11241.43
Z00179,H009,1683.38
Z00179,H010,3622.76
Z00180,H001,4867.35
Z00180,H002,6006.47
Z00180,H003,151.02
Z00180,H004,4869.77
Z00180,H005,9451.83
Z00180,H006,4957.34
Z00180,H007,1801.62
Z00180,H008,11348.76
Z00180,H009,1701.0
Z00180,H010,3436.32
Z00181,H001,155.74
Z00181,H002,9240.52
Z00181,H003,4768.33
Z00181,H004,633.74
Z00181,H005,4753.61
Z00181,H006,8125.97
Z00181,H007,3649.45
Z00181,H008,6526.58
Z00181,H009,3368.56
Z00181,H010,7764.95
Z00182,H001,38.54
Z00182,H002,9429.86
Z00182,H003,4819.96
Z00182,H004,444.49
Z00182,H005,4756.28
Z00182,H006,7993.06
Z00182,H007,3619.76
Z00182,H008,6476.65
Z00182,H009,3365.83
Z00182,H010,7716.99
Z00183,H001,3475.19
Z00183,H002,7593.23
Z00183,H003,1636.97
Z00183,H004,3375.72
Z00183,H005,8229.1
Z00183,H006,5328.95
Z00183,H007,451.0
Z00183,H008,9783.8
Z00183,H009,108.88
Z00183,H010,4352.41
Z00184,H001,516.65
Z00184,H002,9878.19
Z00184,H003,4914.38
Z00184,H004,85.89
Z00184,H005,4826.05
Z00184,H006,7624.54
Z00184,H007,3529.97
Z00184,H008,6398.26
Z00184,H009,3346.86
Z00184,H010,7539.24
Z00185,H001,4713.03
Z00185,H002,7900.01
Z00185,H003,9334.52
Z00185,H004,4845.09
Z00185,H005,78.09
Z00185,H006,9692.15
Z00185,H007,8305.83
Z00185,H008,2043.38
Z00185,H009,8079.94
Z00185,H010,11504.26
Z00186,H001,4813.8
Z00186,H002,7822.02
Z00186,H003,9423.08
Z00186,H004,4946.8
Z00186,H005,79.52
Z00186,H006,9677.91
Z00186,H007,8407.54
Z00186,H008,1965.89
Z00186,H009,8180.67
Z00186,H010,11507.55
Z00187,H001,3283.13
Z00187,H002,7775.9
Z00187,H003,1830.05
Z00187,H004,3174.93
Z00187,H005,8037.27
Z00187,H006,5435.8
Z00187,H007,486.51
Z00187,H008,9580.09
Z00187,H009,116.25
Z00187,H010,4521.52
Z00188,H001,7763.05
Z00188,H002,5169.49
Z00188,H003,3572.91
Z00188,H004,7523.43
Z00188,H005,11598.94
Z00188,H006,1864.43
Z00188,H007,4154.95
Z00188,H008,9765.63
Z00188,H009,4487.61
Z00188,H010,47.94
Z00189,H001,97.66
Z00189,H002,9348.89
Z00189,H003,4713.07
Z00189,H004,488.97
Z00189,H005,4849.06
Z00189,H006,7965.96
Z00189,H007,3535.22
Z00189,H008,6583.03
Z00189,H009,3271.77
Z00189,H010,7641.21
Z00190,H001,4827.04
Z00190,H002,5983.82
Z00190,H003,54.66
Z00190,H004,4841.13
Z00190,H005,9382.82
Z00190,H006,5051.64
Z00190,H007,1832.03
Z00190,H008,11312.48
Z00190,H009,1704.01
Z00190,H010,3520.19
Z00191,H001,6599.38
Z00191,H002,7195.24
Z00191,H003,11402.08
Z00191,H004,6602.42
Z00191,H005,2104.49
Z00191,H006,8025.11
Z00191,H007,9828.63
Z00191,H008,138.2
Z00191,H009,9821.98
Z00191,H010,9738.71
Z00192,H001,3628.84
Z00192,H002,7791.73
Z00192,H003,1842.94
Z00192,H004,3465.53
Z00192,H005,8359.31
Z00192,H006,4962.5
Z00192,H007,15.32
Z00192,H008,9702.29
Z00192,H009,492.5
Z00192,H010,4122.57
Z00193,H001,8139.11
Z00193,H002,6095.73
Z00193,H003,5129.77
Z00193,H004,7729.71
Z00193,H005,9793.33
Z00193,H006,127.45
Z00193,H007,5038.39
Z00193,H008,8023.84
Z00193,H009,5496.93
Z00193,H010,1805.22
Z00194,H001,7933.4
Z00194,H002,6315.92
Z00194,H003,5095.11
Z00194,H004,7518.13
Z00194,H005,9694.63
Z00194,H006,98.58
Z00194,H007,4902.95
Z00194,H008,8002.99
Z00194,H009,5370.95
Z00194,H010,1885.36
Z00195,H001,4829.51
Z00195,H002,7839.56
Z00195,H003,9451.79
Z00195,H004,4957.66
Z00195,H005,117.94
Z00195,H006,9636.83
Z00195,H007,8418.07
Z00195,H008,1931.92
Z00195,H009,8196.36
Z00195,H010,11467.33
Z00196,H001,7728.18
Z00196,H002,5221.14
Z00196,H003,3567.88
Z00196,H004,7484.5
Z00196,H005,11561.9
Z00196,H006,1836.17
Z00196,H007,4124.07
Z00196,H008,9757.52
Z00196,H009,4461.34
Z00196,H010,5.49
Z00197,H001,3626.88
Z00197,H002,7786.95
Z00197,H003,1837.28
Z00197,H004,3464.77
Z00197,H005,8358.38
Z00197,H006,4968.6
Z00197,H007,23.19
Z00197,H008,9705.63
Z00197,H009,484.73
Z00197,H010,4125.56
Z00198,H001,8037.7
Z00198,H002,6225.16
Z00198,H003,5141.31
Z00198,H004,7622.98
Z00198,H005,9711.56
Z00198,H006,38.29
Z00198,H007,4988.03
Z00198,H008,7981.5
Z00198,H009,5452.88
Z00198,H010,1876.6
Z00199,H001,9328.95
Z00199,H002,173.62
Z00199,H003,5796.63
Z00199,H004,9733.35
Z00199,H005,7977.04
Z00199,H006,6130.48
Z00199,H007,7634.05
Z00199,H008,7506.19
Z00199,H009,7494.65
Z00199,H010,5078.94
Z00200,H001,3484.04
Z00200,H002,7851.77
Z00200,H003,1889.26
Z00200,H004,3329.31
Z00200,H005,8221.09
Z00200,H006,5109.04
Z00200,H007,155.02
Z00200,H008,9612.84
Z00200,H009,383.71
Z00200,H010,4272.31
