zip_id,lat,lon,region_code
Z00001,20.272221,-105.579599,LATAM
Z00002,43.672011,23.847163,EMEA
Z00003,47.761758,-97.047402,NAM
Z00004,27.068821,-82.688714,NAM
Z00005,56.127627,38.452736,EMEA
Z00006,52.001973,-8.378156,EMEA
Z00007,36.557592,-0.047634,EMEA
Z00008,39.762076,-86.992536,NAM
Z00009,54.401234,13.15407,EMEA
Z00010,43.909139,12.305856,EMEA
Z00011,31.528798,-90.49627,NAM
Z00012,42.160817,-74.446741,NAM
Z00013,45.073191,-97.117751,NAM
Z00014,40.979762,117.928684,APAC
Z00015,38.604579,-87.87261,NAM
Z00016,55.029202,11.423488,EMEA
Z00017,40.264056,-111.942772,NAM
Z00018,24.209035,121.026918,APAC
Z00019,43.174185,2.618036,EMEA
Z00020,35.641205,-84.799711,NAM
Z00021,38.276292,-82.960164,NAM
Z00022,24.251913,122.225495,APAC
Z00023,47.047603,16.092533,EMEA
Z00024,45.040165,27.120157,EMEA
Z00025,55.414842,24.011471,EMEA
Z00026,46.869444,-115.612677,NAM
Z00027,46.763401,5.209406,EMEA
Z00028,53.147774,1.785697,EMEA
Z00029,48.328978,6.646113,EMEA
Z00030,29.819066,-90.908463,NAM
Z00031,45.819344,22.575817,EMEA
Z00032,33.724134,-116.072932,NAM
Z00033,31.121201,121.92191,APAC
Z00034,18.568501,84.06885,APAC
Z00035,44.183552,-123.688794,NAM
Z00036,36.506142,-118.665515,NAM
Z00037,46.870258,21.389502,EMEA
Z00038,21.605648,38.99837,EMEA
Z00039,39.765122,-88.141545,NAM
Z00040,46.370694,16.694227,EMEA
Z00041,51.874797,6.318965,EMEA
Z00042,40.641155,2.382032,EMEA
Z00043,35.498565,16.332236,EMEA
Z00044,35.589081,121.668515,APAC
Z00045,44.579652,8.158346,EMEA
Z00046,50.131109,5.213534,EMEA
Z00047,27.526257,120.907549,APAC
Z00048,45.329374,-71.870139,NAM
Z00049,39.670417,-84.379811,NAM
Z00050,53.771862,26.527426,EMEA
Z00051,49.552136,6.616312,EMEA
Z00052,34.511435,120.394979,APAC
Z00053,39.193393,-79.030407,NAM
Z00054,42.43753,-87.347403,NAM
Z00055,31.717814,-86.449373,NAM
Z00056,44.858872,-91.399371,NAM
Z00057,33.617552,-101.046861,NAM
Z00058,44.211065,-89.351813,NAM
Z00059,53.062215,13.385087,EMEA
Z00060,45.054362,10.047927,EMEA
Z00061,35.899843,-80.373874,NAM
Z00062,51.971371,-0.717112,EMEA
Z00063,13.710584,121.079432,APAC
Z00064,20.596491,-99.274261,LATAM
Z00065,39.59656,-75.105024,NAM
Z00066,49.479969,9.346343,EMEA
Z00067,50.925423,13.739986,EMEA
Z00068,36.224559,-88.857188,NAM
Z00069,34.799369,-98.346232,NAM
Z00070,5.447087,-4.188779,EMEA
Z00071,40.321567,-2.475113,EMEA
Z00072,47.260912,82.37765,APAC
Z00073,39.588996,-77.162899,NAM
Z00074,42.131807,-81.33778,NAM
Z00075,42.931744,-0.477751,EMEA
Z00076,44.633186,-77.359943,NAM
Z00077,25.804693,-97.888693,NAM
Z00078,31.262788,130.545232,APAC
Z00079,50.623439,10.269163,EMEA
Z00080,12.801053,77.510727,APAC
Z00081,47.346972,9.016951,EMEA
Z00082,56.199581,-3.665935,EMEA
Z00083,32.927456,-116.874607,NAM
Z00084,39.642782,109.8804,APAC
Z00085,43.199705,-92.349096,NAM
Z00086,49.961917,8.46987,EMEA
Z00087,50.719665,17.6931,EMEA
Z00088,36.741706,117.599436,APAC
Z00089,36.3769,-76.450188,NAM
Z00090,49.12418,-123.165423,NAM
Z00091,39.831187,-78.084032,NAM
Z00092,46.826297,-73.985467,NAM
Z00093,34.413558,-86.866534,NAM
Z00094,46.888147,-120.634962,NAM
Z00095,50.767735,-95.65714,NAM
Z00096,24.909862,121.419018,APAC
Z00097,43.954018,87.468934,APAC
Z00098,54.10673,20.399824,EMEA
Z00099,37.686353,-103.280574,NAM
Z00100,52.741113,7.445374,EMEA
Z00101,26.755317,106.8486,APAC
Z00102,43.113214,-80.972052,NAM
Z00103,43.682558,-81.906213,NAM
Z00104,33.946865,-91.823384,NAM
Z00105,55.303697,10.176555,EMEA
Z00106,35.378022,-113.608885,NAM
Z00107,28.155323,118.981619,APAC
Z00108,36.683718,0.599272,EMEA
Z00109,43.861204,-83.986587,NAM
Z00110,55.593354,-2.899649,EMEA
Z00111,44.049965,-91.665703,NAM
Z00112,42.135106,-69.625821,NAM
Z00113,45.237707,-68.39826,NAM
Z00114,25.212888,119.858583,APAC
Z00115,35.077373,-87.020119,NAM
Z00116,41.714647,-103.030391,NAM
Z00117,47.040427,10.425921,EMEA
Z00118,39.127007,-85.764881,NAM
Z00119,46.242931,86.275163,APAC
Z00120,42.764013,-90.633642,NAM
Z00121,-31.609301,116.387522,APAC
Z00122,37.028616,-92.724454,NAM
Z00123,-9.443578,116.171622,APAC
Z00124,40.105869,-94.623308,NAM
Z00125,40.12233,-87.826106,NAM
Z00126,42.318852,-85.723753,NAM
Z00127,38.356749,14.816839,EMEA
Z00128,52.121678,-7.233982,EMEA
Z00129,21.647729,-156.919562,NAM
Z00130,32.624292,-84.898692,NAM
Z00131,42.816175,-2.828901,EMEA
Z00132,42.246371,-75.285349,NAM
Z00133,47.745298,9.865869,EMEA
Z00134,29.987598,120.460949,APAC
Z00135,48.137322,-119.634208,NAM
Z00136,48.462852,-1.356164,EMEA
Z00137,-35.368318,143.933819,APAC
Z00138,34.41884,-91.390511,NAM
Z00139,48.672754,-4.495194,EMEA
Z00140,41.369335,-85.728115,NAM
Z00141,51.624362,22.554191,EMEA
Z00142,42.683791,-86.328419,NAM
Z00143,51.993344,6.268396,EMEA
Z00144,25.010722,-100.34454,LATAM
Z00145,11.954938,79.431878,APAC
Z00146,39.360967,-8.478036,EMEA
Z00147,43.469834,28.098421,EMEA
Z00148,44.736501,-78.482158,NAM
Z00149,29.245841,-82.969571,NAM
Z00150,34.552528,118.975068,APAC
Z00151,29.500345,-80.734652,NAM
Z00152,50.29649,5.643505,EMEA
Z00153,41.849691,-87.195945,NAM
Z00154,-22.015246,-47.361984,LATAM
Z00155,45.095586,4.727073,EMEA
Z00156,30.787283,-91.696177,NAM
Z00157,32.618777,-97.434021,NAM
Z00158,28.637645,-82.266843,NAM
Z00159,36.006458,-78.924126,NAM
Z00160,53.272856,2.610975,EMEA
Z00161,48.159975,7.416471,EMEA
Z00162,27.114955,81.905984,APAC
Z00163,34.041081,-86.468288,NAM
Z00164,41.703382,-80.671533,NAM
Z00165,44.9301,-62.097311,NAM
Z00166,46.630937,-72.833435,NAM
Z00167,49.160639,9.345284,EMEA
Z00168,57.228129,-3.986268,EMEA
Z00169,47.795548,9.83253,EMEA
Z00170,-4.160962,104.526327,APAC
Z00171,41.281062,-76.696818,NAM
Z00172,-25.431866,28.588352,EMEA
Z00173,39.285354,-121.724517,NAM
Z00174,30.130721,-81.11008,NAM
Z00175,37.921252,-109.14957,NAM
Z00176,23.378094,76.857608,APAC
Z00177,47.76549,-119.772894,NAM
Z00178,13.014234,80.784197,APAC
Z00179,29.919449,105.74161,APAC
Z00180,34.673223,-78.827818,NAM
Z00181,40.143305,-90.213178,NAM
Z00182,33.275829,-122.064902,NAM
Z00183,35.788694,111.552091,APAC
Z00184,48.233082,10.344161,EMEA
Z00185,39.562023,-124.110234,NAM
Z00186,17.964137,71.06258,APAC
Z00187,50.790801,3.762856,EMEA
Z00188,55.595404,9.544898,EMEA
Z00189,50.071702,70.382088,APAC
Z00190,50.161137,12.758449,EMEA
Z00191,51.321131,5.271452,EMEA
Z00192,36.940624,-76.125198,NAM
Z00193,29.603698,104.306282,APAC
Z00194,-28.379577,154.645938,APAC
Z00195,30.442417,-87.090707,NAM
Z00196,41.368734,112.865555,APAC
Z00197,46.064148,21.204455,EMEA
Z00198,54.815509,-5.223456,EMEA
Z00199,22.654369,74.300996,APAC
Z00200,41.7831,-73.890111,NAM
Z00201,52.474871,-2.061782,EMEA
Z00202,51.505458,-1.281106,EMEA
Z00203,33.480568,-96.436537,NAM
Z00204,37.598117,16.110074,EMEA
Z00205,31.475857,-92.515258,NAM
Z00206,50.592808,4.272644,EMEA
Z00207,38.828461,-88.489136,NAM
Z00208,-27.158308,26.983896,EMEA
Z00209,36.446111,133.372171,APAC
Z00210,56.671943,-0.555441,EMEA
Z00211,46.65647,0.320745,EMEA
Z00212,-23.6007,-48.084817,LATAM
Z00213,43.712997,-89.34688,NAM
Z00214,38.298421,-82.324339,NAM
Z00215,41.247086,-81.174251,NAM
Z00216,43.928252,12.368022,EMEA
Z00217,48.39236,-121.291246,NAM
Z00218,43.541934,-77.98166,NAM
Z00219,48.172762,-1.433655,EMEA
Z00220,39.541198,109.824042,APAC
Z00221,-25.182832,-48.129195,LATAM
Z00222,44.353817,-78.080688,NAM
Z00223,53.951838,15.002763,EMEA
Z00224,17.191495,-64.939121,LATAM
Z00225,43.658983,-87.07406,NAM
Z00226,39.085021,-92.306211,NAM
Z00227,21.66997,105.794444,APAC
Z00228,38.504392,-118.51943,NAM
Z00229,42.035502,-75.854422,NAM
Z00230,48.761521,-124.697638,NAM
Z00231,52.6685,19.068584,EMEA
Z00232,48.64174,18.383643,EMEA
Z00233,29.096428,122.00827,APAC
Z00234,50.193875,9.352524,EMEA
Z00235,51.87504,1.146035,EMEA
Z00236,39.858141,-78.91695,NAM
Z00237,54.685326,-2.15204,EMEA
Z00238,41.674728,-72.189454,NAM
Z00239,41.793887,-73.57531,NAM
Z00240,36.512636,34.936291,EMEA
Z00241,30.95269,120.619777,APAC
Z00242,50.028257,2.048368,EMEA
Z00243,44.973445,-95.814171,NAM
Z00244,31.337555,-114.99577,NAM
Z00245,-6.693026,110.739148,APAC
Z00246,37.972568,-84.34957,NAM
Z00247,49.814604,-3.318474,EMEA
Z00248,40.072167,-95.869363,NAM
Z00249,41.258759,-74.831854,NAM
Z00250,30.521066,114.894243,APAC
Z00251,-41.882358,174.645905,APAC
Z00252,18.340406,-65.107095,LATAM
Z00253,26.038594,121.845996,APAC
Z00254,52.362537,11.557876,EMEA
Z00255,59.071244,14.425413,EMEA
Z00256,49.880562,5.195126,EMEA
Z00257,33.363451,-79.110936,NAM
Z00258,45.209732,-94.649234,NAM
Z00259,43.250348,-113.763034,NAM
Z00260,29.465538,-81.004813,NAM
Z00261,43.917936,26.765816,EMEA
Z00262,22.013569,121.552061,APAC
Z00263,46.763883,15.585563,EMEA
Z00264,30.181519,122.085087,APAC
Z00265,22.093838,114.297132,APAC
Z00266,22.256917,-156.946826,NAM
Z00267,51.263179,1.593188,EMEA
Z00268,31.310761,104.936322,APAC
Z00269,46.227558,14.455233,EMEA
Z00270,45.812568,-69.625935,NAM
Z00271,42.946625,-84.03338,NAM
Z00272,44.473332,-74.944345,NAM
Z00273,20.170739,-96.278121,LATAM
Z00274,54.892605,-4.881962,EMEA
Z00275,20.516699,110.499152,APAC
Z00276,43.066529,5.561098,EMEA
Z00277,-24.924475,-43.89413,LATAM
Z00278,32.682408,-96.610205,NAM
Z00279,32.706753,-91.920224,NAM
Z00280,43.422187,-75.905591,NAM
Z00281,46.705451,6.348619,EMEA
Z00282,30.402666,-82.358585,NAM
Z00283,43.437066,-79.398798,NAM
Z00284,43.347331,94.074322,APAC
Z00285,34.110289,-80.382313,NAM
Z00286,50.855783,-110.669168,NAM
Z00287,17.01396,84.641695,APAC
Z00288,43.381375,-86.049623,NAM
Z00289,60.502293,29.929626,EMEA
Z00290,20.491948,80.643549,APAC
Z00291,40.232099,-79.707819,NAM
Z00292,45.913317,-81.619685,NAM
Z00293,45.121996,9.596488,EMEA
Z00294,23.147549,119.945787,APAC
Z00295,24.565959,-97.578721,NAM
Z00296,38.881853,-90.398113,NAM
Z00297,42.156208,-99.123011,NAM
Z00298,42.717703,-82.30553,NAM
Z00299,43.002147,-78.90309,NAM
Z00300,42.459042,-71.405894,NAM
Z00301,36.854177,-95.281001,NAM
Z00302,39.089508,-88.073167,NAM
Z00303,47.853354,11.431539,EMEA
Z00304,48.448357,7.526661,EMEA
Z00305,43.949306,9.431371,EMEA
Z00306,40.796754,-85.955947,NAM
Z00307,40.578409,0.827311,EMEA
Z00308,33.976154,-106.03897,NAM
Z00309,47.450161,8.100334,EMEA
Z00310,22.829106,118.095903,APAC
Z00311,53.188178,20.289256,EMEA
Z00312,35.9852,-78.672376,NAM
Z00313,-31.060444,114.16995,APAC
Z00314,46.541484,-0.850414,EMEA
Z00315,36.713779,-92.855056,NAM
Z00316,42.02651,-86.133171,NAM
Z00317,40.290789,-76.803615,NAM
Z00318,33.930106,-97.088047,NAM
Z00319,24.264455,102.507667,APAC
Z00320,32.506844,119.492106,APAC
Z00321,30.443206,-90.485394,NAM
Z00322,43.888001,-79.151573,NAM
Z00323,35.990093,119.101893,APAC
Z00324,-22.428273,-43.511285,LATAM
Z00325,34.213352,122.474733,APAC
Z00326,55.003367,-1.80973,EMEA
Z00327,42.334042,-87.379389,NAM
Z00328,49.270712,9.458686,EMEA
Z00329,43.592102,1.557039,EMEA
Z00330,12.940737,79.497129,APAC
Z00331,45.404801,20.378095,EMEA
Z00332,52.230747,3.470164,EMEA
Z00333,53.823608,19.041164,EMEA
Z00334,38.736882,-106.722583,NAM
Z00335,45.769586,13.610369,EMEA
Z00336,43.382257,7.483839,EMEA
Z00337,45.744187,-83.149213,NAM
Z00338,52.195625,6.331242,EMEA
Z00339,45.56806,1.063101,EMEA
Z00340,-27.538178,152.930888,APAC
Z00341,47.507051,4.936789,EMEA
Z00342,50.249178,11.289621,EMEA
Z00343,54.406086,11.275871,EMEA
Z00344,30.837451,-86.595599,NAM
Z00345,31.698689,-80.09005,NAM
Z00346,-29.450886,153.744085,APAC
Z00347,39.492513,-78.232046,NAM
Z00348,43.359325,-80.877623,NAM
Z00349,52.047185,4.79512,EMEA
Z00350,30.593187,-79.25325,NAM
Z00351,46.990993,9.177614,EMEA
Z00352,51.376593,5.192948,EMEA
Z00353,41.341793,20.32557,EMEA
Z00354,43.172092,8.124906,EMEA
Z00355,40.957264,-0.649992,EMEA
Z00356,29.040068,120.552514,APAC
Z00357,44.771642,128.375714,APAC
Z00358,52.733879,3.782554,EMEA
Z00359,48.223755,-5.117421,EMEA
Z00360,39.541286,3.196046,EMEA
Z00361,38.993175,-80.09511,NAM
Z00362,55.089734,22.95362,EMEA
Z00363,44.258125,10.209701,EMEA
Z00364,42.617151,-84.383615,NAM
Z00365,44.543046,15.464568,EMEA
Z00366,33.78795,132.383517,APAC
Z00367,44.626157,-90.461948,NAM
Z00368,39.68313,-75.584775,NAM
Z00369,47.869057,-1.728748,EMEA
Z00370,56.978253,-2.884611,EMEA
Z00371,43.432485,8.637717,EMEA
Z00372,51.763845,3.900428,EMEA
Z00373,59.299858,10.884136,EMEA
Z00374,48.365059,19.498553,EMEA
Z00375,47.137024,1.242897,EMEA
Z00376,45.017789,-81.464144,NAM
Z00377,46.365223,6.937745,EMEA
Z00378,30.556867,-87.542454,NAM
Z00379,26.218651,-82.174794,NAM
Z00380,27.614339,-80.935029,NAM
Z00381,47.552147,3.794594,EMEA
Z00382,28.889407,118.558759,APAC
Z00383,42.343672,92.938913,APAC
Z00384,52.775901,8.292165,EMEA
Z00385,52.236398,-3.92512,EMEA
Z00386,36.346866,-112.554745,NAM
Z00387,29.783811,-85.271959,NAM
Z00388,44.554093,6.498475,EMEA
Z00389,61.04601,8.6029,EMEA
Z00390,36.181408,-119.702269,NAM
Z00391,35.679181,-78.564218,NAM
Z00392,22.78853,114.361072,APAC
Z00393,32.05144,-113.538663,NAM
Z00394,35.091122,33.433471,EMEA
Z00395,49.71929,7.563559,EMEA
Z00396,33.694363,-7.096083,EMEA
Z00397,42.818618,-1.407623,EMEA
Z00398,43.779801,94.913639,APAC
Z00399,34.296719,-95.051778,NAM
Z00400,40.298115,-121.793167,NAM
Z00401,29.555176,113.143562,APAC
Z00402,32.918952,33.545064,EMEA
Z00403,42.807673,-79.786791,NAM
Z00404,40.458109,-85.80599,NAM
Z00405,43.540276,-111.851422,NAM
Z00406,23.404756,123.279434,APAC
Z00407,58.531074,23.905092,EMEA
Z00408,-2.075799,117.234671,APAC
Z00409,31.508395,104.223297,APAC
Z00410,39.470551,-85.68919,NAM
Z00411,43.684977,7.634262,EMEA
Z00412,29.813997,112.449947,APAC
Z00413,37.859355,122.113175,APAC
Z00414,29.53273,109.142578,APAC
Z00415,44.220963,5.050814,EMEA
Z00416,50.156679,8.456742,EMEA
Z00417,-37.170219,174.147189,APAC
Z00418,39.382109,-85.124833,NAM
Z00419,48.664458,21.619812,EMEA
Z00420,35.897549,111.130206,APAC
Z00421,50.94975,7.769839,EMEA
Z00422,40.675086,109.865511,APAC
Z00423,28.601331,-80.949638,NAM
Z00424,46.039465,-3.07639,EMEA
Z00425,-35.304859,-56.79594,LATAM
Z00426,46.282133,125.246114,APAC
Z00427,41.825875,-79.791294,NAM
Z00428,35.301853,-77.702033,NAM
Z00429,54.380239,12.838637,EMEA
Z00430,28.945323,-81.519738,NAM
Z00431,32.95283,-93.305376,NAM
Z00432,38.6187,-121.532749,NAM
Z00433,-33.79171,151.761465,APAC
Z00434,46.889449,123.288093,APAC
Z00435,47.633727,-120.267911,NAM
Z00436,30.752983,-79.558956,NAM
Z00437,19.634446,-156.492108,NAM
Z00438,24.090759,120.131329,APAC
Z00439,46.002576,13.738569,EMEA
Z00440,41.010039,-84.079763,NAM
Z00441,12.653415,76.625584,APAC
Z00442,33.874908,135.844415,APAC
Z00443,39.19278,-81.433421,NAM
Z00444,46.841684,-70.871634,NAM
Z00445,35.380385,-83.572739,NAM
Z00446,42.404255,-91.487684,NAM
Z00447,44.85679,8.345365,EMEA
Z00448,41.341986,-90.840843,NAM
Z00449,40.624324,4.963086,EMEA
Z00450,42.902534,-84.545121,NAM
Z00451,45.200376,-91.567307,NAM
Z00452,41.427785,-80.519106,NAM
Z00453,27.136302,-94.701742,NAM
Z00454,28.897666,76.981691,APAC
Z00455,36.629041,-82.712822,NAM
Z00456,30.352881,-82.404919,NAM
Z00457,45.08706,-73.168146,NAM
Z00458,21.194569,105.580602,APAC
Z00459,39.557538,-74.150258,NAM
Z00460,52.229069,20.104282,EMEA
Z00461,-33.995823,-58.916334,LATAM
Z00462,33.063528,-88.218802,NAM
Z00463,38.039317,-87.010229,NAM
Z00464,43.088208,-73.142084,NAM
Z00465,44.018231,7.126525,EMEA
Z00466,-34.28328,152.727983,APAC
Z00467,36.897613,-7.376709,EMEA
Z00468,39.844164,114.782448,APAC
Z00469,35.636507,-80.662334,NAM
Z00470,43.859391,-4.888443,EMEA
Z00471,41.29763,-113.570564,NAM
Z00472,42.170546,44.622747,EMEA
Z00473,48.294,16.296363,EMEA
Z00474,43.571993,6.07454,EMEA
Z00475,30.225105,-82.038608,NAM
Z00476,30.550493,-80.551172,NAM
Z00477,14.801196,101.841885,APAC
Z00478,42.895524,-81.568675,NAM
Z00479,45.896493,0.588656,EMEA
Z00480,53.320207,-8.587296,EMEA
Z00481,-15.078333,-38.05216,LATAM
Z00482,31.995444,120.897428,APAC
Z00483,38.370497,-104.173152,NAM
Z00484,35.101764,14.531557,EMEA
Z00485,37.375547,-86.346435,NAM
Z00486,59.863326,18.171081,EMEA
Z00487,32.071453,-99.838638,NAM
Z00488,34.266718,-85.179578,NAM
Z00489,41.472947,-95.319803,NAM
Z00490,36.149912,-119.449324,NAM
Z00491,32.042392,-80.776757,NAM
Z00492,40.144204,-79.888785,NAM
Z00493,31.901666,104.717059,APAC
Z00494,24.606531,114.696918,APAC
Z00495,39.596494,-9.592003,EMEA
Z00496,-27.874924,153.145547,APAC
Z00497,22.283334,79.876825,APAC
Z00498,42.574152,-89.489369,NAM
Z00499,39.317645,-83.021068,NAM
Z00500,37.013978,-88.116061,NAM
Z00501,37.792861,-81.54948,NAM
Z00502,48.152647,16.490431,EMEA
Z00503,22.991585,114.714614,APAC
Z00504,42.22552,-72.323673,NAM
Z00505,48.421694,-118.052676,NAM
Z00506,40.718756,-82.610242,NAM
Z00507,35.102019,-81.428984,NAM
Z00508,41.829098,-76.19882,NAM
Z00509,-30.176745,30.04678,EMEA
Z00510,34.34025,-113.692067,NAM
Z00511,27.220995,-99.870896,NAM
Z00512,39.035267,-76.978039,NAM
Z00513,59.442931,11.964375,EMEA
Z00514,40.323015,-86.243513,NAM
Z00515,55.629775,21.0656,EMEA
Z00516,33.658963,-85.446988,NAM
Z00517,50.790036,-123.525469,NAM
Z00518,34.614882,-79.188924,NAM
Z00519,24.985267,115.939485,APAC
Z00520,23.655921,88.115816,APAC
Z00521,36.25346,117.553616,APAC
Z00522,32.117831,73.366462,APAC
Z00523,27.638399,-79.224128,NAM
Z00524,40.539438,14.249476,EMEA
Z00525,38.409546,-108.806368,NAM
Z00526,39.554117,-76.956512,NAM
Z00527,46.205149,14.163769,EMEA
Z00528,52.954795,9.193838,EMEA
Z00529,24.879816,55.173631,EMEA
Z00530,-12.983451,-38.378496,LATAM
Z00531,26.412472,-83.187213,NAM
Z00532,37.98374,-78.483689,NAM
Z00533,48.063958,-119.937829,NAM
Z00534,33.889317,-83.682532,NAM
Z00535,52.106277,19.636167,EMEA
Z00536,40.564865,-88.290174,NAM
Z00537,49.353816,20.465628,EMEA
Z00538,20.689684,-66.788649,LATAM
Z00539,40.729992,-73.377376,NAM
Z00540,39.581707,-94.548476,NAM
Z00541,41.69298,-91.812803,NAM
Z00542,42.626817,8.657149,EMEA
Z00543,24.193534,115.347764,APAC
Z00544,23.173117,75.848001,APAC
Z00545,40.465228,-82.690092,NAM
Z00546,28.922357,78.595399,APAC
Z00547,32.333887,121.502771,APAC
Z00548,31.119413,107.357769,APAC
Z00549,48.278107,-123.564391,NAM
Z00550,45.186944,26.356162,EMEA
Z00551,46.835685,-120.243471,NAM
Z00552,44.590456,10.241282,EMEA
Z00553,42.640696,-84.020037,NAM
Z00554,47.606164,-116.903723,NAM
Z00555,41.567382,0.911197,EMEA
Z00556,23.282753,107.223282,APAC
Z00557,54.192512,13.921157,EMEA
Z00558,35.663707,118.750387,APAC
Z00559,24.626667,116.888916,APAC
Z00560,43.506681,-84.173269,NAM
Z00561,36.229417,-114.536572,NAM
Z00562,34.867932,139.054415,APAC
Z00563,22.941167,117.586274,APAC
Z00564,43.753413,-86.015771,NAM
Z00565,41.47575,-85.362594,NAM
Z00566,47.423457,18.477352,EMEA
Z00567,46.035382,126.51006,APAC
Z00568,47.283453,-116.950274,NAM
Z00569,36.346455,-87.321975,NAM
Z00570,53.319487,4.312451,EMEA
Z00571,36.393707,-83.611857,NAM
Z00572,43.933886,6.766204,EMEA
Z00573,43.966892,6.190185,EMEA
Z00574,28.629579,122.689516,APAC
Z00575,38.300039,-6.48628,EMEA
Z00576,22.508246,107.029219,APAC
Z00577,42.348656,-4.241734,EMEA
Z00578,50.825238,9.959785,EMEA
Z00579,-24.008737,-46.424555,LATAM
Z00580,44.865649,8.882313,EMEA
Z00581,39.810395,-119.863258,NAM
Z00582,19.610749,73.180521,APAC
Z00583,39.45358,-9.521469,EMEA
Z00584,60.666532,-148.078075,NAM
Z00585,46.545717,25.974581,EMEA
Z00586,40.572893,-81.310211,NAM
Z00587,48.780472,8.830798,EMEA
Z00588,48.721868,10.637513,EMEA
Z00589,29.656625,-92.433779,NAM
Z00590,34.258029,-83.482721,NAM
Z00591,42.310084,-0.937964,EMEA
Z00592,41.594065,-112.5804,NAM
Z00593,46.145353,9.382863,EMEA
Z00594,40.052972,12.822419,EMEA
Z00595,28.809791,-79.308309,NAM
Z00596,40.328871,-9.69482,EMEA
Z00597,30.231622,120.498071,APAC
Z00598,46.291625,-70.393463,NAM
Z00599,-14.001668,-38.575765,LATAM
Z00600,44.515088,1.302588,EMEA
Z00601,6.357072,-73.5435,LATAM
Z00602,45.814396,22.011994,EMEA
Z00603,49.635429,-98.088023,NAM
Z00604,38.764594,-75.715323,NAM
Z00605,52.14064,5.39568,EMEA
Z00606,38.303959,-105.456493,NAM
Z00607,38.924922,-78.819284,NAM
Z00608,-34.543719,19.176406,EMEA
Z00609,21.506411,90.236316,APAC
Z00610,43.571527,-3.349639,EMEA
Z00611,42.215007,5.88412,EMEA
Z00612,34.677246,-85.464559,NAM
Z00613,38.184561,102.495227,APAC
Z00614,29.465549,105.315214,APAC
Z00615,-33.803299,20.237296,EMEA
Z00616,45.427023,10.253652,EMEA
Z00617,33.334362,-78.0892,NAM
Z00618,-6.885025,39.086715,EMEA
Z00619,37.660144,-3.09222,EMEA
Z00620,44.290771,-98.310693,NAM
Z00621,45.511761,-123.31888,NAM
Z00622,42.913292,-91.685318,NAM
Z00623,28.167969,-80.391873,NAM
Z00624,39.047412,-121.52368,NAM
Z00625,-7.650822,108.815941,APAC
Z00626,40.194613,-89.162824,NAM
Z00627,-19.198502,146.670222,APAC
Z00628,40.194937,101.244899,APAC
Z00629,26.239233,-99.395537,NAM
Z00630,3.333331,101.009755,APAC
Z00631,33.360887,-117.550253,NAM
Z00632,-28.644207,154.076083,APAC
Z00633,51.073114,22.772599,EMEA
Z00634,43.737843,-88.114146,NAM
Z00635,14.244183,120.075815,APAC
Z00636,57.155568,-3.164034,EMEA
Z00637,39.542976,-74.95237,NAM
Z00638,14.226815,119.967154,APAC
Z00639,35.332946,-112.997957,NAM
Z00640,14.699783,121.31914,APAC
Z00641,39.12012,-73.731322,NAM
Z00642,21.649278,79.311177,APAC
Z00643,50.000728,2.54448,EMEA
Z00644,-37.068909,145.483178,APAC
Z00645,3.718188,99.231297,APAC
Z00646,34.380466,-80.09466,NAM
Z00647,40.320044,-123.046213,NAM
Z00648,38.944009,-78.986538,NAM
Z00649,32.447245,-95.379214,NAM
Z00650,39.469618,-105.320845,NAM
Z00651,21.721852,-157.157585,NAM
Z00652,-17.775614,145.852257,APAC
Z00653,29.164188,-95.959084,NAM
Z00654,54.535459,25.421455,EMEA
Z00655,41.402373,-86.403928,NAM
Z00656,44.378006,2.585962,EMEA
Z00657,40.28723,-120.422729,NAM
Z00658,30.356933,-90.153344,NAM
Z00659,50.905244,70.661238,APAC
Z00660,33.446118,35.301504,EMEA
Z00661,33.491962,-81.807445,NAM
Z00662,52.613584,-114.442685,NAM
Z00663,40.645436,-102.070659,NAM
Z00664,43.185817,-73.188839,NAM
Z00665,39.483952,-78.046559,NAM
Z00666,35.498928,-105.591237,NAM
Z00667,34.304783,-78.241756,NAM
Z00668,34.990026,-83.043881,NAM
Z00669,-4.55588,39.382647,EMEA
Z00670,46.400354,-122.448511,NAM
Z00671,40.772551,-81.103243,NAM
Z00672,37.453705,-83.073136,NAM
Z00673,41.497002,-85.200026,NAM
Z00674,33.436533,-114.946679,NAM
Z00675,32.326179,121.899091,APAC
Z00676,33.3929,-87.454801,NAM
Z00677,42.20838,-114.699324,NAM
Z00678,41.642674,-83.326751,NAM
Z00679,47.499978,21.878662,EMEA
Z00680,51.030606,-113.93826,NAM
Z00681,39.756547,-103.5245,NAM
Z00682,23.220801,113.034914,APAC
Z00683,37.517436,13.754344,EMEA
Z00684,29.388825,120.637285,APAC
Z00685,39.134963,-90.31622,NAM
Z00686,21.52527,91.505587,APAC
Z00687,21.883555,39.86908,EMEA
Z00688,-35.995979,-56.80658,LATAM
Z00689,48.864112,11.416026,EMEA
Z00690,30.317032,36.554541,EMEA
Z00691,42.751745,-64.447216,NAM
Z00692,36.633296,-119.336549,NAM
Z00693,53.772501,13.347767,EMEA
Z00694,36.761621,120.946972,APAC
Z00695,12.912253,76.691741,APAC
Z00696,35.437742,-76.724105,NAM
Z00697,38.694128,-9.056935,EMEA
Z00698,34.767763,110.572478,APAC
Z00699,23.139949,101.461679,APAC
Z00700,32.187069,33.390826,EMEA
Z00701,51.417176,6.99645,EMEA
Z00702,-41.271165,175.872511,APAC
Z00703,41.680136,-96.079828,NAM
Z00704,23.208012,107.78595,APAC
Z00705,42.862272,-87.905513,NAM
Z00706,35.092858,-76.809861,NAM
Z00707,38.88228,-0.473442,EMEA
Z00708,39.588869,-94.750722,NAM
Z00709,44.080324,23.850594,EMEA
Z00710,34.997643,-83.61459,NAM
Z00711,50.179485,10.643852,EMEA
Z00712,30.836096,-90.492176,NAM
Z00713,45.52758,9.836341,EMEA
Z00714,32.183988,119.213308,APAC
Z00715,49.784989,2.1009,EMEA
Z00716,43.134292,3.876511,EMEA
Z00717,30.828606,-93.633916,NAM
Z00718,43.149367,-112.70071,NAM
Z00719,58.248283,21.791489,EMEA
Z00720,30.811377,-102.204492,NAM
Z00721,51.004161,4.944189,EMEA
Z00722,38.50433,114.668164,APAC
Z00723,40.187118,45.384532,EMEA
Z00724,39.051135,112.062343,APAC
Z00725,39.855899,-83.726343,NAM
Z00726,35.986827,-119.651023,NAM
Z00727,54.212668,-2.187489,EMEA
Z00728,36.213344,-109.802107,NAM
Z00729,24.464923,86.86375,APAC
Z00730,49.875867,2.01878,EMEA
Z00731,32.845717,-95.923786,NAM
Z00732,41.963179,12.617032,EMEA
Z00733,41.861012,13.517729,EMEA
Z00734,38.323813,108.002691,APAC
Z00735,38.892761,-78.698735,NAM
Z00736,51.480738,9.724729,EMEA
Z00737,23.514097,121.720302,APAC
Z00738,28.377586,113.021309,APAC
Z00739,34.109113,-95.995196,NAM
Z00740,51.909759,11.285989,EMEA
Z00741,33.027329,-91.963502,NAM
Z00742,50.640915,3.00753,EMEA
Z00743,40.84712,-70.599421,NAM
Z00744,34.68793,-81.994878,NAM
Z00745,22.866933,115.031011,APAC
Z00746,37.546339,-79.211634,NAM
Z00747,29.528709,114.752365,APAC
Z00748,32.449931,120.251139,APAC
Z00749,48.05196,2.381253,EMEA
Z00750,49.313112,8.641821,EMEA
Z00751,39.20884,-108.052727,NAM
Z00752,-41.44214,174.423901,APAC
Z00753,46.458696,9.560874,EMEA
Z00754,45.694363,10.169374,EMEA
Z00755,61.893633,-146.944358,NAM
Z00756,-20.179684,-38.473523,LATAM
Z00757,41.127436,-103.62067,NAM
Z00758,34.85323,136.281567,APAC
Z00759,24.444075,115.154463,APAC
Z00760,-14.202852,-39.317611,LATAM
Z00761,38.286557,-77.417205,NAM
Z00762,-1.224663,117.007002,APAC
Z00763,42.477013,-85.66287,NAM
Z00764,37.016364,119.072148,APAC
Z00765,40.179971,-5.553706,EMEA
Z00766,31.284672,-91.243222,NAM
Z00767,3.535177,98.039819,APAC
Z00768,25.29543,112.448695,APAC
Z00769,35.18082,-87.267173,NAM
Z00770,32.707776,131.302134,APAC
Z00771,50.672525,12.089008,EMEA
Z00772,43.133977,5.220752,EMEA
Z00773,41.636085,140.08479,APAC
Z00774,42.01631,-80.237134,NAM
Z00775,44.196159,5.715246,EMEA
Z00776,51.728488,74.587835,APAC
Z00777,47.80297,7.250085,EMEA
Z00778,40.266136,-87.105293,NAM
Z00779,52.485753,-4.251425,EMEA
Z00780,44.242287,-121.990938,NAM
Z00781,42.210625,-1.887399,EMEA
Z00782,51.519845,-122.57713,NAM
Z00783,34.698266,118.507316,APAC
Z00784,28.253397,115.180144,APAC
Z00785,41.152296,-104.586913,NAM
Z00786,54.872445,9.797435,EMEA
Z00787,46.157762,-90.206927,NAM
Z00788,21.608202,92.127061,APAC
Z00789,43.655897,-89.026993,NAM
Z00790,39.358307,-78.8487,NAM
Z00791,55.702636,14.332804,EMEA
Z00792,29.020846,48.130293,EMEA
Z00793,43.294834,-61.802299,NAM
Z00794,40.228139,-86.203852,NAM
Z00795,30.517056,109.404515,APAC
Z00796,52.729141,5.591243,EMEA
Z00797,41.900602,-112.795485,NAM
Z00798,-38.231409,144.12956,APAC
Z00799,28.408078,77.738361,APAC
Z00800,51.379933,4.05697,EMEA
Z00801,53.452826,15.573939,EMEA
Z00802,45.588102,126.564443,APAC
Z00803,47.551472,-81.926775,NAM
Z00804,38.215263,-95.66605,NAM
Z00805,36.202555,120.414658,APAC
Z00806,39.809043,-73.340327,NAM
Z00807,50.568426,4.31753,EMEA
Z00808,38.20553,-120.25284,NAM
Z00809,7.507976,-74.013044,LATAM
Z00810,54.807661,17.352067,EMEA
Z00811,35.87168,-87.146476,NAM
Z00812,32.517844,-97.08335,NAM
Z00813,50.868257,12.917085,EMEA
Z00814,58.220664,11.170881,EMEA
Z00815,42.981485,6.186026,EMEA
Z00816,42.13519,25.517297,EMEA
Z00817,48.385682,-125.769833,NAM
Z00818,48.047932,-72.186108,NAM
Z00819,17.767762,-65.559686,LATAM
Z00820,35.469042,-115.181254,NAM
Z00821,43.696101,3.974587,EMEA
Z00822,46.132542,-71.736051,NAM
Z00823,31.891105,-100.461332,NAM
Z00824,54.055823,-113.937972,NAM
Z00825,34.18532,-120.69974,NAM
Z00826,44.521993,-89.409158,NAM
Z00827,-16.353986,147.418594,APAC
Z00828,51.766934,7.678158,EMEA
Z00829,29.193287,112.749155,APAC
Z00830,48.103215,7.747514,EMEA
Z00831,40.899911,-95.840064,NAM
Z00832,31.011891,-86.525408,NAM
Z00833,43.719304,11.155767,EMEA
Z00834,41.635549,111.24806,APAC
Z00835,39.064787,-77.536199,NAM
Z00836,56.415262,1.040346,EMEA
Z00837,38.300867,100.148365,APAC
Z00838,51.223607,3.03563,EMEA
Z00839,40.861656,-81.190625,NAM
Z00840,56.204932,38.803421,EMEA
Z00841,46.646629,6.2053,EMEA
Z00842,55.666292,7.350988,EMEA
Z00843,-36.877893,145.016177,APAC
Z00844,43.156682,11.720387,EMEA
Z00845,39.285619,-76.705544,NAM
Z00846,41.472972,-0.772343,EMEA
Z00847,28.66751,-81.719946,NAM
Z00848,47.109904,-119.803915,NAM
Z00849,51.78504,4.40821,EMEA
Z00850,47.444128,17.266444,EMEA
Z00851,27.752864,-82.029495,NAM
Z00852,20.005565,39.274031,EMEA
Z00853,32.583633,121.937708,APAC
Z00854,36.120814,-97.390902,NAM
Z00855,45.468971,8.146515,EMEA
Z00856,33.078062,-116.876574,NAM
Z00857,52.179512,2.9846,EMEA
Z00858,30.33382,118.411943,APAC
Z00859,33.844817,-79.065963,NAM
Z00860,53.098874,11.407054,EMEA
Z00861,47.577963,5.649243,EMEA
Z00862,49.567658,16.713438,EMEA
Z00863,28.971526,-80.43973,NAM
Z00864,59.118595,14.951315,EMEA
Z00865,50.168682,10.948773,EMEA
Z00866,30.043531,118.69437,APAC
Z00867,48.298234,-117.128025,NAM
Z00868,41.186724,-77.088593,NAM
Z00869,39.609683,-112.229096,NAM
Z00870,34.733185,-81.616387,NAM
Z00871,39.544032,-78.410451,NAM
Z00872,32.404363,-85.234366,NAM
Z00873,40.977782,11.300472,EMEA
Z00874,22.234831,91.447914,APAC
Z00875,42.499533,1.060396,EMEA
Z00876,-36.404282,174.710521,APAC
Z00877,24.727824,91.94921,APAC
Z00878,42.958095,-82.972324,NAM
Z00879,21.789887,78.715057,APAC
Z00880,5.962837,-4.777045,EMEA
Z00881,39.179346,-0.828098,EMEA
Z00882,36.882698,-84.371485,NAM
Z00883,31.365233,109.057322,APAC
Z00884,51.270245,-1.392737,EMEA
Z00885,25.193298,67.28084,APAC
Z00886,28.782616,-82.516998,NAM
Z00887,44.725159,-93.94286,NAM
Z00888,31.196116,-78.949153,NAM
Z00889,55.73788,38.609387,EMEA
Z00890,57.819034,-3.166537,EMEA
Z00891,31.067726,103.181572,APAC
Z00892,38.616425,-81.40062,NAM
Z00893,47.436473,-80.531259,NAM
Z00894,-38.278669,144.708218,APAC
Z00895,47.682165,17.863875,EMEA
Z00896,29.113492,-81.995365,NAM
Z00897,-24.621186,150.357488,APAC
Z00898,49.646037,1.129682,EMEA
Z00899,47.298303,0.064587,EMEA
Z00900,31.272378,107.763569,APAC
Z00901,51.132055,11.081308,EMEA
Z00902,46.461716,-74.600046,NAM
Z00903,33.761581,128.376374,APAC
Z00904,43.105564,4.890526,EMEA
Z00905,35.403752,-85.175507,NAM
Z00906,22.600085,108.369816,APAC
Z00907,36.092152,-4.461061,EMEA
Z00908,44.456122,-74.953969,NAM
Z00909,40.248969,11.752142,EMEA
Z00910,50.011955,-3.597021,EMEA
Z00911,27.396854,111.441478,APAC
Z00912,25.24777,83.659213,APAC
Z00913,48.074572,-6.008421,EMEA
Z00914,28.941953,-81.524281,NAM
Z00915,42.431015,-80.435341,NAM
Z00916,40.08473,44.456802,EMEA
Z00917,49.938386,4.289656,EMEA
Z00918,20.889163,120.356208,APAC
Z00919,36.182194,-80.571933,NAM
Z00920,52.495237,6.431625,EMEA
Z00921,51.416167,1.625778,EMEA
Z00922,48.06757,6.520667,EMEA
Z00923,52.248467,-8.686005,EMEA
Z00924,44.211242,4.390779,EMEA
Z00925,24.318319,117.525846,APAC
Z00926,38.87589,-73.106573,NAM
Z00927,27.907608,-78.169216,NAM
Z00928,34.491628,-86.544207,NAM
Z00929,42.602285,23.470994,EMEA
Z00930,37.31147,-76.591055,NAM
Z00931,37.170003,-78.893608,NAM
Z00932,30.38302,-98.803609,NAM
Z00933,19.053779,107.439606,APAC
Z00934,40.003007,-77.058973,NAM
Z00935,49.618839,11.040679,EMEA
Z00936,39.561204,-76.976751,NAM
Z00937,27.990649,112.344442,APAC
Z00938,-2.117059,116.281943,APAC
Z00939,-27.652531,154.212765,APAC
Z00940,30.829553,-94.813517,NAM
Z00941,45.11437,-105.693914,NAM
Z00942,54.026348,-5.980778,EMEA
Z00943,40.742958,12.100675,EMEA
Z00944,56.511849,-7.811272,EMEA
Z00945,44.532504,4.910589,EMEA
Z00946,48.973867,10.920571,EMEA
Z00947,24.440751,120.142892,APAC
Z00948,32.074981,103.769352,APAC
Z00949,40.826793,30.138116,EMEA
Z00950,33.409018,113.760877,APAC
Z00951,39.365796,-75.117695,NAM
Z00952,59.89786,20.55106,EMEA
Z00953,54.804804,19.380251,EMEA
Z00954,52.035233,8.061509,EMEA
Z00955,42.401933,-82.786881,NAM
Z00956,49.169015,9.908578,EMEA
Z00957,41.527736,-80.953264,NAM
Z00958,40.1021,-78.26667,NAM
Z00959,20.519009,108.421324,APAC
Z00960,55.475187,9.8896,EMEA
Z00961,34.861057,-77.476216,NAM
Z00962,44.696884,-97.356154,NAM
Z00963,39.604789,115.305443,APAC
Z00964,51.346623,-2.524998,EMEA
Z00965,39.772566,-93.421849,NAM
Z00966,42.871017,-74.181604,NAM
Z00967,53.585991,6.36499,EMEA
Z00968,6.460818,-73.723155,LATAM
Z00969,40.821468,44.276356,EMEA
Z00970,51.641112,4.671254,EMEA
Z00971,50.718549,5.509071,EMEA
Z00972,42.514729,-70.40753,NAM
Z00973,-22.304935,-45.311123,LATAM
Z00974,40.520462,-86.938046,NAM
Z00975,32.01928,-80.240281,NAM
Z00976,23.31633,120.148167,APAC
Z00977,42.439701,-81.152613,NAM
Z00978,43.908008,-77.738575,NAM
Z00979,-2.366217,117.563542,APAC
Z00980,5.129798,-3.122937,EMEA
Z00981,33.346768,34.264202,EMEA
Z00982,41.681083,-81.12969,NAM
Z00983,33.112836,-86.360107,NAM
Z00984,28.690127,77.461185,APAC
Z00985,40.005948,45.696345,EMEA
Z00986,50.697236,9.702103,EMEA
Z00987,39.200339,-74.219694,NAM
Z00988,34.9588,14.603832,EMEA
Z00989,44.988008,28.690454,EMEA
Z00990,49.858103,10.244957,EMEA
Z00991,36.139591,-3.909357,EMEA
Z00992,49.889497,10.02565,EMEA
Z00993,59.820822,30.165757,EMEA
Z00994,35.734557,119.742438,APAC
Z00995,39.837297,-85.973438,NAM
Z00996,-31.694987,150.630654,APAC
Z00997,45.401339,9.833042,EMEA
Z00998,39.175015,-121.544967,NAM
Z00999,38.630248,-82.689518,NAM
Z01000,35.82676,-85.997957,NAM
Z01001,-25.967322,27.523989,EMEA
Z01002,42.164124,-86.54243,NAM
Z01003,27.43028,120.310464,APAC
Z01004,26.491979,-78.475191,NAM
Z01005,43.665104,-91.670562,NAM
Z01006,36.179459,-78.956163,NAM
Z01007,30.319924,107.36447,APAC
Z01008,47.474837,-96.692684,NAM
Z01009,43.537299,-80.092418,NAM
Z01010,35.647704,-92.42887,NAM
Z01011,32.282591,-87.137618,NAM
Z01012,24.799786,54.985481,EMEA
Z01013,26.324861,102.907109,APAC
Z01014,36.905534,-83.507784,NAM
Z01015,36.84085,113.69372,APAC
Z01016,48.550936,18.894037,EMEA
Z01017,33.673392,-84.721401,NAM
Z01018,51.089426,6.878807,EMEA
Z01019,29.689022,33.560721,EMEA
Z01020,39.107748,-91.55314,NAM
Z01021,13.658445,121.915466,APAC
Z01022,41.923959,-70.354352,NAM
Z01023,50.004211,14.217845,EMEA
Z01024,42.600271,124.984207,APAC
Z01025,47.628204,-100.327695,NAM
Z01026,44.181437,-90.336253,NAM
Z01027,39.173409,108.93381,APAC
Z01028,41.16443,109.048946,APAC
Z01029,34.600167,132.684926,APAC
Z01030,51.229678,13.420562,EMEA
Z01031,52.823034,5.105184,EMEA
Z01032,48.368093,-123.176606,NAM
Z01033,25.311809,65.369116,APAC
Z01034,50.045235,4.075306,EMEA
Z01035,39.241543,-81.841184,NAM
Z01036,40.252555,-88.657321,NAM
Z01037,36.760421,120.280876,APAC
Z01038,20.665478,79.398402,APAC
Z01039,30.184205,73.681905,APAC
Z01040,29.857985,115.970423,APAC
Z01041,38.218847,106.336667,APAC
Z01042,37.47897,-92.817536,NAM
Z01043,53.364961,-2.448063,EMEA
Z01044,46.998753,26.188887,EMEA
Z01045,42.858412,-0.513711,EMEA
Z01046,40.663536,-96.189802,NAM
Z01047,55.300738,12.349644,EMEA
Z01048,46.600865,-71.839634,NAM
Z01049,39.318894,-85.970418,NAM
Z01050,44.756999,-106.150032,NAM
Z01051,38.379514,-87.71122,NAM
Z01052,45.272571,22.36096,EMEA
Z01053,43.068581,22.535545,EMEA
Z01054,52.686482,9.772006,EMEA
Z01055,40.622501,-76.021157,NAM
Z01056,-37.489931,176.118081,APAC
Z01057,39.780625,-119.421394,NAM
Z01058,36.317917,-4.989046,EMEA
Z01059,-19.657288,145.143365,APAC
Z01060,25.175064,121.627887,APAC
Z01061,50.010816,7.220521,EMEA
Z01062,49.767751,-121.842017,NAM
Z01063,40.359776,28.272984,EMEA
Z01064,35.936248,-113.807673,NAM
Z01065,49.053181,11.350738,EMEA
Z01066,39.194356,105.936234,APAC
Z01067,29.787716,-80.19772,NAM
Z01068,37.200241,-87.836175,NAM
Z01069,39.832269,-85.850687,NAM
Z01070,38.664876,105.921631,APAC
Z01071,-4.905116,112.769694,APAC
Z01072,24.856214,119.453044,APAC
Z01073,30.296332,-82.127594,NAM
Z01074,50.253541,5.577733,EMEA
Z01075,31.283355,-113.321843,NAM
Z01076,36.941816,-113.615967,NAM
Z01077,49.623161,-122.093422,NAM
Z01078,41.695966,-84.851811,NAM
Z01079,32.327378,-96.148393,NAM
Z01080,42.168698,-89.969899,NAM
Z01081,41.640892,11.924785,EMEA
Z01082,31.089947,103.53535,APAC
Z01083,42.293808,-85.954074,NAM
Z01084,41.729507,-121.01166,NAM
Z01085,59.376555,32.448093,EMEA
Z01086,38.202804,108.77856,APAC
Z01087,36.963822,-5.285678,EMEA
Z01088,38.454913,-104.183892,NAM
Z01089,33.583087,120.329363,APAC
Z01090,24.689296,102.567598,APAC
Z01091,13.382711,79.993198,APAC
Z01092,40.135993,-73.499245,NAM
Z01093,38.159396,-76.610744,NAM
Z01094,39.86343,-7.490435,EMEA
Z01095,36.587722,111.309918,APAC
Z01096,47.49533,17.254416,EMEA
Z01097,12.86888,80.581677,APAC
Z01098,25.550784,119.32657,APAC
Z01099,50.070665,5.487723,EMEA
Z01100,44.046458,4.694346,EMEA
Z01101,51.449757,14.47552,EMEA
Z01102,23.403635,115.268788,APAC
Z01103,44.019737,-69.235898,NAM
Z01104,23.346745,110.718279,APAC
Z01105,42.139872,-89.191011,NAM
Z01106,-27.75074,153.336489,APAC
Z01107,42.501362,-87.80101,NAM
Z01108,48.55007,7.67118,EMEA
Z01109,25.372385,81.807993,APAC
Z01110,27.189038,121.311453,APAC
Z01111,37.249157,-87.463241,NAM
Z01112,29.998869,-86.283313,NAM
Z01113,51.438188,9.044671,EMEA
Z01114,37.519647,-77.357972,NAM
Z01115,45.692164,13.65974,EMEA
Z01116,43.230244,3.784486,EMEA
Z01117,31.81991,-106.845487,NAM
Z01118,41.527127,-0.341957,EMEA
Z01119,48.331292,8.452328,EMEA
Z01120,40.138474,-104.860284,NAM
Z01121,44.427563,-4.031839,EMEA
Z01122,54.272539,-7.57714,EMEA
Z01123,43.993321,-97.748601,NAM
Z01124,46.719095,-100.390701,NAM
Z01125,42.577021,-90.681353,NAM
Z01126,41.90989,3.931202,EMEA
Z01127,54.589893,-6.251115,EMEA
Z01128,31.589897,119.913615,APAC
Z01129,49.514311,8.320866,EMEA
Z01130,38.120974,-122.371728,NAM
Z01131,51.921612,-1.086967,EMEA
Z01132,35.341927,-78.787984,NAM
Z01133,44.066642,89.89981,APAC
Z01134,36.077619,-107.954536,NAM
Z01135,44.33613,-64.996416,NAM
Z01136,41.57228,-88.096373,NAM
Z01137,55.16539,12.775115,EMEA
Z01138,48.1262,5.577846,EMEA
Z01139,45.623887,-72.782748,NAM
Z01140,36.562473,-108.00176,NAM
Z01141,33.273273,113.530266,APAC
Z01142,41.1501,-88.369329,NAM
Z01143,39.780371,105.922869,APAC
Z01144,31.059175,-105.8217,NAM
Z01145,40.828628,-71.16139,NAM
Z01146,-26.667421,27.838226,EMEA
Z01147,30.634737,119.627267,APAC
Z01148,23.733681,112.185215,APAC
Z01149,30.733783,107.676093,APAC
Z01150,19.325604,-103.329778,LATAM
Z01151,42.15824,-76.730278,NAM
Z01152,25.510979,-82.985298,NAM
Z01153,26.896649,-81.326525,NAM
Z01154,53.285139,5.267,EMEA
Z01155,-33.674917,-56.945306,LATAM
Z01156,33.114191,-87.605488,NAM
Z01157,28.118492,81.429604,APAC
Z01158,53.34296,69.757883,APAC
Z01159,-36.386244,146.080348,APAC
Z01160,48.057201,-123.196893,NAM
Z01161,44.07036,-87.737363,NAM
Z01162,43.260211,-84.247474,NAM
Z01163,38.151398,-75.461199,NAM
Z01164,-22.778312,152.241402,APAC
Z01165,39.575109,-95.216068,NAM
Z01166,51.884953,9.311521,EMEA
Z01167,-25.730611,-45.349555,LATAM
Z01168,29.193428,120.820824,APAC
Z01169,49.482353,9.793066,EMEA
Z01170,29.047368,121.095151,APAC
Z01171,26.658122,106.282896,APAC
Z01172,50.887074,70.974187,APAC
Z01173,20.410354,-104.32763,LATAM
Z01174,-16.25918,147.881029,APAC
Z01175,24.826211,116.881974,APAC
Z01176,31.264984,31.868091,EMEA
Z01177,54.88283,25.024375,EMEA
Z01178,20.680517,78.436654,APAC
Z01179,38.426417,119.056044,APAC
Z01180,53.566291,25.908975,EMEA
Z01181,32.04469,-101.171421,NAM
Z01182,42.499572,-87.677876,NAM
Z01183,29.898146,31.079218,EMEA
Z01184,36.137891,-81.47326,NAM
Z01185,45.806724,-75.621607,NAM
Z01186,41.173054,-110.879513,NAM
Z01187,26.511637,54.818176,EMEA
Z01188,40.939135,12.669469,EMEA
Z01189,41.15919,-86.970047,NAM
Z01190,25.174874,91.102275,APAC
Z01191,44.95328,86.153576,APAC
Z01192,41.315837,-78.159415,NAM
Z01193,51.53241,5.974242,EMEA
Z01194,31.636882,36.094894,EMEA
Z01195,32.161326,-104.412895,NAM
Z01196,19.115222,-66.482736,LATAM
Z01197,58.13258,10.763576,EMEA
Z01198,44.26447,-68.062803,NAM
Z01199,35.881848,-78.878871,NAM
Z01200,-5.162466,104.540734,APAC
Z01201,35.649236,-79.766362,NAM
Z01202,51.131055,8.270322,EMEA
Z01203,28.394803,-81.151279,NAM
Z01204,55.042311,-113.9132,NAM
Z01205,39.823203,-88.623352,NAM
Z01206,38.324383,-108.274656,NAM
Z01207,41.956558,-9.410888,EMEA
Z01208,34.416971,-85.429601,NAM
Z01209,41.215714,14.057355,EMEA
Z01210,25.377623,122.492093,APAC
Z01211,18.62907,-97.783064,LATAM
Z01212,43.929834,1.371386,EMEA
Z01213,47.82389,7.133117,EMEA
Z01214,55.861277,10.223216,EMEA
Z01215,38.123297,-77.534428,NAM
Z01216,39.163698,-80.336101,NAM
Z01217,49.270967,17.665533,EMEA
Z01218,45.745651,-103.566791,NAM
Z01219,49.647698,0.390237,EMEA
Z01220,51.262152,4.868044,EMEA
Z01221,25.860401,-97.096033,NAM
Z01222,38.210841,2.894479,EMEA
Z01223,38.688249,-77.950308,NAM
Z01224,41.159205,-82.699576,NAM
Z01225,29.435635,47.707669,EMEA
Z01226,41.461325,-76.361112,NAM
Z01227,20.559992,39.669212,EMEA
Z01228,50.222043,4.881075,EMEA
Z01229,31.249137,106.496765,APAC
Z01230,26.089058,-81.562453,NAM
Z01231,-32.356971,152.351386,APAC
Z01232,42.270192,-97.864614,NAM
Z01233,43.841791,12.208565,EMEA
Z01234,40.789561,-115.24643,NAM
Z01235,35.145678,-107.366167,NAM
Z01236,31.377217,-96.465358,NAM
Z01237,-33.811845,151.334794,APAC
Z01238,40.243135,-85.269113,NAM
Z01239,34.348944,-7.231714,EMEA
Z01240,33.937376,35.789774,EMEA
Z01241,39.257743,-95.320777,NAM
Z01242,42.328649,94.16453,APAC
Z01243,52.622512,5.463581,EMEA
Z01244,54.104756,-3.491658,EMEA
Z01245,21.457259,39.553928,EMEA
Z01246,47.855055,8.147109,EMEA
Z01247,35.133711,-87.107026,NAM
Z01248,49.26812,-124.039185,NAM
Z01249,48.322668,7.932184,EMEA
Z01250,52.809408,19.539244,EMEA
Z01251,-24.100391,-45.622954,LATAM
Z01252,58.815955,22.58605,EMEA
Z01253,40.418175,-85.320935,NAM
Z01254,47.293809,23.792003,EMEA
Z01255,37.443442,-95.528579,NAM
Z01256,48.0399,-98.260032,NAM
Z01257,29.502715,-82.010345,NAM
Z01258,37.630401,-94.236148,NAM
Z01259,34.074507,133.866589,APAC
Z01260,24.41047,116.404898,APAC
Z01261,34.895183,-82.835004,NAM
Z01262,50.144152,9.512459,EMEA
Z01263,49.690308,2.452714,EMEA
Z01264,24.490634,119.014241,APAC
Z01265,43.942333,-85.985772,NAM
Z01266,-15.820523,146.384745,APAC
Z01267,36.00721,-116.426771,NAM
Z01268,37.189642,116.69059,APAC
Z01269,35.843339,-95.661866,NAM
Z01270,32.458548,-85.046178,NAM
Z01271,48.16462,-119.677313,NAM
Z01272,41.657998,-86.153422,NAM
Z01273,38.097214,-79.695959,NAM
Z01274,41.352346,-95.897604,NAM
Z01275,47.365156,17.006285,EMEA
Z01276,43.435046,-78.822451,NAM
Z01277,35.284279,-80.385017,NAM
Z01278,32.758852,-87.518361,NAM
Z01279,24.996411,46.254931,EMEA
Z01280,35.788646,-78.238253,NAM
Z01281,41.478827,-78.147561,NAM
Z01282,31.526691,-85.889925,NAM
Z01283,39.211045,-79.877078,NAM
Z01284,51.529126,8.179228,EMEA
Z01285,37.018267,-94.041445,NAM
Z01286,41.427019,-79.286851,NAM
Z01287,-5.2948,110.431963,APAC
Z01288,40.050139,-7.037734,EMEA
Z01289,33.697219,-87.891938,NAM
Z01290,34.852413,110.843198,APAC
Z01291,37.032076,-79.110599,NAM
Z01292,37.661603,-88.145871,NAM
Z01293,28.291182,115.600107,APAC
Z01294,29.953757,-83.860458,NAM
Z01295,-37.190452,143.656464,APAC
Z01296,45.71694,11.982254,EMEA
Z01297,61.313889,10.529146,EMEA
Z01298,52.185095,12.026127,EMEA
Z01299,40.694085,-8.652594,EMEA
Z01300,46.196128,2.569271,EMEA
Z01301,22.608224,76.472545,APAC
Z01302,53.850025,9.703285,EMEA
Z01303,51.107691,11.283539,EMEA
Z01304,45.134188,-89.631869,NAM
Z01305,44.06789,-126.379539,NAM
Z01306,6.625692,-76.287851,LATAM
Z01307,43.51434,-86.647397,NAM
Z01308,32.667659,-81.788824,NAM
Z01309,38.515734,105.594446,APAC
Z01310,41.320129,-79.067707,NAM
Z01311,4.524214,-4.399519,EMEA
Z01312,41.852513,-74.233179,NAM
Z01313,48.668315,-8.238742,EMEA
Z01314,21.333256,-157.383267,NAM
Z01315,35.989751,-84.161104,NAM
Z01316,31.820335,-82.731165,NAM
Z01317,48.838854,6.070047,EMEA
Z01318,33.442441,131.251605,APAC
Z01319,53.102389,10.410816,EMEA
Z01320,50.92543,3.941111,EMEA
Z01321,45.72623,126.153153,APAC
Z01322,43.222445,-72.657695,NAM
Z01323,38.940928,-85.063547,NAM
Z01324,50.403996,72.01214,APAC
Z01325,39.399537,-8.367104,EMEA
Z01326,43.939829,-77.160327,NAM
Z01327,51.072618,11.90321,EMEA
Z01328,38.662746,-93.72775,NAM
Z01329,38.723838,-75.67785,NAM
Z01330,32.310274,-79.019441,NAM
Z01331,37.315299,-80.067523,NAM
Z01332,29.06931,31.765991,EMEA
Z01333,-27.963861,152.551186,APAC
Z01334,40.027864,-82.203677,NAM
Z01335,36.461067,-87.55476,NAM
Z01336,47.471727,-1.663461,EMEA
Z01337,34.375147,118.731472,APAC
Z01338,41.03883,-76.76629,NAM
Z01339,42.072949,-91.140624,NAM
Z01340,43.769498,88.891236,APAC
Z01341,45.584466,-85.352218,NAM
Z01342,47.634934,127.798748,APAC
Z01343,44.787372,-70.059494,NAM
Z01344,54.39294,-0.937066,EMEA
Z01345,32.872587,-109.920209,NAM
Z01346,-28.75495,31.315908,EMEA
Z01347,42.940456,-77.539007,NAM
Z01348,19.536327,-66.622768,LATAM
Z01349,43.157743,-74.10313,NAM
Z01350,57.447223,10.145101,EMEA
Z01351,16.813092,72.761995,APAC
Z01352,35.064243,-88.676965,NAM
Z01353,44.283286,10.461487,EMEA
Z01354,43.808404,10.618092,EMEA
Z01355,54.695307,9.181597,EMEA
Z01356,51.862664,7.826883,EMEA
Z01357,35.370514,-78.184842,NAM
Z01358,34.477064,-84.931282,NAM
Z01359,26.489766,-99.087914,NAM
Z01360,23.841243,119.774364,APAC
Z01361,50.985794,20.471072,EMEA
Z01362,28.910684,32.637099,EMEA
Z01363,39.7673,-74.062258,NAM
Z01364,31.836001,73.458005,APAC
Z01365,30.257058,113.454349,APAC
Z01366,30.803633,-80.075712,NAM
Z01367,47.650205,7.028553,EMEA
Z01368,25.836218,-99.064193,NAM
Z01369,37.202068,-75.868318,NAM
Z01370,26.609707,118.854254,APAC
Z01371,45.74389,6.435575,EMEA
Z01372,41.485805,-82.031645,NAM
Z01373,36.935497,-75.858746,NAM
Z01374,37.898709,123.256423,APAC
Z01375,47.757789,20.321891,EMEA
Z01376,48.606337,8.14842,EMEA
Z01377,36.732241,-76.093642,NAM
Z01378,49.706386,-95.903599,NAM
Z01379,35.343626,-76.261528,NAM
Z01380,43.547336,-87.808984,NAM
Z01381,36.330446,131.924633,APAC
Z01382,-18.910549,-40.455221,LATAM
Z01383,28.584911,30.347079,EMEA
Z01384,35.448636,139.191273,APAC
Z01385,61.87888,-147.17893,NAM
Z01386,33.187255,35.038603,EMEA
Z01387,42.460347,-73.314749,NAM
Z01388,21.546894,122.115958,APAC
Z01389,31.993668,121.237982,APAC
Z01390,42.17093,-87.02239,NAM
Z01391,42.567591,-2.619545,EMEA
Z01392,37.337813,-93.825976,NAM
Z01393,29.619066,120.079976,APAC
Z01394,39.962476,-119.931716,NAM
Z01395,-29.792842,31.127766,EMEA
Z01396,33.983716,-87.094813,NAM
Z01397,33.832845,119.452097,APAC
Z01398,51.422576,7.571486,EMEA
Z01399,29.959143,46.350921,EMEA
Z01400,44.359454,28.570628,EMEA
Z01401,32.34224,-84.521083,NAM
Z01402,40.289097,-79.944795,NAM
Z01403,59.925206,32.81576,EMEA
Z01404,42.578716,-104.867412,NAM
Z01405,53.154534,-4.717405,EMEA
Z01406,50.487038,1.673324,EMEA
Z01407,36.298425,-80.215938,NAM
Z01408,30.69773,121.813691,APAC
Z01409,42.20534,-91.000328,NAM
Z01410,52.644844,-1.913708,EMEA
Z01411,47.394452,-122.396853,NAM
Z01412,44.126401,-87.139168,NAM
Z01413,41.632969,-86.15127,NAM
Z01414,44.042473,115.946125,APAC
Z01415,49.117382,20.39368,EMEA
Z01416,30.487278,116.339142,APAC
Z01417,42.14585,-81.38507,NAM
Z01418,39.6286,112.488063,APAC
Z01419,22.069934,75.638338,APAC
Z01420,33.960446,75.505661,APAC
Z01421,24.782997,46.643986,EMEA
Z01422,32.808208,-103.170633,NAM
Z01423,50.120271,9.639518,EMEA
Z01424,23.527853,68.08923,APAC
Z01425,41.524146,2.222405,EMEA
Z01426,5.598143,-4.783791,EMEA
Z01427,53.06905,7.651315,EMEA
Z01428,33.012237,-92.293258,NAM
Z01429,46.399511,1.868645,EMEA
Z01430,54.01394,11.787691,EMEA
Z01431,45.433949,-72.827963,NAM
Z01432,20.931508,92.118775,APAC
Z01433,37.610563,107.036422,APAC
Z01434,44.681165,-86.719198,NAM
Z01435,40.749126,15.65665,EMEA
Z01436,30.314295,110.39021,APAC
Z01437,30.743858,103.95973,APAC
Z01438,15.221025,81.405865,APAC
Z01439,39.275215,-76.420102,NAM
Z01440,49.029204,8.597969,EMEA
Z01441,21.160991,-157.607349,NAM
Z01442,44.890772,3.705987,EMEA
Z01443,46.924583,18.50845,EMEA
Z01444,41.079018,110.470315,APAC
Z01445,49.152798,9.538798,EMEA
Z01446,34.056281,-93.079025,NAM
Z01447,33.815712,33.992042,EMEA
Z01448,45.217555,25.780753,EMEA
Z01449,51.471615,70.632943,APAC
Z01450,37.285857,-87.447919,NAM
Z01451,49.30841,0.752906,EMEA
Z01452,41.440689,-87.154323,NAM
Z01453,37.143175,-111.309809,NAM
Z01454,-37.791229,143.998902,APAC
Z01455,52.341348,20.63448,EMEA
Z01456,37.273211,-6.5681,EMEA
Z01457,53.040493,19.767871,EMEA
Z01458,42.963185,141.182642,APAC
Z01459,41.993583,-73.948922,NAM
Z01460,40.663676,28.297215,EMEA
Z01461,37.463456,122.358306,APAC
Z01462,52.143591,-2.918839,EMEA
Z01463,49.164058,4.146419,EMEA
Z01464,38.877992,-87.285113,NAM
Z01465,20.82968,105.858192,APAC
Z01466,43.389847,-88.938148,NAM
Z01467,47.6346,8.801668,EMEA
Z01468,39.686397,109.115334,APAC
Z01469,-1.986965,37.1916,EMEA
Z01470,38.030369,-95.531066,NAM
Z01471,35.344317,-119.816202,NAM
Z01472,37.468214,-3.172281,EMEA
Z01473,42.638546,-77.267336,NAM
Z01474,48.279756,14.249943,EMEA
Z01475,40.963135,-76.540909,NAM
Z01476,49.956781,4.286227,EMEA
Z01477,55.003062,24.686933,EMEA
Z01478,52.444282,-5.808748,EMEA
Z01479,39.622146,-84.607145,NAM
Z01480,51.211462,9.950378,EMEA
Z01481,42.347387,-113.579752,NAM
Z01482,43.941329,8.420639,EMEA
Z01483,43.584747,-88.621141,NAM
Z01484,46.193681,7.044466,EMEA
Z01485,39.976504,-95.256318,NAM
Z01486,60.601332,-150.575675,NAM
Z01487,45.324602,-108.93189,NAM
Z01488,48.945174,-122.20106,NAM
Z01489,39.11741,-83.547933,NAM
Z01490,27.597007,104.844058,APAC
Z01491,36.412212,123.753273,APAC
Z01492,31.634294,120.094345,APAC
Z01493,33.451743,-84.83461,NAM
Z01494,52.022055,4.184827,EMEA
Z01495,24.356222,53.890324,EMEA
Z01496,42.451797,-72.489747,NAM
Z01497,18.905582,-65.890903,LATAM
Z01498,27.306659,-83.139483,NAM
Z01499,53.192334,-1.155279,EMEA
Z01500,53.217593,19.054551,EMEA
Z01501,-33.17022,152.118609,APAC
Z01502,34.283151,-77.734392,NAM
Z01503,43.061143,6.300426,EMEA
Z01504,34.021117,-86.485401,NAM
Z01505,51.619624,2.919154,EMEA
Z01506,34.2321,131.725721,APAC
Z01507,48.860964,-125.059348,NAM
Z01508,51.063028,6.401579,EMEA
Z01509,46.538841,20.969363,EMEA
Z01510,26.375145,-81.013468,NAM
Z01511,48.774555,-116.92577,NAM
Z01512,44.672794,7.242054,EMEA
Z01513,35.358611,-82.28045,NAM
Z01514,37.974733,112.696329,APAC
Z01515,39.497531,-75.971239,NAM
Z01516,21.819622,112.276144,APAC
Z01517,34.28704,12.254539,EMEA
Z01518,34.372631,115.612066,APAC
Z01519,36.834091,-119.663245,NAM
Z01520,23.084902,114.048962,APAC
Z01521,46.177781,124.467207,APAC
Z01522,51.222191,-1.046275,EMEA
Z01523,40.415158,-81.905273,NAM
Z01524,31.476432,-85.317234,NAM
Z01525,47.640893,7.649015,EMEA
Z01526,38.962764,-78.104337,NAM
Z01527,28.435087,120.462397,APAC
Z01528,35.012822,119.144656,APAC
Z01529,25.695492,118.263623,APAC
Z01530,49.805713,17.62875,EMEA
Z01531,36.347927,-84.069648,NAM
Z01532,-33.018579,152.328475,APAC
Z01533,47.076167,-83.028303,NAM
Z01534,40.527209,-89.26725,NAM
Z01535,51.885055,-1.487486,EMEA
Z01536,41.090161,94.418294,APAC
Z01537,33.674847,-87.787016,NAM
Z01538,35.221893,-81.348097,NAM
Z01539,27.979685,46.879996,EMEA
Z01540,38.662797,-87.964588,NAM
Z01541,40.110538,14.508717,EMEA
Z01542,26.278588,118.917221,APAC
Z01543,41.030921,-91.040531,NAM
Z01544,47.656803,-121.905402,NAM
Z01545,53.017082,6.617815,EMEA
Z01546,44.68756,12.335258,EMEA
Z01547,-2.898135,105.472624,APAC
Z01548,33.379264,-101.052648,NAM
Z01549,52.143174,9.72993,EMEA
Z01550,50.363479,7.832829,EMEA
Z01551,40.418191,-120.813585,NAM
Z01552,36.299475,-4.811073,EMEA
Z01553,32.875688,35.182548,EMEA
Z01554,45.570778,28.186126,EMEA
Z01555,44.247407,28.375218,EMEA
Z01556,38.558861,-122.294828,NAM
Z01557,41.445658,-72.938529,NAM
Z01558,30.899119,103.890664,APAC
Z01559,36.225586,-113.596624,NAM
Z01560,41.888552,-81.512511,NAM
Z01561,23.07086,122.711604,APAC
Z01562,-16.57368,145.815293,APAC
Z01563,51.782371,13.69761,EMEA
Z01564,44.186872,-94.38989,NAM
Z01565,42.254504,-88.149148,NAM
Z01566,21.184177,119.489061,APAC
Z01567,43.800622,-76.007812,NAM
Z01568,46.195408,6.510374,EMEA
Z01569,53.308663,0.275159,EMEA
Z01570,-24.004334,-47.221348,LATAM
Z01571,49.182685,9.304056,EMEA
Z01572,39.706298,-83.546005,NAM
Z01573,-1.054102,116.780574,APAC
Z01574,32.638675,-104.910247,NAM
Z01575,-6.69298,112.733036,APAC
Z01576,34.365411,16.029341,EMEA
Z01577,44.050576,-92.291393,NAM
Z01578,23.908273,114.492305,APAC
Z01579,42.992585,-76.959712,NAM
Z01580,39.818499,-8.001716,EMEA
Z01581,43.793674,25.376249,EMEA
Z01582,41.911809,-72.148629,NAM
Z01583,52.829413,6.643036,EMEA
Z01584,30.799654,121.692164,APAC
Z01585,47.894321,-0.803966,EMEA
Z01586,34.296922,-81.36966,NAM
Z01587,49.783006,20.703918,EMEA
Z01588,39.170978,-91.006249,NAM
Z01589,30.992558,122.86805,APAC
Z01590,51.66227,-3.342195,EMEA
Z01591,35.109818,-84.016563,NAM
Z01592,21.690098,-101.826227,LATAM
Z01593,34.813777,-77.944802,NAM
Z01594,48.441099,-118.296319,NAM
Z01595,39.725948,-77.62551,NAM
Z01596,50.279905,6.814748,EMEA
Z01597,45.999358,-120.698795,NAM
Z01598,35.530256,-78.900275,NAM
Z01599,40.435422,-80.314064,NAM
Z01600,49.555613,7.368057,EMEA
Z01601,42.263792,-89.260883,NAM
Z01602,51.134867,7.553456,EMEA
Z01603,41.930251,12.610469,EMEA
Z01604,49.477922,-121.514973,NAM
Z01605,46.984226,-100.449536,NAM
Z01606,43.96631,115.324109,APAC
Z01607,53.55528,6.678657,EMEA
Z01608,13.982808,122.194105,APAC
Z01609,30.858187,-93.478353,NAM
Z01610,32.781163,-78.361232,NAM
Z01611,49.025098,4.247382,EMEA
Z01612,35.172755,-78.098869,NAM
Z01613,51.546636,70.868563,APAC
Z01614,45.010867,-91.781769,NAM
Z01615,40.905521,-86.422953,NAM
Z01616,20.672779,106.083913,APAC
Z01617,-36.469653,142.187002,APAC
Z01618,31.647778,107.20597,APAC
Z01619,19.059527,-98.398969,LATAM
Z01620,41.063272,-74.021686,NAM
Z01621,-13.615364,-38.117981,LATAM
Z01622,48.650944,0.659667,EMEA
Z01623,-33.55779,-57.99221,LATAM
Z01624,53.966905,13.499504,EMEA
Z01625,44.983582,-80.050248,NAM
Z01626,53.728853,7.53431,EMEA
Z01627,28.717659,105.601427,APAC
Z01628,42.939094,1.340203,EMEA
Z01629,57.998669,14.936345,EMEA
Z01630,28.245141,106.716056,APAC
Z01631,36.278114,-86.581955,NAM
Z01632,29.599871,101.866304,APAC
Z01633,-7.269695,38.604993,EMEA
Z01634,53.108109,11.383679,EMEA
Z01635,42.80553,-78.246895,NAM
Z01636,50.373022,4.954765,EMEA
Z01637,40.155025,17.553409,EMEA
Z01638,40.762579,-103.688389,NAM
Z01639,3.353777,98.081691,APAC
Z01640,-27.584682,153.740993,APAC
Z01641,51.7727,7.37876,EMEA
Z01642,49.112913,1.141341,EMEA
Z01643,47.060587,-96.933,NAM
Z01644,48.90145,-113.249393,NAM
Z01645,51.463025,13.472161,EMEA
Z01646,33.948288,-96.19693,NAM
Z01647,51.662652,13.674445,EMEA
Z01648,40.881834,92.782822,APAC
Z01649,44.843044,9.548243,EMEA
Z01650,44.703689,11.494124,EMEA
Z01651,36.239182,-80.323916,NAM
Z01652,21.193519,91.300563,APAC
Z01653,17.683127,82.592589,APAC
Z01654,37.554406,121.457706,APAC
Z01655,43.485771,-83.40961,NAM
Z01656,24.119657,88.75065,APAC
Z01657,36.0347,-87.866419,NAM
Z01658,51.7387,7.484126,EMEA
Z01659,26.702002,120.693992,APAC
Z01660,39.97036,15.121592,EMEA
Z01661,37.174185,-79.547075,NAM
Z01662,47.039542,23.673532,EMEA
Z01663,43.060743,10.334606,EMEA
Z01664,54.008936,3.786519,EMEA
Z01665,41.677932,109.998842,APAC
Z01666,50.545887,-115.081468,NAM
Z01667,23.609731,117.133776,APAC
Z01668,38.988311,-74.791542,NAM
Z01669,33.800459,-93.854414,NAM
Z01670,50.501304,6.407157,EMEA
Z01671,20.211583,-102.686864,LATAM
Z01672,28.806713,120.532136,APAC
Z01673,48.650167,8.16731,EMEA
Z01674,51.305042,3.799864,EMEA
Z01675,3.939266,-4.653675,EMEA
Z01676,49.785259,2.150435,EMEA
Z01677,36.139989,-87.975489,NAM
Z01678,29.555178,114.031726,APAC
Z01679,43.449143,-86.861029,NAM
Z01680,28.733594,-85.618598,NAM
Z01681,40.382594,-83.744348,NAM
Z01682,50.946484,10.164398,EMEA
Z01683,43.360957,-105.44156,NAM
Z01684,49.144878,6.576723,EMEA
Z01685,49.687606,9.548684,EMEA
Z01686,49.688881,14.212835,EMEA
Z01687,37.335899,-119.394992,NAM
Z01688,32.527222,-80.090309,NAM
Z01689,38.918704,-85.082954,NAM
Z01690,49.04833,2.85746,EMEA
Z01691,34.920788,-80.741948,NAM
Z01692,29.026629,117.333246,APAC
Z01693,42.160347,-88.971332,NAM
Z01694,28.340792,118.843556,APAC
Z01695,48.963146,8.612157,EMEA
Z01696,49.720936,-96.745896,NAM
Z01697,38.601057,-2.25758,EMEA
Z01698,44.554864,9.488296,EMEA
Z01699,37.78713,-78.292631,NAM
Z01700,37.164079,-108.289585,NAM
Z01701,32.983552,-90.954957,NAM
Z01702,26.769827,-97.984507,NAM
Z01703,50.74445,6.2985,EMEA
Z01704,30.436754,122.977989,APAC
Z01705,28.703815,-80.65698,NAM
Z01706,37.691869,-94.982219,NAM
Z01707,26.65274,117.894803,APAC
Z01708,-22.754225,-48.194691,LATAM
Z01709,53.496735,-113.761638,NAM
Z01710,44.057478,-73.285408,NAM
Z01711,32.922423,-94.861792,NAM
Z01712,29.998873,-85.231179,NAM
Z01713,43.074768,-75.664882,NAM
Z01714,43.756903,10.1632,EMEA
Z01715,42.550551,-84.294443,NAM
Z01716,40.54831,-88.007138,NAM
Z01717,30.763763,-87.52455,NAM
Z01718,35.68468,14.645253,EMEA
Z01719,43.734256,-89.662849,NAM
Z01720,34.613947,-78.792106,NAM
Z01721,40.729421,-103.757506,NAM
Z01722,31.446923,-91.664768,NAM
Z01723,53.195309,3.127282,EMEA
Z01724,47.168115,19.397994,EMEA
Z01725,29.288421,112.948472,APAC
Z01726,29.293892,109.881733,APAC
Z01727,30.160627,-81.609081,NAM
Z01728,29.959763,-94.279571,NAM
Z01729,50.509389,13.82459,EMEA
Z01730,32.236541,-112.805479,NAM
Z01731,51.035616,7.234571,EMEA
Z01732,60.475595,15.360994,EMEA
Z01733,25.065881,117.427983,APAC
Z01734,13.963094,120.927168,APAC
Z01735,-23.242136,-47.451903,LATAM
Z01736,-8.311312,116.303458,APAC
Z01737,31.463714,-92.515884,NAM
Z01738,38.488511,-78.016482,NAM
Z01739,48.896098,20.927264,EMEA
Z01740,45.198968,-87.219057,NAM
Z01741,45.00585,-91.842294,NAM
Z01742,-21.658811,-45.987053,LATAM
Z01743,36.50027,-107.771096,NAM
Z01744,19.38937,-97.723278,LATAM
Z01745,-1.627033,37.9245,EMEA
Z01746,31.890169,-85.846619,NAM
Z01747,47.162387,-117.709185,NAM
Z01748,38.6495,-104.041074,NAM
Z01749,26.915132,117.751652,APAC
Z01750,52.57647,6.953078,EMEA
Z01751,17.583996,82.121169,APAC
Z01752,40.481959,-94.225308,NAM
Z01753,42.087402,-83.345193,NAM
Z01754,-32.426335,151.78998,APAC
Z01755,42.146963,17.949004,EMEA
Z01756,45.561492,122.813514,APAC
Z01757,-33.791812,19.157469,EMEA
Z01758,38.43246,-91.47805,NAM
Z01759,45.600753,11.053812,EMEA
Z01760,43.206877,22.315092,EMEA
Z01761,33.029277,108.862074,APAC
Z01762,-0.45942,35.493935,EMEA
Z01763,40.438799,-76.027371,NAM
Z01764,38.324768,-80.148498,NAM
Z01765,41.807961,-86.649201,NAM
Z01766,20.702212,121.598833,APAC
Z01767,53.327208,-113.553276,NAM
Z01768,36.022644,-120.596074,NAM
Z01769,37.008052,-117.590698,NAM
Z01770,50.318868,11.778372,EMEA
Z01771,29.272873,111.827266,APAC
Z01772,41.300333,13.729787,EMEA
Z01773,-19.807906,-39.319281,LATAM
Z01774,42.667193,-73.881668,NAM
Z01775,52.403945,5.426227,EMEA
Z01776,50.404468,4.631274,EMEA
Z01777,36.300347,-84.846751,NAM
Z01778,23.875744,46.993357,EMEA
Z01779,37.047948,-85.772554,NAM
Z01780,30.472336,-98.841438,NAM
Z01781,14.585372,77.105859,APAC
Z01782,13.044688,98.165073,APAC
Z01783,31.731173,-101.779458,NAM
Z01784,42.402099,-106.1308,NAM
Z01785,-9.455776,114.306992,APAC
Z01786,39.06407,104.641076,APAC
Z01787,41.166238,-122.087078,NAM
Z01788,11.777565,79.615583,APAC
Z01789,29.844024,109.456104,APAC
Z01790,38.075366,102.95974,APAC
Z01791,-33.639575,17.787955,EMEA
Z01792,38.719928,116.242388,APAC
Z01793,54.329901,16.141338,EMEA
Z01794,47.584269,19.670567,EMEA
Z01795,37.183111,116.057998,APAC
Z01796,30.350069,-87.594785,NAM
Z01797,46.281707,3.284722,EMEA
Z01798,53.233238,-6.119572,EMEA
Z01799,37.872944,-85.928832,NAM
Z01800,38.624599,-105.901643,NAM
Z01801,35.61156,-115.699515,NAM
Z01802,-35.089323,175.241853,APAC
Z01803,40.709476,-104.525096,NAM
Z01804,36.742139,-119.819494,NAM
Z01805,34.455564,-81.113424,NAM
Z01806,19.633804,-157.662728,NAM
Z01807,47.862672,17.63667,EMEA
Z01808,42.698733,140.958699,APAC
Z01809,35.294402,33.65385,EMEA
Z01810,34.897553,111.670685,APAC
Z01811,-0.81068,117.218328,APAC
Z01812,39.887478,-76.797555,NAM
Z01813,-29.904123,31.101332,EMEA
Z01814,29.929401,-90.158065,NAM
Z01815,42.822691,123.342991,APAC
Z01816,46.392535,123.51083,APAC
Z01817,30.289963,-101.58479,NAM
Z01818,-34.804815,-56.403401,LATAM
Z01819,38.993883,106.795948,APAC
Z01820,11.720676,77.163325,APAC
Z01821,43.858689,-1.608661,EMEA
Z01822,49.794296,6.75185,EMEA
Z01823,32.712041,-105.031278,NAM
Z01824,41.908189,-87.736281,NAM
Z01825,34.347066,-114.700494,NAM
Z01826,51.331234,4.730816,EMEA
Z01827,45.302058,27.414003,EMEA
Z01828,24.394911,65.708344,APAC
Z01829,32.676501,-117.745863,NAM
Z01830,47.867807,-121.568176,NAM
Z01831,36.44359,-87.882891,NAM
Z01832,33.751587,139.518264,APAC
Z01833,52.725155,10.140768,EMEA
Z01834,51.061236,10.812933,EMEA
Z01835,42.395836,113.830555,APAC
Z01836,41.146938,-83.708024,NAM
Z01837,39.838546,-112.268511,NAM
Z01838,60.053445,16.425264,EMEA
Z01839,-22.594043,-47.118837,LATAM
Z01840,32.235736,-81.447223,NAM
Z01841,42.00855,-91.955632,NAM
Z01842,48.027895,20.134297,EMEA
Z01843,34.900103,110.338228,APAC
Z01844,54.800952,9.332048,EMEA
Z01845,36.762273,-77.567787,NAM
Z01846,37.120903,117.80572,APAC
Z01847,51.405136,21.173039,EMEA
Z01848,31.795303,-91.510533,NAM
Z01849,22.551721,109.130749,APAC
Z01850,51.775846,-0.23879,EMEA
Z01851,50.003521,19.385431,EMEA
Z01852,44.62545,26.288895,EMEA
Z01853,40.560898,-74.633724,NAM
Z01854,51.499499,-8.471228,EMEA
Z01855,23.712424,118.218575,APAC
Z01856,41.116577,-7.901526,EMEA
Z01857,39.507177,-78.497179,NAM
Z01858,37.758769,-73.082864,NAM
Z01859,33.992064,-78.008188,NAM
Z01860,42.09439,1.223281,EMEA
Z01861,32.503924,75.977637,APAC
Z01862,27.940017,-81.58981,NAM
Z01863,25.992454,-80.839673,NAM
Z01864,43.985898,-94.543864,NAM
Z01865,34.232788,121.074274,APAC
Z01866,41.366611,15.297553,EMEA
Z01867,43.94391,7.307024,EMEA
Z01868,25.721817,121.38471,APAC
Z01869,34.909594,-91.920011,NAM
Z01870,35.488139,137.014416,APAC
Z01871,35.030522,33.63184,EMEA
Z01872,13.198541,121.626272,APAC
Z01873,-7.70218,38.411162,EMEA
Z01874,41.379123,-96.925712,NAM
Z01875,28.036316,-91.019198,NAM
Z01876,33.26849,-86.451018,NAM
Z01877,-33.147667,-56.634532,LATAM
Z01878,25.840894,112.568538,APAC
Z01879,24.351501,102.631987,APAC
Z01880,25.400372,-100.798653,LATAM
Z01881,54.162585,4.300215,EMEA
Z01882,43.825516,-82.858751,NAM
Z01883,31.955386,-81.35006,NAM
Z01884,20.705781,106.973972,APAC
Z01885,48.369169,-117.152626,NAM
Z01886,28.692851,-82.54481,NAM
Z01887,51.71464,22.370009,EMEA
Z01888,44.618358,127.163501,APAC
Z01889,28.301239,121.818217,APAC
Z01890,35.187904,-85.189444,NAM
Z01891,54.209321,11.850042,EMEA
Z01892,45.256678,-75.722977,NAM
Z01893,42.847434,-79.359437,NAM
Z01894,39.485865,102.931607,APAC
Z01895,43.760915,-96.682844,NAM
Z01896,31.433177,-89.960922,NAM
Z01897,39.331521,-95.485711,NAM
Z01898,37.347979,-82.294001,NAM
Z01899,31.752448,-104.735051,NAM
Z01900,44.810506,24.509117,EMEA
Z01901,33.445305,114.187338,APAC
Z01902,32.871951,-100.492339,NAM
Z01903,41.893661,-103.349684,NAM
Z01904,-19.123449,147.424521,APAC
Z01905,22.007742,113.826122,APAC
Z01906,37.301117,-118.818455,NAM
Z01907,52.421356,14.567878,EMEA
Z01908,39.34552,-104.613003,NAM
Z01909,40.065337,-106.624258,NAM
Z01910,37.499561,-84.310645,NAM
Z01911,46.838074,4.542967,EMEA
Z01912,42.889287,-76.611464,NAM
Z01913,27.800908,114.316487,APAC
Z01914,52.514857,5.221959,EMEA
Z01915,4.987318,-2.728535,EMEA
Z01916,22.54812,108.700448,APAC
Z01917,21.078174,91.531415,APAC
Z01918,51.760475,-4.236325,EMEA
Z01919,44.515314,-73.585805,NAM
Z01920,61.037667,22.889482,EMEA
Z01921,39.599611,4.048181,EMEA
Z01922,43.741503,-75.181859,NAM
Z01923,47.595986,-123.976828,NAM
Z01924,-0.170739,118.629984,APAC
Z01925,53.508299,6.070033,EMEA
Z01926,34.161912,-96.640822,NAM
Z01927,37.966096,-73.135553,NAM
Z01928,38.896564,-86.353254,NAM
Z01929,42.935612,-94.509172,NAM
Z01930,40.556927,109.637524,APAC
Z01931,24.979739,116.888583,APAC
Z01932,39.044982,-94.907288,NAM
Z01933,-1.234878,106.011638,APAC
Z01934,34.354831,-103.414544,NAM
Z01935,46.02506,-108.246632,NAM
Z01936,20.998644,38.818667,EMEA
Z01937,-6.783267,110.286212,APAC
Z01938,34.556991,-88.697518,NAM
Z01939,47.520488,84.497803,APAC
Z01940,47.711432,-117.647744,NAM
Z01941,35.218357,-120.232263,NAM
Z01942,40.269195,-76.871182,NAM
Z01943,41.840532,-72.959936,NAM
Z01944,37.041544,-86.288719,NAM
Z01945,45.704659,3.915566,EMEA
Z01946,37.621135,-122.266453,NAM
Z01947,43.323957,-80.532711,NAM
Z01948,45.482605,-94.18176,NAM
Z01949,46.138589,6.707717,EMEA
Z01950,30.775886,112.745137,APAC
Z01951,32.480101,113.648638,APAC
Z01952,43.545103,-71.767371,NAM
Z01953,50.013231,9.366384,EMEA
Z01954,41.455988,-104.623935,NAM
Z01955,39.630057,-86.422047,NAM
Z01956,39.560302,-5.75284,EMEA
Z01957,40.292523,-98.556014,NAM
Z01958,40.250931,112.489868,APAC
Z01959,40.450946,-89.489836,NAM
Z01960,36.664805,117.323861,APAC
Z01961,51.967376,7.310562,EMEA
Z01962,51.859373,3.469042,EMEA
Z01963,40.360827,44.203929,EMEA
Z01964,43.898941,11.893755,EMEA
Z01965,24.142069,46.135683,EMEA
Z01966,38.497995,-76.172271,NAM
Z01967,57.504832,12.620671,EMEA
Z01968,39.677519,0.32257,EMEA
Z01969,49.32908,6.94633,EMEA
Z01970,36.697644,-81.926071,NAM
Z01971,40.413598,-83.020988,NAM
Z01972,43.475779,-79.503107,NAM
Z01973,35.571013,117.701043,APAC
Z01974,50.248231,10.276497,EMEA
Z01975,18.247961,-66.123422,LATAM
Z01976,29.280811,-81.950046,NAM
Z01977,31.560108,-100.150822,NAM
Z01978,41.27209,-95.444404,NAM
Z01979,38.51158,119.52575,APAC
Z01980,45.09445,9.336742,EMEA
Z01981,35.352014,-75.128718,NAM
Z01982,31.08127,-97.328551,NAM
Z01983,35.854221,-120.731952,NAM
Z01984,54.303083,7.603439,EMEA
Z01985,35.151526,-7.39372,EMEA
Z01986,54.725542,-2.239632,EMEA
Z01987,17.373497,72.763152,APAC
Z01988,36.836551,-96.477394,NAM
Z01989,41.361954,-79.598953,NAM
Z01990,45.36419,-75.676337,NAM
Z01991,-11.866578,-39.423226,LATAM
Z01992,47.111392,-72.990813,NAM
Z01993,49.021668,1.282043,EMEA
Z01994,42.67415,-106.701622,NAM
Z01995,26.835764,-98.25843,NAM
Z01996,34.416868,-81.879701,NAM
Z01997,46.452942,11.275087,EMEA
Z01998,31.553773,121.282568,APAC
Z01999,34.539323,112.893482,APAC
Z02000,30.847956,-84.57637,NAM
