zip_id,hub_id,part_id
Z00001,H001,P0005
Z00001,H001,P0013
Z00001,H001,P0026
Z00001,H001,P0044
Z00001,H001,P0073
Z00001,H001,P0074
Z00001,H001,P0083
Z00001,H001,P0090
Z00001,H001,P0095
Z00001,H001,P0100
Z00001,H001,P0103
Z00001,H001,P0123
Z00001,H001,P0127
Z00001,H001,P0138
Z00001,H001,P0150
Z00002,H009,P0011
Z00002,H009,P0024
Z00002,H009,P0025
Z00002,H009,P0026
Z00002,H009,P0042
Z00002,H009,P0047
Z00002,H009,P0058
Z00002,H009,P0065
Z00002,H009,P0073
Z00002,H009,P0101
Z00002,H009,P0106
Z00002,H009,P0114
Z00002,H009,P0128
Z00002,H009,P0147
Z00003,H001,P0003
Z00003,H001,P0011
Z00003,H001,P0016
Z00003,H001,P0023
Z00003,H001,P0026
Z00003,H001,P0033
Z00003,H001,P0053
Z00003,H001,P0066
Z00003,H001,P0092
Z00003,H001,P0093
Z00003,H001,P0108
Z00003,H001,P0116
Z00003,H001,P0117
Z00003,H001,P0127
Z00003,H001,P0128
Z00003,H001,P0133
Z00003,H001,P0135
Z00003,H001,P0146
Z00004,H007,P0009
Z00004,H007,P0023
Z00004,H007,P0028
Z00004,H007,P0032
Z00004,H007,P0043
Z00004,H007,P0056
Z00004,H007,P0057
Z00004,H007,P0060
Z00004,H007,P0067
Z00004,H007,P0074
Z00004,H007,P0101
Z00004,H007,P0121
Z00004,H007,P0124
Z00004,H007,P0133
Z00004,H007,P0147
Z00005,H002,P0005
Z00005,H002,P0015
Z00005,H002,P0017
Z00005,H002,P0019
Z00005,H002,P0022
Z00005,H002,P0024
Z00005,H002,P0033
Z00005,H002,P0036
Z00005,H002,P0056
Z00005,H002,P0063
Z00005,H002,P0068
Z00005,H002,P0078
Z00005,H002,P0082
Z00005,H002,P0090
Z00005,H002,P0103
Z00005,H002,P0127
Z00006,H007,P0015
Z00006,H007,P0019
Z00006,H007,P0025
Z00006,H007,P0032
Z00006,H007,P0047
Z00006,H007,P0060
Z00006,H007,P0068
Z00006,H007,P0074
Z00006,H007,P0089
Z00006,H007,P0092
Z00006,H007,P0096
Z00006,H007,P0121
Z00006,H007,P0123
Z00006,H007,P0131
Z00006,H007,P0136
Z00007,H007,P0005
Z00007,H007,P0012
Z00007,H007,P0014
Z00007,H007,P0017
Z00007,H007,P0024
Z00007,H007,P0026
Z00007,H007,P0056
Z00007,H007,P0059
Z00007,H007,P0078
Z00007,H007,P0085
Z00007,H007,P0097
Z00007,H007,P0099
Z00007,H007,P0132
Z00007,H007,P0139
Z00007,H007,P0150
Z00008,H009,P0007
Z00008,H009,P0008
Z00008,H009,P0017
Z00008,H009,P0024
Z00008,H009,P0026
Z00008,H009,P0037
Z00008,H009,P0043
Z00008,H009,P0045
Z00008,H009,P0054
Z00008,H009,P0061
Z00008,H009,P0067
Z00008,H009,P0068
Z00008,H009,P0076
Z00008,H009,P0080
Z00008,H009,P0090
Z00008,H009,P0096
Z00008,H009,P0116
Z00008,H009,P0119
Z00008,H009,P0123
Z00008,H009,P0132
Z00008,H009,P0145
Z00008,H009,P0146
Z00009,H010,P0004
Z00009,H010,P0009
Z00009,H010,P0036
Z00009,H010,P0042
Z00009,H010,P0052
Z00009,H010,P0053
Z00009,H010,P0056
Z00009,H010,P0058
Z00009,H010,P0063
Z00009,H010,P0081
Z00009,H010,P0088
Z00009,H010,P0090
Z00009,H010,P0097
Z00009,H010,P0099
Z00009,H010,P0101
Z00009,H010,P0129
Z00009,H010,P0131
Z00009,H010,P0133
Z00009,H010,P0149
Z00010,H008,P0014
Z00010,H008,P0016
Z00010,H008,P0032
Z00010,H008,P0033
Z00010,H008,P0037
Z00010,H008,P0045
Z00010,H008,P0052
Z00010,H008,P0060
Z00010,H008,P0068
Z00010,H008,P0073
Z00010,H008,P0076
Z00010,H008,P0077
Z00010,H008,P0079
Z00010,H008,P0096
Z00010,H008,P0126
Z00010,H008,P0134
Z00010,H008,P0135
Z00011,H008,P0026
Z00011,H008,P0047
Z00011,H008,P0074
Z00011,H008,P0079
Z00011,H008,P0088
Z00011,H008,P0120
Z00011,H008,P0131
Z00011,H008,P0141
Z00011,H008,P0145
Z00011,H008,P0148
Z00012,H004,P0023
Z00012,H004,P0039
Z00012,H004,P0045
Z00012,H004,P0052
Z00012,H004,P0055
Z00012,H004,P0061
Z00012,H004,P0062
Z00012,H004,P0088
Z00012,H004,P0089
Z00012,H004,P0093
Z00012,H004,P0096
Z00012,H004,P0121
Z00012,H004,P0132
Z00012,H004,P0135
Z00012,H004,P0140
Z00012,H004,P0142
Z00012,H004,P0146
Z00013,H004,P0001
Z00013,H004,P0020
Z00013,H004,P0024
Z00013,H004,P0042
Z00013,H004,P0055
Z00013,H004,P0056
Z00013,H004,P0075
Z00013,H004,P0106
Z00013,H004,P0118
Z00013,H004,P0131
Z00013,H004,P0135
Z00013,H004,P0136
Z00013,H004,P0141
Z00014,H007,P0003
Z00014,H007,P0005
Z00014,H007,P0016
Z00014,H007,P0028
Z00014,H007,P0039
Z00014,H007,P0045
Z00014,H007,P0055
Z00014,H007,P0116
Z00014,H007,P0119
Z00014,H007,P0136
Z00014,H007,P0141
Z00014,H007,P0150
Z00015,H007,P0006
Z00015,H007,P0063
Z00015,H007,P0068
Z00015,H007,P0098
Z00016,H010,P0013
Z00016,H010,P0019
Z00016,H010,P0037
Z00016,H010,P0039
Z00016,H010,P0047
Z00016,H010,P0057
Z00016,H010,P0063
Z00016,H010,P0075
Z00016,H010,P0077
Z00016,H010,P0081
Z00016,H010,P0090
Z00016,H010,P0097
Z00016,H010,P0100
Z00016,H010,P0116
Z00016,H010,P0132
Z00016,H010,P0138
Z00016,H010,P0143
Z00016,H010,P0150
Z00017,H001,P0003
Z00017,H001,P0005
Z00017,H001,P0017
Z00017,H001,P0019
Z00017,H001,P0023
Z00017,H001,P0028
Z00017,H001,P0039
Z00017,H001,P0054
Z00017,H001,P0063
Z00017,H001,P0073
Z00017,H001,P0077
Z00017,H001,P0088
Z00017,H001,P0101
Z00017,H001,P0103
Z00017,H001,P0106
Z00017,H001,P0116
Z00017,H001,P0117
Z00017,H001,P0120
Z00018,H006,P0005
Z00018,H006,P0006
Z00018,H006,P0008
Z00018,H006,P0010
Z00018,H006,P0017
Z00018,H006,P0019
Z00018,H006,P0023
Z00018,H006,P0041
Z00018,H006,P0047
Z00018,H006,P0050
Z00018,H006,P0055
Z00018,H006,P0076
Z00018,H006,P0080
Z00018,H006,P0090
Z00018,H006,P0094
Z00018,H006,P0101
Z00018,H006,P0105
Z00018,H006,P0123
Z00018,H006,P0131
Z00018,H006,P0132
Z00018,H006,P0133
Z00018,H006,P0136
Z00019,H004,P0017
Z00019,H004,P0033
Z00019,H004,P0042
Z00019,H004,P0050
Z00019,H004,P0051
Z00019,H004,P0055
Z00019,H004,P0057
Z00019,H004,P0073
Z00019,H004,P0080
Z00019,H004,P0096
Z00019,H004,P0119
Z00019,H004,P0120
Z00019,H004,P0125
Z00019,H004,P0133
Z00019,H004,P0136
Z00019,H004,P0141
Z00019,H004,P0145
Z00020,H009,P0005
Z00020,H009,P0014
Z00020,H009,P0016
Z00020,H009,P0019
Z00020,H009,P0024
Z00020,H009,P0027
Z00020,H009,P0039
Z00020,H009,P0042
Z00020,H009,P0043
Z00020,H009,P0048
Z00020,H009,P0063
Z00020,H009,P0065
Z00020,H009,P0068
Z00020,H009,P0073
Z00020,H009,P0083
Z00020,H009,P0087
Z00020,H009,P0103
Z00020,H009,P0119
Z00020,H009,P0127
Z00020,H009,P0136
Z00020,H009,P0146
Z00021,H008,P0005
Z00021,H008,P0008
Z00021,H008,P0025
Z00021,H008,P0029
Z00021,H008,P0036
Z00021,H008,P0037
Z00021,H008,P0044
Z00021,H008,P0045
Z00021,H008,P0050
Z00021,H008,P0057
Z00021,H008,P0058
Z00021,H008,P0064
Z00021,H008,P0068
Z00021,H008,P0070
Z00021,H008,P0073
Z00021,H008,P0078
Z00021,H008,P0090
Z00021,H008,P0096
Z00021,H008,P0102
Z00021,H008,P0128
Z00021,H008,P0131
Z00021,H008,P0141
Z00022,H010,P0001
Z00022,H010,P0015
Z00022,H010,P0023
Z00022,H010,P0026
Z00022,H010,P0039
Z00022,H010,P0042
Z00022,H010,P0065
Z00022,H010,P0077
Z00022,H010,P0078
Z00022,H010,P0102
Z00022,H010,P0111
Z00022,H010,P0120
Z00022,H010,P0129
Z00022,H010,P0136
Z00022,H010,P0147
Z00023,H005,P0003
Z00023,H005,P0005
Z00023,H005,P0028
Z00023,H005,P0037
Z00023,H005,P0074
Z00023,H005,P0076
Z00023,H005,P0084
Z00023,H005,P0112
Z00023,H005,P0119
Z00023,H005,P0127
Z00023,H005,P0137
Z00023,H005,P0148
Z00024,H005,P0005
Z00024,H005,P0017
Z00024,H005,P0026
Z00024,H005,P0028
Z00024,H005,P0030
Z00024,H005,P0035
Z00024,H005,P0037
Z00024,H005,P0042
Z00024,H005,P0043
Z00024,H005,P0056
Z00024,H005,P0067
Z00024,H005,P0074
Z00024,H005,P0083
Z00024,H005,P0101
Z00024,H005,P0109
Z00024,H005,P0119
Z00024,H005,P0132
Z00024,H005,P0133
Z00024,H005,P0139
Z00024,H005,P0149
Z00024,H005,P0150
Z00025,H001,P0015
Z00025,H001,P0019
Z00025,H001,P0023
Z00025,H001,P0030
Z00025,H001,P0035
Z00025,H001,P0054
Z00025,H001,P0059
Z00025,H001,P0079
Z00025,H001,P0109
Z00025,H001,P0138
Z00026,H004,P0004
Z00026,H004,P0006
Z00026,H004,P0009
Z00026,H004,P0011
Z00026,H004,P0032
Z00026,H004,P0033
Z00026,H004,P0039
Z00026,H004,P0045
Z00026,H004,P0052
Z00026,H004,P0079
Z00026,H004,P0081
Z00026,H004,P0082
Z00026,H004,P0090
Z00026,H004,P0123
Z00026,H004,P0147
Z00027,H004,P0011
Z00027,H004,P0019
Z00027,H004,P0023
Z00027,H004,P0034
Z00027,H004,P0045
Z00027,H004,P0065
Z00027,H004,P0074
Z00027,H004,P0080
Z00027,H004,P0090
Z00027,H004,P0096
Z00027,H004,P0116
Z00027,H004,P0133
Z00027,H004,P0147
Z00028,H010,P0005
Z00028,H010,P0012
Z00028,H010,P0017
Z00028,H010,P0018
Z00028,H010,P0023
Z00028,H010,P0028
Z00028,H010,P0039
Z00028,H010,P0041
Z00028,H010,P0055
Z00028,H010,P0060
Z00028,H010,P0065
Z00028,H010,P0067
Z00028,H010,P0073
Z00028,H010,P0074
Z00028,H010,P0078
Z00028,H010,P0079
Z00028,H010,P0081
Z00028,H010,P0090
Z00028,H010,P0120
Z00028,H010,P0123
Z00028,H010,P0131
Z00028,H010,P0133
Z00028,H010,P0141
Z00028,H010,P0147
Z00029,H007,P0023
Z00029,H007,P0032
Z00029,H007,P0036
Z00029,H007,P0051
Z00029,H007,P0063
Z00029,H007,P0071
Z00029,H007,P0074
Z00029,H007,P0078
Z00029,H007,P0086
Z00029,H007,P0124
Z00029,H007,P0128
Z00030,H003,P0005
Z00030,H003,P0017
Z00030,H003,P0018
Z00030,H003,P0019
Z00030,H003,P0024
Z00030,H003,P0039
Z00030,H003,P0044
Z00030,H003,P0045
Z00030,H003,P0061
Z00030,H003,P0063
Z00030,H003,P0073
Z00030,H003,P0074
Z00030,H003,P0079
Z00030,H003,P0090
Z00030,H003,P0095
Z00030,H003,P0117
Z00030,H003,P0119
Z00030,H003,P0127
Z00030,H003,P0132
Z00030,H003,P0139
Z00030,H003,P0142
Z00031,H003,P0001
Z00031,H003,P0003
Z00031,H003,P0005
Z00031,H003,P0016
Z00031,H003,P0017
Z00031,H003,P0032
Z00031,H003,P0039
Z00031,H003,P0044
Z00031,H003,P0054
Z00031,H003,P0055
Z00031,H003,P0069
Z00031,H003,P0071
Z00031,H003,P0073
Z00031,H003,P0077
Z00031,H003,P0081
Z00031,H003,P0083
Z00031,H003,P0088
Z00031,H003,P0096
Z00031,H003,P0097
Z00031,H003,P0101
Z00031,H003,P0149
Z00032,H009,P0024
Z00032,H009,P0033
Z00032,H009,P0045
Z00032,H009,P0056
Z00032,H009,P0058
Z00032,H009,P0083
Z00032,H009,P0084
Z00032,H009,P0123
Z00032,H009,P0150
Z00033,H010,P0017
Z00033,H010,P0019
Z00033,H010,P0044
Z00033,H010,P0054
Z00033,H010,P0058
Z00033,H010,P0061
Z00033,H010,P0062
Z00033,H010,P0065
Z00033,H010,P0067
Z00033,H010,P0073
Z00033,H010,P0074
Z00033,H010,P0076
Z00033,H010,P0090
Z00033,H010,P0099
Z00033,H010,P0103
Z00033,H010,P0125
Z00033,H010,P0141
Z00033,H010,P0146
Z00033,H010,P0150
Z00034,H006,P0016
Z00034,H006,P0019
Z00034,H006,P0023
Z00034,H006,P0027
Z00034,H006,P0033
Z00034,H006,P0041
Z00034,H006,P0042
Z00034,H006,P0045
Z00034,H006,P0054
Z00034,H006,P0061
Z00034,H006,P0062
Z00034,H006,P0066
Z00034,H006,P0090
Z00034,H006,P0094
Z00034,H006,P0096
Z00034,H006,P0135
Z00034,H006,P0142
Z00034,H006,P0149
Z00034,H006,P0150
Z00035,H008,P0001
Z00035,H008,P0045
Z00035,H008,P0054
Z00035,H008,P0055
Z00035,H008,P0062
Z00035,H008,P0073
Z00035,H008,P0074
Z00035,H008,P0081
Z00035,H008,P0101
Z00035,H008,P0107
Z00035,H008,P0112
Z00035,H008,P0121
Z00035,H008,P0131
Z00035,H008,P0141
Z00035,H008,P0147
Z00036,H003,P0001
Z00036,H003,P0003
Z00036,H003,P0038
Z00036,H003,P0054
Z00036,H003,P0097
Z00036,H003,P0105
Z00036,H003,P0133
Z00036,H003,P0137
Z00036,H003,P0141
Z00036,H003,P0146
Z00037,H007,P0015
Z00037,H007,P0023
Z00037,H007,P0042
Z00037,H007,P0045
Z00037,H007,P0055
Z00037,H007,P0065
Z00037,H007,P0074
Z00037,H007,P0084
Z00037,H007,P0086
Z00037,H007,P0090
Z00037,H007,P0097
Z00037,H007,P0101
Z00037,H007,P0128
Z00037,H007,P0132
Z00038,H003,P0008
Z00038,H003,P0013
Z00038,H003,P0023
Z00038,H003,P0028
Z00038,H003,P0042
Z00038,H003,P0045
Z00038,H003,P0099
Z00038,H003,P0104
Z00038,H003,P0119
Z00038,H003,P0121
Z00038,H003,P0130
Z00038,H003,P0141
Z00038,H003,P0146
Z00039,H008,P0019
Z00039,H008,P0023
Z00039,H008,P0031
Z00039,H008,P0032
Z00039,H008,P0071
Z00039,H008,P0083
Z00039,H008,P0116
Z00039,H008,P0119
Z00039,H008,P0128
Z00039,H008,P0133
Z00039,H008,P0135
Z00039,H008,P0136
Z00040,H004,P0009
Z00040,H004,P0023
Z00040,H004,P0031
Z00040,H004,P0039
Z00040,H004,P0042
Z00040,H004,P0047
Z00040,H004,P0053
Z00040,H004,P0055
Z00040,H004,P0057
Z00040,H004,P0071
Z00040,H004,P0074
Z00040,H004,P0075
Z00040,H004,P0079
Z00040,H004,P0080
Z00040,H004,P0084
Z00040,H004,P0089
Z00040,H004,P0120
Z00040,H004,P0121
Z00040,H004,P0124
Z00040,H004,P0125
Z00040,H004,P0132
Z00040,H004,P0147
Z00041,H006,P0004
Z00041,H006,P0012
Z00041,H006,P0014
Z00041,H006,P0016
Z00041,H006,P0020
Z00041,H006,P0039
Z00041,H006,P0045
Z00041,H006,P0051
Z00041,H006,P0052
Z00041,H006,P0055
Z00041,H006,P0058
Z00041,H006,P0062
Z00041,H006,P0063
Z00041,H006,P0071
Z00041,H006,P0103
Z00041,H006,P0119
Z00041,H006,P0125
Z00041,H006,P0126
Z00041,H006,P0141
Z00041,H006,P0150
Z00042,H002,P0001
Z00042,H002,P0036
Z00042,H002,P0047
Z00042,H002,P0055
Z00042,H002,P0061
Z00042,H002,P0087
Z00042,H002,P0106
Z00042,H002,P0118
Z00042,H002,P0128
Z00042,H002,P0146
Z00042,H002,P0147
Z00043,H002,P0005
Z00043,H002,P0025
Z00043,H002,P0026
Z00043,H002,P0028
Z00043,H002,P0039
Z00043,H002,P0043
Z00043,H002,P0048
Z00043,H002,P0060
Z00043,H002,P0063
Z00043,H002,P0067
Z00043,H002,P0079
Z00043,H002,P0106
Z00043,H002,P0121
Z00043,H002,P0127
Z00043,H002,P0131
Z00043,H002,P0142
Z00043,H002,P0143
Z00043,H002,P0145
Z00043,H002,P0146
Z00043,H002,P0148
Z00044,H008,P0011
Z00044,H008,P0016
Z00044,H008,P0050
Z00044,H008,P0083
Z00044,H008,P0131
Z00044,H008,P0142
Z00045,H008,P0011
Z00045,H008,P0012
Z00045,H008,P0016
Z00045,H008,P0028
Z00045,H008,P0032
Z00045,H008,P0035
Z00045,H008,P0038
Z00045,H008,P0040
Z00045,H008,P0043
Z00045,H008,P0050
Z00045,H008,P0054
Z00045,H008,P0057
Z00045,H008,P0060
Z00045,H008,P0074
Z00045,H008,P0077
Z00045,H008,P0133
Z00045,H008,P0146
Z00046,H010,P0001
Z00046,H010,P0009
Z00046,H010,P0023
Z00046,H010,P0026
Z00046,H010,P0031
Z00046,H010,P0036
Z00046,H010,P0047
Z00046,H010,P0055
Z00046,H010,P0059
Z00046,H010,P0060
Z00046,H010,P0064
Z00046,H010,P0066
Z00046,H010,P0071
Z00046,H010,P0074
Z00046,H010,P0076
Z00046,H010,P0091
Z00046,H010,P0096
Z00046,H010,P0097
Z00046,H010,P0099
Z00046,H010,P0116
Z00046,H010,P0118
Z00046,H010,P0121
Z00046,H010,P0131
Z00046,H010,P0133
Z00047,H004,P0005
Z00047,H004,P0023
Z00047,H004,P0026
Z00047,H004,P0027
Z00047,H004,P0032
Z00047,H004,P0049
Z00047,H004,P0058
Z00047,H004,P0061
Z00047,H004,P0063
Z00047,H004,P0080
Z00047,H004,P0084
Z00047,H004,P0090
Z00047,H004,P0118
Z00047,H004,P0133
Z00048,H006,P0004
Z00048,H006,P0006
Z00048,H006,P0013
Z00048,H006,P0016
Z00048,H006,P0021
Z00048,H006,P0023
Z00048,H006,P0039
Z00048,H006,P0050
Z00048,H006,P0054
Z00048,H006,P0076
Z00048,H006,P0086
Z00048,H006,P0101
Z00048,H006,P0123
Z00048,H006,P0124
Z00048,H006,P0128
Z00048,H006,P0131
Z00048,H006,P0132
Z00048,H006,P0141
Z00048,H006,P0142
Z00048,H006,P0146
Z00049,H001,P0001
Z00049,H001,P0010
Z00049,H001,P0015
Z00049,H001,P0017
Z00049,H001,P0031
Z00049,H001,P0044
Z00049,H001,P0045
Z00049,H001,P0048
Z00049,H001,P0067
Z00049,H001,P0079
Z00049,H001,P0119
Z00049,H001,P0146
Z00050,H005,P0002
Z00050,H005,P0003
Z00050,H005,P0005
Z00050,H005,P0016
Z00050,H005,P0019
Z00050,H005,P0022
Z00050,H005,P0031
Z00050,H005,P0039
Z00050,H005,P0045
Z00050,H005,P0055
Z00050,H005,P0063
Z00050,H005,P0090
Z00050,H005,P0095
Z00050,H005,P0131
Z00050,H005,P0132
Z00050,H005,P0133
Z00050,H005,P0147
Z00051,H010,P0017
Z00051,H010,P0028
Z00051,H010,P0030
Z00051,H010,P0032
Z00051,H010,P0039
Z00051,H010,P0042
Z00051,H010,P0046
Z00051,H010,P0048
Z00051,H010,P0054
Z00051,H010,P0061
Z00051,H010,P0066
Z00051,H010,P0075
Z00051,H010,P0090
Z00051,H010,P0104
Z00051,H010,P0132
Z00051,H010,P0136
Z00051,H010,P0137
Z00051,H010,P0138
Z00052,H005,P0011
Z00052,H005,P0019
Z00052,H005,P0043
Z00052,H005,P0044
Z00052,H005,P0045
Z00052,H005,P0049
Z00052,H005,P0054
Z00052,H005,P0078
Z00052,H005,P0084
Z00052,H005,P0086
Z00052,H005,P0090
Z00052,H005,P0097
Z00052,H005,P0119
Z00052,H005,P0121
Z00052,H005,P0123
Z00052,H005,P0141
Z00053,H007,P0008
Z00053,H007,P0020
Z00053,H007,P0026
Z00053,H007,P0028
Z00053,H007,P0030
Z00053,H007,P0056
Z00053,H007,P0060
Z00053,H007,P0068
Z00053,H007,P0075
Z00053,H007,P0084
Z00053,H007,P0099
Z00053,H007,P0101
Z00053,H007,P0102
Z00053,H007,P0103
Z00053,H007,P0127
Z00053,H007,P0131
Z00053,H007,P0135
Z00053,H007,P0136
Z00054,H007,P0003
Z00054,H007,P0005
Z00054,H007,P0009
Z00054,H007,P0013
Z00054,H007,P0017
Z00054,H007,P0021
Z00054,H007,P0023
Z00054,H007,P0025
Z00054,H007,P0044
Z00054,H007,P0059
Z00054,H007,P0064
Z00054,H007,P0079
Z00054,H007,P0082
Z00054,H007,P0087
Z00054,H007,P0096
Z00054,H007,P0097
Z00054,H007,P0099
Z00054,H007,P0100
Z00054,H007,P0106
Z00054,H007,P0112
Z00054,H007,P0118
Z00054,H007,P0121
Z00054,H007,P0127
Z00054,H007,P0128
Z00054,H007,P0131
Z00054,H007,P0139
Z00054,H007,P0141
Z00055,H009,P0017
Z00055,H009,P0034
Z00055,H009,P0043
Z00055,H009,P0056
Z00055,H009,P0058
Z00055,H009,P0087
Z00055,H009,P0090
Z00055,H009,P0097
Z00055,H009,P0106
Z00055,H009,P0119
Z00055,H009,P0120
Z00055,H009,P0139
Z00056,H007,P0002
Z00056,H007,P0005
Z00056,H007,P0023
Z00056,H007,P0039
Z00056,H007,P0053
Z00056,H007,P0055
Z00056,H007,P0060
Z00056,H007,P0077
Z00056,H007,P0080
Z00056,H007,P0093
Z00056,H007,P0113
Z00056,H007,P0132
Z00056,H007,P0139
Z00056,H007,P0141
Z00056,H007,P0142
Z00056,H007,P0146
Z00056,H007,P0149
Z00056,H007,P0150
Z00057,H002,P0018
Z00057,H002,P0054
Z00057,H002,P0066
Z00057,H002,P0069
Z00057,H002,P0101
Z00058,H004,P0005
Z00058,H004,P0009
Z00058,H004,P0016
Z00058,H004,P0028
Z00058,H004,P0031
Z00058,H004,P0040
Z00058,H004,P0047
Z00058,H004,P0056
Z00058,H004,P0060
Z00058,H004,P0093
Z00058,H004,P0106
Z00058,H004,P0114
Z00058,H004,P0116
Z00058,H004,P0135
Z00059,H004,P0009
Z00059,H004,P0060
Z00059,H004,P0083
Z00059,H004,P0091
Z00059,H004,P0099
Z00059,H004,P0107
Z00059,H004,P0131
Z00059,H004,P0132
Z00059,H004,P0137
Z00060,H002,P0009
Z00060,H002,P0016
Z00060,H002,P0043
Z00060,H002,P0044
Z00060,H002,P0045
Z00060,H002,P0065
Z00060,H002,P0093
Z00060,H002,P0099
Z00060,H002,P0102
Z00060,H002,P0117
Z00060,H002,P0136
Z00060,H002,P0139
Z00060,H002,P0145
Z00060,H002,P0150
Z00061,H002,P0011
Z00061,H002,P0019
Z00061,H002,P0025
Z00061,H002,P0032
Z00061,H002,P0033
Z00061,H002,P0041
Z00061,H002,P0050
Z00061,H002,P0064
Z00061,H002,P0079
Z00061,H002,P0080
Z00061,H002,P0093
Z00061,H002,P0142
Z00062,H006,P0005
Z00062,H006,P0013
Z00062,H006,P0023
Z00062,H006,P0025
Z00062,H006,P0030
Z00062,H006,P0031
Z00062,H006,P0032
Z00062,H006,P0036
Z00062,H006,P0037
Z00062,H006,P0045
Z00062,H006,P0052
Z00062,H006,P0060
Z00062,H006,P0062
Z00062,H006,P0063
Z00062,H006,P0068
Z00062,H006,P0073
Z00062,H006,P0079
Z00062,H006,P0081
Z00062,H006,P0094
Z00062,H006,P0095
Z00062,H006,P0097
Z00062,H006,P0107
Z00062,H006,P0127
Z00062,H006,P0129
Z00062,H006,P0145
Z00062,H006,P0150
Z00063,H010,P0003
Z00063,H010,P0015
Z00063,H010,P0016
Z00063,H010,P0031
Z00063,H010,P0036
Z00063,H010,P0042
Z00063,H010,P0063
Z00063,H010,P0073
Z00063,H010,P0077
Z00063,H010,P0083
Z00063,H010,P0086
Z00063,H010,P0090
Z00063,H010,P0093
Z00063,H010,P0096
Z00063,H010,P0097
Z00063,H010,P0120
Z00063,H010,P0147
Z00063,H010,P0149
Z00064,H007,P0001
Z00064,H007,P0002
Z00064,H007,P0003
Z00064,H007,P0008
Z00064,H007,P0015
Z00064,H007,P0027
Z00064,H007,P0028
Z00064,H007,P0040
Z00064,H007,P0047
Z00064,H007,P0049
Z00064,H007,P0050
Z00064,H007,P0058
Z00064,H007,P0071
Z00064,H007,P0073
Z00064,H007,P0135
Z00064,H007,P0137
Z00065,H009,P0005
Z00065,H009,P0008
Z00065,H009,P0009
Z00065,H009,P0019
Z00065,H009,P0021
Z00065,H009,P0024
Z00065,H009,P0026
Z00065,H009,P0029
Z00065,H009,P0032
Z00065,H009,P0037
Z00065,H009,P0039
Z00065,H009,P0040
Z00065,H009,P0053
Z00065,H009,P0056
Z00065,H009,P0061
Z00065,H009,P0062
Z00065,H009,P0063
Z00065,H009,P0065
Z00065,H009,P0067
Z00065,H009,P0079
Z00065,H009,P0080
Z00065,H009,P0090
Z00065,H009,P0091
Z00065,H009,P0094
Z00065,H009,P0101
Z00065,H009,P0117
Z00065,H009,P0119
Z00065,H009,P0147
Z00065,H009,P0148
Z00066,H008,P0005
Z00066,H008,P0009
Z00066,H008,P0016
Z00066,H008,P0020
Z00066,H008,P0022
Z00066,H008,P0027
Z00066,H008,P0056
Z00066,H008,P0063
Z00066,H008,P0074
Z00066,H008,P0090
Z00066,H008,P0107
Z00066,H008,P0142
Z00066,H008,P0150
Z00067,H002,P0008
Z00067,H002,P0032
Z00067,H002,P0051
Z00067,H002,P0054
Z00067,H002,P0055
Z00067,H002,P0063
Z00067,H002,P0071
Z00067,H002,P0077
Z00067,H002,P0080
Z00067,H002,P0086
Z00067,H002,P0088
Z00067,H002,P0111
Z00067,H002,P0112
Z00067,H002,P0118
Z00067,H002,P0121
Z00067,H002,P0131
Z00067,H002,P0145
Z00068,H002,P0001
Z00068,H002,P0003
Z00068,H002,P0005
Z00068,H002,P0008
Z00068,H002,P0016
Z00068,H002,P0022
Z00068,H002,P0036
Z00068,H002,P0043
Z00068,H002,P0048
Z00068,H002,P0068
Z00068,H002,P0073
Z00068,H002,P0088
Z00068,H002,P0090
Z00068,H002,P0101
Z00068,H002,P0148
Z00068,H002,P0150
Z00069,H009,P0008
Z00069,H009,P0015
Z00069,H009,P0022
Z00069,H009,P0025
Z00069,H009,P0026
Z00069,H009,P0031
Z00069,H009,P0045
Z00069,H009,P0053
Z00069,H009,P0060
Z00069,H009,P0073
Z00069,H009,P0074
Z00069,H009,P0077
Z00069,H009,P0106
Z00069,H009,P0120
Z00069,H009,P0131
Z00069,H009,P0139
Z00069,H009,P0146
Z00069,H009,P0147
Z00070,H010,P0066
Z00070,H010,P0071
Z00070,H010,P0089
Z00070,H010,P0101
Z00070,H010,P0137
Z00070,H010,P0143
Z00071,H010,P0003
Z00071,H010,P0008
Z00071,H010,P0016
Z00071,H010,P0031
Z00071,H010,P0039
Z00071,H010,P0041
Z00071,H010,P0042
Z00071,H010,P0058
Z00071,H010,P0060
Z00071,H010,P0068
Z00071,H010,P0072
Z00071,H010,P0073
Z00071,H010,P0075
Z00071,H010,P0081
Z00071,H010,P0116
Z00071,H010,P0119
Z00071,H010,P0123
Z00071,H010,P0131
Z00071,H010,P0139
Z00071,H010,P0140
Z00071,H010,P0141
Z00072,H003,P0004
Z00072,H003,P0008
Z00072,H003,P0037
Z00072,H003,P0043
Z00072,H003,P0044
Z00072,H003,P0045
Z00072,H003,P0047
Z00072,H003,P0073
Z00072,H003,P0079
Z00072,H003,P0097
Z00072,H003,P0099
Z00072,H003,P0106
Z00072,H003,P0118
Z00072,H003,P0125
Z00072,H003,P0128
Z00072,H003,P0132
Z00072,H003,P0139
Z00073,H006,P0005
Z00073,H006,P0017
Z00073,H006,P0024
Z00073,H006,P0025
Z00073,H006,P0033
Z00073,H006,P0048
Z00073,H006,P0055
Z00073,H006,P0074
Z00073,H006,P0087
Z00073,H006,P0090
Z00073,H006,P0109
Z00073,H006,P0111
Z00073,H006,P0140
Z00073,H006,P0150
Z00074,H003,P0002
Z00074,H003,P0003
Z00074,H003,P0017
Z00074,H003,P0023
Z00074,H003,P0026
Z00074,H003,P0044
Z00074,H003,P0047
Z00074,H003,P0068
Z00074,H003,P0073
Z00074,H003,P0091
Z00074,H003,P0132
Z00074,H003,P0136
Z00074,H003,P0149
Z00075,H003,P0005
Z00075,H003,P0014
Z00075,H003,P0018
Z00075,H003,P0031
Z00075,H003,P0035
Z00075,H003,P0045
Z00075,H003,P0061
Z00075,H003,P0073
Z00075,H003,P0123
Z00076,H005,P0011
Z00076,H005,P0014
Z00076,H005,P0016
Z00076,H005,P0019
Z00076,H005,P0028
Z00076,H005,P0033
Z00076,H005,P0042
Z00076,H005,P0045
Z00076,H005,P0077
Z00077,H007,P0033
Z00077,H007,P0055
Z00077,H007,P0063
Z00077,H007,P0096
Z00077,H007,P0127
Z00077,H007,P0128
Z00077,H007,P0133
Z00078,H001,P0002
Z00078,H001,P0005
Z00078,H001,P0008
Z00078,H001,P0017
Z00078,H001,P0023
Z00078,H001,P0028
Z00078,H001,P0045
Z00078,H001,P0047
Z00078,H001,P0049
Z00078,H001,P0061
Z00078,H001,P0071
Z00078,H001,P0079
Z00078,H001,P0087
Z00078,H001,P0099
Z00078,H001,P0103
Z00078,H001,P0114
Z00078,H001,P0119
Z00078,H001,P0123
Z00078,H001,P0146
Z00078,H001,P0150
Z00079,H007,P0005
Z00079,H007,P0011
Z00079,H007,P0015
Z00079,H007,P0026
Z00079,H007,P0044
Z00079,H007,P0054
Z00079,H007,P0062
Z00079,H007,P0077
Z00079,H007,P0119
Z00079,H007,P0121
Z00079,H007,P0130
Z00079,H007,P0144
Z00080,H009,P0025
Z00080,H009,P0048
Z00080,H009,P0063
Z00080,H009,P0077
Z00080,H009,P0080
Z00080,H009,P0094
Z00080,H009,P0132
Z00080,H009,P0145
Z00080,H009,P0150
Z00081,H002,P0016
Z00081,H002,P0017
Z00081,H002,P0032
Z00081,H002,P0037
Z00081,H002,P0039
Z00081,H002,P0040
Z00081,H002,P0042
Z00081,H002,P0045
Z00081,H002,P0063
Z00081,H002,P0065
Z00081,H002,P0073
Z00081,H002,P0079
Z00081,H002,P0082
Z00081,H002,P0098
Z00081,H002,P0105
Z00081,H002,P0111
Z00081,H002,P0128
Z00081,H002,P0129
Z00081,H002,P0130
Z00081,H002,P0131
Z00081,H002,P0133
Z00081,H002,P0146
Z00081,H002,P0150
Z00082,H005,P0036
Z00082,H005,P0039
Z00082,H005,P0054
Z00082,H005,P0065
Z00082,H005,P0074
Z00082,H005,P0079
Z00082,H005,P0098
Z00082,H005,P0120
Z00082,H005,P0150
Z00083,H003,P0003
Z00083,H003,P0005
Z00083,H003,P0011
Z00083,H003,P0017
Z00083,H003,P0021
Z00083,H003,P0024
Z00083,H003,P0025
Z00083,H003,P0031
Z00083,H003,P0045
Z00083,H003,P0046
Z00083,H003,P0078
Z00083,H003,P0094
Z00083,H003,P0097
Z00083,H003,P0121
Z00083,H003,P0132
Z00083,H003,P0133
Z00083,H003,P0137
Z00083,H003,P0147
Z00084,H008,P0005
Z00084,H008,P0039
Z00084,H008,P0043
Z00084,H008,P0050
Z00084,H008,P0054
Z00084,H008,P0055
Z00084,H008,P0060
Z00084,H008,P0061
Z00084,H008,P0068
Z00084,H008,P0072
Z00084,H008,P0075
Z00084,H008,P0082
Z00084,H008,P0086
Z00084,H008,P0088
Z00084,H008,P0095
Z00084,H008,P0097
Z00084,H008,P0099
Z00084,H008,P0134
Z00084,H008,P0148
Z00085,H007,P0005
Z00085,H007,P0008
Z00085,H007,P0016
Z00085,H007,P0026
Z00085,H007,P0032
Z00085,H007,P0043
Z00085,H007,P0056
Z00085,H007,P0058
Z00085,H007,P0063
Z00085,H007,P0066
Z00085,H007,P0081
Z00085,H007,P0096
Z00085,H007,P0111
Z00085,H007,P0116
Z00085,H007,P0118
Z00085,H007,P0119
Z00085,H007,P0122
Z00085,H007,P0127
Z00085,H007,P0132
Z00085,H007,P0146
Z00086,H004,P0004
Z00086,H004,P0005
Z00086,H004,P0009
Z00086,H004,P0028
Z00086,H004,P0041
Z00086,H004,P0053
Z00086,H004,P0054
Z00086,H004,P0058
Z00086,H004,P0059
Z00086,H004,P0063
Z00086,H004,P0068
Z00086,H004,P0073
Z00086,H004,P0076
Z00086,H004,P0080
Z00086,H004,P0089
Z00086,H004,P0093
Z00086,H004,P0096
Z00086,H004,P0101
Z00086,H004,P0119
Z00086,H004,P0124
Z00086,H004,P0138
Z00087,H008,P0014
Z00087,H008,P0022
Z00087,H008,P0025
Z00087,H008,P0043
Z00087,H008,P0054
Z00087,H008,P0059
Z00087,H008,P0064
Z00087,H008,P0067
Z00087,H008,P0074
Z00087,H008,P0090
Z00087,H008,P0096
Z00087,H008,P0099
Z00087,H008,P0102
Z00087,H008,P0109
Z00087,H008,P0121
Z00087,H008,P0123
Z00087,H008,P0125
Z00087,H008,P0146
Z00088,H007,P0006
Z00088,H007,P0032
Z00088,H007,P0036
Z00088,H007,P0039
Z00088,H007,P0050
Z00088,H007,P0055
Z00088,H007,P0056
Z00088,H007,P0082
Z00088,H007,P0113
Z00088,H007,P0118
Z00088,H007,P0140
Z00088,H007,P0146
Z00089,H007,P0005
Z00089,H007,P0017
Z00089,H007,P0037
Z00089,H007,P0042
Z00089,H007,P0045
Z00089,H007,P0050
Z00089,H007,P0055
Z00089,H007,P0056
Z00089,H007,P0058
Z00089,H007,P0063
Z00089,H007,P0068
Z00089,H007,P0086
Z00089,H007,P0088
Z00089,H007,P0090
Z00089,H007,P0091
Z00089,H007,P0093
Z00089,H007,P0094
Z00089,H007,P0096
Z00089,H007,P0098
Z00089,H007,P0103
Z00089,H007,P0107
Z00089,H007,P0119
Z00089,H007,P0127
Z00089,H007,P0131
Z00089,H007,P0132
Z00089,H007,P0142
Z00089,H007,P0146
Z00089,H007,P0149
Z00090,H001,P0003
Z00090,H001,P0004
Z00090,H001,P0016
Z00090,H001,P0019
Z00090,H001,P0023
Z00090,H001,P0028
Z00090,H001,P0054
Z00090,H001,P0055
Z00090,H001,P0074
Z00090,H001,P0093
Z00090,H001,P0101
Z00090,H001,P0117
Z00090,H001,P0118
Z00090,H001,P0121
Z00090,H001,P0132
Z00090,H001,P0138
Z00091,H008,P0008
Z00091,H008,P0019
Z00091,H008,P0021
Z00091,H008,P0023
Z00091,H008,P0024
Z00091,H008,P0042
Z00091,H008,P0048
Z00091,H008,P0060
Z00091,H008,P0071
Z00091,H008,P0080
Z00091,H008,P0091
Z00091,H008,P0098
Z00091,H008,P0103
Z00091,H008,P0104
Z00091,H008,P0112
Z00091,H008,P0121
Z00091,H008,P0123
Z00091,H008,P0128
Z00091,H008,P0139
Z00091,H008,P0144
Z00091,H008,P0147
Z00092,H005,P0018
Z00092,H005,P0028
Z00092,H005,P0030
Z00092,H005,P0047
Z00092,H005,P0054
Z00092,H005,P0068
Z00092,H005,P0076
Z00092,H005,P0080
Z00092,H005,P0096
Z00092,H005,P0123
Z00092,H005,P0127
Z00092,H005,P0136
Z00092,H005,P0142
Z00092,H005,P0146
Z00093,H004,P0049
Z00093,H004,P0074
Z00093,H004,P0076
Z00093,H004,P0079
Z00093,H004,P0088
Z00093,H004,P0089
Z00093,H004,P0090
Z00093,H004,P0099
Z00093,H004,P0127
Z00093,H004,P0132
Z00093,H004,P0133
Z00093,H004,P0137
Z00093,H004,P0138
Z00093,H004,P0140
Z00094,H009,P0001
Z00094,H009,P0008
Z00094,H009,P0011
Z00094,H009,P0017
Z00094,H009,P0019
Z00094,H009,P0036
Z00094,H009,P0042
Z00094,H009,P0047
Z00094,H009,P0055
Z00094,H009,P0062
Z00094,H009,P0065
Z00094,H009,P0069
Z00094,H009,P0075
Z00094,H009,P0076
Z00094,H009,P0083
Z00094,H009,P0088
Z00094,H009,P0090
Z00094,H009,P0117
Z00094,H009,P0121
Z00094,H009,P0126
Z00094,H009,P0133
Z00094,H009,P0148
Z00095,H004,P0001
Z00095,H004,P0023
Z00095,H004,P0026
Z00095,H004,P0034
Z00095,H004,P0043
Z00095,H004,P0044
Z00095,H004,P0046
Z00095,H004,P0067
Z00095,H004,P0101
Z00095,H004,P0112
Z00095,H004,P0119
Z00095,H004,P0121
Z00095,H004,P0130
Z00095,H004,P0146
Z00095,H004,P0148
Z00096,H009,P0011
Z00096,H009,P0014
Z00096,H009,P0017
Z00096,H009,P0045
Z00096,H009,P0050
Z00096,H009,P0052
Z00096,H009,P0065
Z00096,H009,P0074
Z00096,H009,P0078
Z00096,H009,P0088
Z00096,H009,P0100
Z00096,H009,P0120
Z00096,H009,P0130
Z00097,H006,P0017
Z00097,H006,P0032
Z00097,H006,P0068
Z00097,H006,P0090
Z00097,H006,P0116
Z00097,H006,P0135
Z00098,H004,P0032
Z00098,H004,P0042
Z00098,H004,P0051
Z00098,H004,P0055
Z00098,H004,P0060
Z00098,H004,P0063
Z00098,H004,P0067
Z00098,H004,P0071
Z00098,H004,P0079
Z00098,H004,P0096
Z00098,H004,P0098
Z00098,H004,P0107
Z00098,H004,P0112
Z00098,H004,P0124
Z00098,H004,P0125
Z00098,H004,P0131
Z00098,H004,P0132
Z00098,H004,P0135
Z00098,H004,P0143
Z00098,H004,P0147
Z00098,H004,P0148
Z00099,H009,P0042
Z00099,H009,P0045
Z00099,H009,P0047
Z00099,H009,P0054
Z00099,H009,P0055
Z00099,H009,P0056
Z00099,H009,P0064
Z00099,H009,P0067
Z00099,H009,P0068
Z00099,H009,P0074
Z00099,H009,P0088
Z00099,H009,P0091
Z00099,H009,P0095
Z00099,H009,P0096
Z00099,H009,P0097
Z00099,H009,P0106
Z00099,H009,P0119
Z00099,H009,P0135
Z00100,H009,P0011
Z00100,H009,P0013
Z00100,H009,P0023
Z00100,H009,P0042
Z00100,H009,P0055
Z00100,H009,P0127
Z00100,H009,P0128
Z00100,H009,P0130
Z00101,H004,P0005
Z00101,H004,P0008
Z00101,H004,P0011
Z00101,H004,P0024
Z00101,H004,P0025
Z00101,H004,P0032
Z00101,H004,P0040
Z00101,H004,P0054
Z00101,H004,P0063
Z00101,H004,P0074
Z00101,H004,P0081
Z00101,H004,P0083
Z00101,H004,P0084
Z00101,H004,P0088
Z00101,H004,P0091
Z00101,H004,P0097
Z00101,H004,P0119
Z00101,H004,P0131
Z00101,H004,P0137
Z00101,H004,P0138
Z00101,H004,P0144
Z00101,H004,P0147
Z00101,H004,P0148
Z00102,H009,P0001
Z00102,H009,P0005
Z00102,H009,P0014
Z00102,H009,P0023
Z00102,H009,P0044
Z00102,H009,P0045
Z00102,H009,P0055
Z00102,H009,P0074
Z00102,H009,P0087
Z00102,H009,P0089
Z00102,H009,P0099
Z00102,H009,P0126
Z00102,H009,P0140
Z00102,H009,P0141
Z00102,H009,P0145
Z00103,H005,P0008
Z00103,H005,P0011
Z00103,H005,P0012
Z00103,H005,P0016
Z00103,H005,P0028
Z00103,H005,P0037
Z00103,H005,P0045
Z00103,H005,P0054
Z00103,H005,P0055
Z00103,H005,P0056
Z00103,H005,P0060
Z00103,H005,P0070
Z00103,H005,P0072
Z00103,H005,P0074
Z00103,H005,P0079
Z00103,H005,P0088
Z00103,H005,P0090
Z00103,H005,P0102
Z00103,H005,P0130
Z00103,H005,P0140
Z00103,H005,P0150
Z00104,H008,P0011
Z00104,H008,P0025
Z00104,H008,P0029
Z00104,H008,P0045
Z00104,H008,P0061
Z00104,H008,P0067
Z00104,H008,P0073
Z00104,H008,P0074
Z00104,H008,P0083
Z00104,H008,P0101
Z00104,H008,P0103
Z00105,H003,P0009
Z00105,H003,P0030
Z00105,H003,P0035
Z00105,H003,P0050
Z00105,H003,P0057
Z00105,H003,P0060
Z00105,H003,P0062
Z00105,H003,P0079
Z00105,H003,P0084
Z00105,H003,P0089
Z00105,H003,P0096
Z00105,H003,P0100
Z00105,H003,P0105
Z00105,H003,P0138
Z00106,H008,P0003
Z00106,H008,P0009
Z00106,H008,P0011
Z00106,H008,P0017
Z00106,H008,P0045
Z00106,H008,P0055
Z00106,H008,P0066
Z00106,H008,P0096
Z00106,H008,P0118
Z00106,H008,P0144
Z00106,H008,P0146
Z00107,H005,P0001
Z00107,H005,P0004
Z00107,H005,P0005
Z00107,H005,P0032
Z00107,H005,P0042
Z00107,H005,P0048
Z00107,H005,P0067
Z00107,H005,P0069
Z00107,H005,P0086
Z00107,H005,P0090
Z00107,H005,P0091
Z00107,H005,P0105
Z00107,H005,P0106
Z00107,H005,P0111
Z00107,H005,P0119
Z00107,H005,P0131
Z00107,H005,P0132
Z00107,H005,P0150
Z00108,H004,P0003
Z00108,H004,P0033
Z00108,H004,P0056
Z00108,H004,P0059
Z00108,H004,P0067
Z00108,H004,P0073
Z00108,H004,P0074
Z00108,H004,P0090
Z00108,H004,P0100
Z00108,H004,P0104
Z00108,H004,P0123
Z00108,H004,P0139
Z00108,H004,P0140
Z00108,H004,P0142
Z00108,H004,P0145
Z00109,H007,P0037
Z00109,H007,P0042
Z00109,H007,P0045
Z00109,H007,P0061
Z00109,H007,P0063
Z00109,H007,P0074
Z00109,H007,P0101
Z00109,H007,P0106
Z00109,H007,P0131
Z00110,H008,P0017
Z00110,H008,P0033
Z00110,H008,P0039
Z00110,H008,P0047
Z00110,H008,P0052
Z00110,H008,P0074
Z00110,H008,P0075
Z00110,H008,P0097
Z00110,H008,P0098
Z00110,H008,P0106
Z00110,H008,P0119
Z00110,H008,P0123
Z00110,H008,P0127
Z00110,H008,P0131
Z00110,H008,P0132
Z00111,H003,P0023
Z00111,H003,P0050
Z00111,H003,P0056
Z00111,H003,P0058
Z00111,H003,P0080
Z00111,H003,P0090
Z00111,H003,P0100
Z00111,H003,P0123
Z00111,H003,P0131
Z00111,H003,P0145
Z00112,H001,P0015
Z00112,H001,P0023
Z00112,H001,P0024
Z00112,H001,P0033
Z00112,H001,P0034
Z00112,H001,P0042
Z00112,H001,P0047
Z00112,H001,P0061
Z00112,H001,P0067
Z00112,H001,P0076
Z00112,H001,P0077
Z00112,H001,P0084
Z00112,H001,P0093
Z00112,H001,P0106
Z00112,H001,P0107
Z00112,H001,P0116
Z00112,H001,P0129
Z00112,H001,P0130
Z00112,H001,P0132
Z00112,H001,P0138
Z00112,H001,P0141
Z00112,H001,P0147
Z00113,H010,P0002
Z00113,H010,P0016
Z00113,H010,P0026
Z00113,H010,P0030
Z00113,H010,P0037
Z00113,H010,P0053
Z00113,H010,P0054
Z00113,H010,P0062
Z00113,H010,P0064
Z00113,H010,P0080
Z00113,H010,P0082
Z00113,H010,P0089
Z00113,H010,P0094
Z00113,H010,P0095
Z00113,H010,P0096
Z00113,H010,P0114
Z00113,H010,P0128
Z00113,H010,P0137
Z00114,H009,P0005
Z00114,H009,P0012
Z00114,H009,P0017
Z00114,H009,P0019
Z00114,H009,P0028
Z00114,H009,P0032
Z00114,H009,P0039
Z00114,H009,P0042
Z00114,H009,P0054
Z00114,H009,P0074
Z00114,H009,P0084
Z00114,H009,P0088
Z00114,H009,P0118
Z00114,H009,P0119
Z00114,H009,P0123
Z00114,H009,P0124
Z00115,H002,P0011
Z00115,H002,P0012
Z00115,H002,P0013
Z00115,H002,P0038
Z00115,H002,P0051
Z00115,H002,P0077
Z00115,H002,P0078
Z00115,H002,P0083
Z00115,H002,P0088
Z00115,H002,P0095
Z00115,H002,P0096
Z00115,H002,P0103
Z00115,H002,P0109
Z00115,H002,P0133
Z00115,H002,P0142
Z00116,H009,P0005
Z00116,H009,P0019
Z00116,H009,P0026
Z00116,H009,P0035
Z00116,H009,P0057
Z00116,H009,P0077
Z00116,H009,P0079
Z00116,H009,P0104
Z00116,H009,P0115
Z00116,H009,P0139
Z00117,H004,P0007
Z00117,H004,P0011
Z00117,H004,P0016
Z00117,H004,P0019
Z00117,H004,P0024
Z00117,H004,P0031
Z00117,H004,P0044
Z00117,H004,P0051
Z00117,H004,P0054
Z00117,H004,P0058
Z00117,H004,P0060
Z00117,H004,P0080
Z00117,H004,P0088
Z00117,H004,P0094
Z00117,H004,P0097
Z00117,H004,P0101
Z00117,H004,P0112
Z00117,H004,P0116
Z00117,H004,P0118
Z00117,H004,P0128
Z00117,H004,P0131
Z00117,H004,P0139
Z00117,H004,P0141
Z00118,H004,P0003
Z00118,H004,P0019
Z00118,H004,P0024
Z00118,H004,P0036
Z00118,H004,P0039
Z00118,H004,P0044
Z00118,H004,P0050
Z00118,H004,P0054
Z00118,H004,P0058
Z00118,H004,P0071
Z00118,H004,P0074
Z00118,H004,P0090
Z00118,H004,P0101
Z00118,H004,P0107
Z00118,H004,P0109
Z00118,H004,P0113
Z00118,H004,P0119
Z00118,H004,P0133
Z00118,H004,P0134
Z00118,H004,P0137
Z00118,H004,P0143
Z00119,H001,P0042
Z00119,H001,P0043
Z00119,H001,P0048
Z00119,H001,P0055
Z00119,H001,P0056
Z00119,H001,P0062
Z00119,H001,P0068
Z00119,H001,P0078
Z00119,H001,P0084
Z00119,H001,P0096
Z00119,H001,P0109
Z00120,H005,P0001
Z00120,H005,P0029
Z00120,H005,P0047
Z00120,H005,P0057
Z00120,H005,P0073
Z00120,H005,P0078
Z00120,H005,P0080
Z00120,H005,P0090
Z00120,H005,P0109
Z00120,H005,P0113
Z00120,H005,P0131
Z00121,H007,P0012
Z00121,H007,P0025
Z00121,H007,P0047
Z00121,H007,P0054
Z00121,H007,P0056
Z00121,H007,P0057
Z00121,H007,P0064
Z00121,H007,P0065
Z00121,H007,P0079
Z00121,H007,P0086
Z00121,H007,P0094
Z00121,H007,P0126
Z00121,H007,P0141
Z00122,H006,P0011
Z00122,H006,P0019
Z00122,H006,P0025
Z00122,H006,P0026
Z00122,H006,P0027
Z00122,H006,P0047
Z00122,H006,P0054
Z00122,H006,P0063
Z00122,H006,P0068
Z00122,H006,P0074
Z00122,H006,P0079
Z00122,H006,P0088
Z00122,H006,P0097
Z00122,H006,P0117
Z00122,H006,P0136
Z00123,H004,P0005
Z00123,H004,P0016
Z00123,H004,P0024
Z00123,H004,P0033
Z00123,H004,P0038
Z00123,H004,P0044
Z00123,H004,P0045
Z00123,H004,P0061
Z00123,H004,P0065
Z00123,H004,P0075
Z00123,H004,P0096
Z00123,H004,P0097
Z00123,H004,P0106
Z00123,H004,P0114
Z00123,H004,P0117
Z00123,H004,P0131
Z00123,H004,P0138
Z00123,H004,P0141
Z00123,H004,P0146
Z00123,H004,P0148
Z00124,H004,P0004
Z00124,H004,P0005
Z00124,H004,P0016
Z00124,H004,P0023
Z00124,H004,P0026
Z00124,H004,P0033
Z00124,H004,P0063
Z00124,H004,P0064
Z00124,H004,P0067
Z00124,H004,P0068
Z00124,H004,P0073
Z00124,H004,P0074
Z00124,H004,P0090
Z00124,H004,P0096
Z00124,H004,P0101
Z00124,H004,P0121
Z00124,H004,P0125
Z00124,H004,P0132
Z00124,H004,P0145
Z00124,H004,P0150
Z00125,H002,P0007
Z00125,H002,P0013
Z00125,H002,P0016
Z00125,H002,P0023
Z00125,H002,P0027
Z00125,H002,P0030
Z00125,H002,P0034
Z00125,H002,P0039
Z00125,H002,P0053
Z00125,H002,P0056
Z00125,H002,P0058
Z00125,H002,P0060
Z00125,H002,P0061
Z00125,H002,P0062
Z00125,H002,P0063
Z00125,H002,P0064
Z00125,H002,P0068
Z00125,H002,P0069
Z00125,H002,P0074
Z00125,H002,P0093
Z00125,H002,P0095
Z00125,H002,P0097
Z00125,H002,P0099
Z00125,H002,P0104
Z00125,H002,P0109
Z00125,H002,P0125
Z00125,H002,P0131
Z00125,H002,P0146
Z00125,H002,P0150
Z00126,H005,P0016
Z00126,H005,P0038
Z00126,H005,P0039
Z00126,H005,P0055
Z00126,H005,P0084
Z00126,H005,P0093
Z00126,H005,P0099
Z00126,H005,P0101
Z00126,H005,P0106
Z00126,H005,P0146
Z00127,H006,P0009
Z00127,H006,P0019
Z00127,H006,P0024
Z00127,H006,P0031
Z00127,H006,P0043
Z00127,H006,P0051
Z00127,H006,P0053
Z00127,H006,P0064
Z00127,H006,P0077
Z00127,H006,P0082
Z00127,H006,P0109
Z00127,H006,P0121
Z00128,H008,P0007
Z00128,H008,P0023
Z00128,H008,P0037
Z00128,H008,P0047
Z00128,H008,P0067
Z00128,H008,P0076
Z00128,H008,P0094
Z00128,H008,P0104
Z00128,H008,P0109
Z00128,H008,P0116
Z00128,H008,P0125
Z00128,H008,P0147
Z00129,H001,P0003
Z00129,H001,P0047
Z00129,H001,P0073
Z00129,H001,P0074
Z00129,H001,P0080
Z00129,H001,P0099
Z00129,H001,P0116
Z00129,H001,P0120
Z00129,H001,P0123
Z00129,H001,P0131
Z00129,H001,P0139
Z00129,H001,P0150
Z00130,H003,P0016
Z00130,H003,P0017
Z00130,H003,P0018
Z00130,H003,P0019
Z00130,H003,P0024
Z00130,H003,P0036
Z00130,H003,P0048
Z00130,H003,P0054
Z00130,H003,P0060
Z00130,H003,P0061
Z00130,H003,P0069
Z00130,H003,P0088
Z00130,H003,P0121
Z00130,H003,P0128
Z00130,H003,P0130
Z00130,H003,P0131
Z00130,H003,P0132
Z00130,H003,P0133
Z00130,H003,P0145
Z00131,H009,P0003
Z00131,H009,P0045
Z00131,H009,P0047
Z00131,H009,P0054
Z00131,H009,P0056
Z00131,H009,P0065
Z00131,H009,P0073
Z00131,H009,P0078
Z00131,H009,P0080
Z00131,H009,P0087
Z00131,H009,P0104
Z00131,H009,P0121
Z00131,H009,P0132
Z00131,H009,P0138
Z00131,H009,P0146
Z00132,H001,P0026
Z00132,H001,P0030
Z00132,H001,P0043
Z00132,H001,P0054
Z00132,H001,P0055
Z00132,H001,P0076
Z00132,H001,P0077
Z00132,H001,P0080
Z00132,H001,P0090
Z00132,H001,P0101
Z00132,H001,P0103
Z00132,H001,P0106
Z00132,H001,P0111
Z00132,H001,P0117
Z00132,H001,P0120
Z00132,H001,P0127
Z00132,H001,P0139
Z00132,H001,P0141
Z00132,H001,P0147
Z00133,H008,P0002
Z00133,H008,P0003
Z00133,H008,P0012
Z00133,H008,P0016
Z00133,H008,P0017
Z00133,H008,P0032
Z00133,H008,P0036
Z00133,H008,P0042
Z00133,H008,P0045
Z00133,H008,P0054
Z00133,H008,P0056
Z00133,H008,P0058
Z00133,H008,P0062
Z00133,H008,P0080
Z00133,H008,P0083
Z00133,H008,P0093
Z00133,H008,P0105
Z00133,H008,P0118
Z00133,H008,P0119
Z00133,H008,P0125
Z00134,H003,P0004
Z00134,H003,P0023
Z00134,H003,P0025
Z00134,H003,P0036
Z00134,H003,P0037
Z00134,H003,P0038
Z00134,H003,P0055
Z00134,H003,P0056
Z00134,H003,P0074
Z00134,H003,P0077
Z00134,H003,P0078
Z00134,H003,P0124
Z00134,H003,P0128
Z00134,H003,P0131
Z00135,H004,P0014
Z00135,H004,P0023
Z00135,H004,P0048
Z00135,H004,P0055
Z00135,H004,P0068
Z00135,H004,P0074
Z00135,H004,P0128
Z00135,H004,P0132
Z00136,H008,P0001
Z00136,H008,P0032
Z00136,H008,P0035
Z00136,H008,P0042
Z00136,H008,P0055
Z00136,H008,P0059
Z00136,H008,P0061
Z00136,H008,P0073
Z00136,H008,P0083
Z00136,H008,P0088
Z00136,H008,P0090
Z00136,H008,P0093
Z00136,H008,P0095
Z00136,H008,P0099
Z00136,H008,P0127
Z00136,H008,P0145
Z00137,H002,P0001
Z00137,H002,P0005
Z00137,H002,P0012
Z00137,H002,P0024
Z00137,H002,P0033
Z00137,H002,P0053
Z00137,H002,P0055
Z00137,H002,P0060
Z00137,H002,P0068
Z00137,H002,P0086
Z00137,H002,P0088
Z00137,H002,P0090
Z00137,H002,P0098
Z00137,H002,P0099
Z00137,H002,P0104
Z00137,H002,P0116
Z00137,H002,P0118
Z00137,H002,P0119
Z00137,H002,P0127
Z00137,H002,P0133
Z00137,H002,P0135
Z00137,H002,P0150
Z00138,H009,P0011
Z00138,H009,P0015
Z00138,H009,P0019
Z00138,H009,P0023
Z00138,H009,P0033
Z00138,H009,P0036
Z00138,H009,P0047
Z00138,H009,P0052
Z00138,H009,P0055
Z00138,H009,P0068
Z00138,H009,P0079
Z00138,H009,P0084
Z00138,H009,P0088
Z00138,H009,P0090
Z00138,H009,P0096
Z00138,H009,P0099
Z00138,H009,P0103
Z00138,H009,P0135
Z00138,H009,P0146
Z00138,H009,P0147
Z00139,H009,P0012
Z00139,H009,P0016
Z00139,H009,P0017
Z00139,H009,P0019
Z00139,H009,P0024
Z00139,H009,P0036
Z00139,H009,P0037
Z00139,H009,P0042
Z00139,H009,P0043
Z00139,H009,P0055
Z00139,H009,P0073
Z00139,H009,P0079
Z00139,H009,P0086
Z00139,H009,P0091
Z00139,H009,P0099
Z00139,H009,P0102
Z00139,H009,P0103
Z00139,H009,P0105
Z00139,H009,P0120
Z00139,H009,P0121
Z00139,H009,P0132
Z00139,H009,P0133
Z00139,H009,P0134
Z00139,H009,P0135
Z00139,H009,P0142
Z00140,H007,P0011
Z00140,H007,P0012
Z00140,H007,P0017
Z00140,H007,P0019
Z00140,H007,P0024
Z00140,H007,P0036
Z00140,H007,P0050
Z00140,H007,P0054
Z00140,H007,P0055
Z00140,H007,P0065
Z00140,H007,P0096
Z00140,H007,P0106
Z00140,H007,P0109
Z00140,H007,P0131
Z00140,H007,P0132
Z00140,H007,P0142
Z00141,H001,P0001
Z00141,H001,P0003
Z00141,H001,P0005
Z00141,H001,P0017
Z00141,H001,P0019
Z00141,H001,P0026
Z00141,H001,P0032
Z00141,H001,P0037
Z00141,H001,P0054
Z00141,H001,P0058
Z00141,H001,P0062
Z00141,H001,P0068
Z00141,H001,P0074
Z00141,H001,P0076
Z00141,H001,P0078
Z00141,H001,P0079
Z00141,H001,P0091
Z00141,H001,P0094
Z00141,H001,P0106
Z00141,H001,P0116
Z00141,H001,P0125
Z00142,H009,P0023
Z00142,H009,P0030
Z00142,H009,P0034
Z00142,H009,P0039
Z00142,H009,P0043
Z00142,H009,P0079
Z00142,H009,P0090
Z00142,H009,P0092
Z00142,H009,P0096
Z00142,H009,P0107
Z00142,H009,P0121
Z00142,H009,P0123
Z00142,H009,P0143
Z00143,H003,P0022
Z00143,H003,P0028
Z00143,H003,P0029
Z00143,H003,P0033
Z00143,H003,P0042
Z00143,H003,P0044
Z00143,H003,P0055
Z00143,H003,P0064
Z00143,H003,P0068
Z00143,H003,P0081
Z00143,H003,P0083
Z00143,H003,P0096
Z00143,H003,P0119
Z00143,H003,P0125
Z00143,H003,P0131
Z00143,H003,P0132
Z00143,H003,P0136
Z00143,H003,P0138
Z00143,H003,P0139
Z00143,H003,P0148
Z00143,H003,P0150
Z00144,H004,P0003
Z00144,H004,P0005
Z00144,H004,P0027
Z00144,H004,P0032
Z00144,H004,P0034
Z00144,H004,P0044
Z00144,H004,P0045
Z00144,H004,P0047
Z00144,H004,P0048
Z00144,H004,P0050
Z00144,H004,P0055
Z00144,H004,P0061
Z00144,H004,P0063
Z00144,H004,P0073
Z00144,H004,P0074
Z00144,H004,P0093
Z00144,H004,P0099
Z00144,H004,P0101
Z00144,H004,P0102
Z00144,H004,P0106
Z00144,H004,P0108
Z00144,H004,P0131
Z00144,H004,P0132
Z00144,H004,P0136
Z00144,H004,P0142
Z00144,H004,P0145
Z00145,H008,P0005
Z00145,H008,P0009
Z00145,H008,P0028
Z00145,H008,P0031
Z00145,H008,P0036
Z00145,H008,P0047
Z00145,H008,P0049
Z00145,H008,P0060
Z00145,H008,P0065
Z00145,H008,P0066
Z00145,H008,P0090
Z00145,H008,P0096
Z00145,H008,P0097
Z00145,H008,P0119
Z00145,H008,P0127
Z00145,H008,P0135
Z00146,H003,P0003
Z00146,H003,P0008
Z00146,H003,P0016
Z00146,H003,P0017
Z00146,H003,P0023
Z00146,H003,P0024
Z00146,H003,P0042
Z00146,H003,P0054
Z00146,H003,P0060
Z00146,H003,P0066
Z00146,H003,P0082
Z00146,H003,P0086
Z00146,H003,P0096
Z00146,H003,P0097
Z00146,H003,P0113
Z00146,H003,P0123
Z00146,H003,P0127
Z00146,H003,P0136
Z00146,H003,P0137
Z00146,H003,P0147
Z00147,H006,P0003
Z00147,H006,P0005
Z00147,H006,P0042
Z00147,H006,P0053
Z00147,H006,P0068
Z00147,H006,P0076
Z00147,H006,P0087
Z00147,H006,P0090
Z00147,H006,P0146
Z00147,H006,P0147
Z00147,H006,P0148
Z00147,H006,P0149
Z00148,H008,P0011
Z00148,H008,P0068
Z00148,H008,P0120
Z00148,H008,P0132
Z00148,H008,P0133
Z00148,H008,P0135
Z00148,H008,P0137
Z00149,H007,P0004
Z00149,H007,P0025
Z00149,H007,P0071
Z00149,H007,P0101
Z00149,H007,P0121
Z00149,H007,P0132
Z00149,H007,P0138
Z00149,H007,P0146
Z00150,H002,P0024
Z00150,H002,P0062
Z00150,H002,P0068
Z00150,H002,P0084
Z00150,H002,P0101
Z00150,H002,P0113
Z00151,H001,P0002
Z00151,H001,P0005
Z00151,H001,P0009
Z00151,H001,P0016
Z00151,H001,P0017
Z00151,H001,P0025
Z00151,H001,P0028
Z00151,H001,P0048
Z00151,H001,P0051
Z00151,H001,P0119
Z00151,H001,P0122
Z00151,H001,P0124
Z00151,H001,P0127
Z00151,H001,P0133
Z00151,H001,P0139
Z00152,H010,P0017
Z00152,H010,P0025
Z00152,H010,P0028
Z00152,H010,P0031
Z00152,H010,P0042
Z00152,H010,P0059
Z00152,H010,P0091
Z00152,H010,P0106
Z00152,H010,P0109
Z00152,H010,P0119
Z00152,H010,P0120
Z00152,H010,P0132
Z00152,H010,P0150
Z00153,H001,P0017
Z00153,H001,P0035
Z00153,H001,P0045
Z00153,H001,P0049
Z00153,H001,P0052
Z00153,H001,P0056
Z00153,H001,P0060
Z00153,H001,P0068
Z00153,H001,P0074
Z00153,H001,P0079
Z00153,H001,P0087
Z00153,H001,P0094
Z00153,H001,P0099
Z00153,H001,P0106
Z00153,H001,P0146
Z00153,H001,P0147
Z00154,H001,P0001
Z00154,H001,P0014
Z00154,H001,P0019
Z00154,H001,P0024
Z00154,H001,P0025
Z00154,H001,P0026
Z00154,H001,P0042
Z00154,H001,P0050
Z00154,H001,P0054
Z00154,H001,P0063
Z00154,H001,P0076
Z00154,H001,P0088
Z00154,H001,P0119
Z00154,H001,P0132
Z00154,H001,P0145
Z00155,H009,P0001
Z00155,H009,P0003
Z00155,H009,P0004
Z00155,H009,P0017
Z00155,H009,P0030
Z00155,H009,P0032
Z00155,H009,P0035
Z00155,H009,P0054
Z00155,H009,P0063
Z00155,H009,P0064
Z00155,H009,P0066
Z00155,H009,P0067
Z00155,H009,P0073
Z00155,H009,P0077
Z00155,H009,P0083
Z00155,H009,P0090
Z00155,H009,P0094
Z00155,H009,P0096
Z00155,H009,P0107
Z00155,H009,P0113
Z00155,H009,P0119
Z00155,H009,P0122
Z00155,H009,P0124
Z00155,H009,P0129
Z00155,H009,P0133
Z00156,H009,P0032
Z00156,H009,P0034
Z00156,H009,P0038
Z00156,H009,P0039
Z00156,H009,P0042
Z00156,H009,P0045
Z00156,H009,P0047
Z00156,H009,P0064
Z00156,H009,P0070
Z00156,H009,P0076
Z00156,H009,P0079
Z00156,H009,P0081
Z00156,H009,P0086
Z00156,H009,P0119
Z00156,H009,P0121
Z00156,H009,P0125
Z00156,H009,P0127
Z00156,H009,P0129
Z00156,H009,P0132
Z00156,H009,P0140
Z00156,H009,P0146
Z00157,H009,P0012
Z00157,H009,P0014
Z00157,H009,P0047
Z00157,H009,P0050
Z00157,H009,P0055
Z00157,H009,P0056
Z00157,H009,P0061
Z00157,H009,P0073
Z00157,H009,P0074
Z00157,H009,P0077
Z00157,H009,P0079
Z00157,H009,P0080
Z00157,H009,P0092
Z00157,H009,P0094
Z00157,H009,P0107
Z00157,H009,P0112
Z00157,H009,P0119
Z00157,H009,P0123
Z00157,H009,P0127
Z00157,H009,P0148
Z00158,H001,P0008
Z00158,H001,P0011
Z00158,H001,P0017
Z00158,H001,P0022
Z00158,H001,P0030
Z00158,H001,P0032
Z00158,H001,P0040
Z00158,H001,P0046
Z00158,H001,P0055
Z00158,H001,P0058
Z00158,H001,P0060
Z00158,H001,P0074
Z00158,H001,P0091
Z00158,H001,P0098
Z00158,H001,P0102
Z00158,H001,P0106
Z00158,H001,P0109
Z00158,H001,P0131
Z00158,H001,P0148
Z00159,H010,P0003
Z00159,H010,P0007
Z00159,H010,P0008
Z00159,H010,P0022
Z00159,H010,P0025
Z00159,H010,P0032
Z00159,H010,P0033
Z00159,H010,P0039
Z00159,H010,P0061
Z00159,H010,P0063
Z00159,H010,P0064
Z00159,H010,P0074
Z00159,H010,P0077
Z00159,H010,P0089
Z00159,H010,P0090
Z00159,H010,P0091
Z00159,H010,P0093
Z00159,H010,P0097
Z00159,H010,P0103
Z00159,H010,P0104
Z00159,H010,P0119
Z00159,H010,P0120
Z00159,H010,P0128
Z00159,H010,P0133
Z00159,H010,P0143
Z00159,H010,P0146
Z00160,H004,P0011
Z00160,H004,P0015
Z00160,H004,P0034
Z00160,H004,P0036
Z00160,H004,P0039
Z00160,H004,P0068
Z00160,H004,P0074
Z00160,H004,P0084
Z00160,H004,P0098
Z00160,H004,P0116
Z00160,H004,P0118
Z00160,H004,P0128
Z00160,H004,P0141
Z00160,H004,P0145
Z00161,H006,P0043
Z00161,H006,P0049
Z00161,H006,P0056
Z00161,H006,P0059
Z00161,H006,P0060
Z00161,H006,P0062
Z00161,H006,P0063
Z00161,H006,P0074
Z00161,H006,P0079
Z00161,H006,P0081
Z00161,H006,P0097
Z00161,H006,P0098
Z00161,H006,P0116
Z00161,H006,P0122
Z00161,H006,P0123
Z00161,H006,P0128
Z00161,H006,P0131
Z00161,H006,P0133
Z00161,H006,P0141
Z00162,H007,P0009
Z00162,H007,P0012
Z00162,H007,P0015
Z00162,H007,P0017
Z00162,H007,P0022
Z00162,H007,P0023
Z00162,H007,P0032
Z00162,H007,P0033
Z00162,H007,P0056
Z00162,H007,P0058
Z00162,H007,P0062
Z00162,H007,P0074
Z00162,H007,P0078
Z00162,H007,P0080
Z00162,H007,P0084
Z00162,H007,P0102
Z00162,H007,P0107
Z00162,H007,P0116
Z00162,H007,P0138
Z00163,H004,P0012
Z00163,H004,P0037
Z00163,H004,P0056
Z00163,H004,P0059
Z00163,H004,P0077
Z00163,H004,P0090
Z00163,H004,P0100
Z00163,H004,P0101
Z00163,H004,P0109
Z00163,H004,P0141
Z00164,H001,P0008
Z00164,H001,P0023
Z00164,H001,P0042
Z00164,H001,P0047
Z00164,H001,P0049
Z00164,H001,P0054
Z00164,H001,P0055
Z00164,H001,P0067
Z00164,H001,P0074
Z00164,H001,P0084
Z00164,H001,P0086
Z00164,H001,P0090
Z00164,H001,P0097
Z00164,H001,P0118
Z00164,H001,P0132
Z00164,H001,P0139
Z00165,H008,P0008
Z00165,H008,P0011
Z00165,H008,P0017
Z00165,H008,P0019
Z00165,H008,P0022
Z00165,H008,P0028
Z00165,H008,P0037
Z00165,H008,P0039
Z00165,H008,P0073
Z00165,H008,P0077
Z00165,H008,P0079
Z00165,H008,P0088
Z00165,H008,P0111
Z00165,H008,P0134
Z00165,H008,P0135
Z00165,H008,P0137
Z00166,H007,P0001
Z00166,H007,P0005
Z00166,H007,P0012
Z00166,H007,P0015
Z00166,H007,P0023
Z00166,H007,P0025
Z00166,H007,P0028
Z00166,H007,P0032
Z00166,H007,P0033
Z00166,H007,P0037
Z00166,H007,P0050
Z00166,H007,P0055
Z00166,H007,P0070
Z00166,H007,P0076
Z00166,H007,P0079
Z00166,H007,P0095
Z00166,H007,P0096
Z00166,H007,P0101
Z00166,H007,P0109
Z00166,H007,P0136
Z00166,H007,P0139
Z00166,H007,P0141
Z00167,H010,P0007
Z00167,H010,P0017
Z00167,H010,P0021
Z00167,H010,P0022
Z00167,H010,P0033
Z00167,H010,P0068
Z00167,H010,P0074
Z00167,H010,P0087
Z00167,H010,P0088
Z00167,H010,P0090
Z00167,H010,P0102
Z00167,H010,P0119
Z00167,H010,P0132
Z00167,H010,P0142
Z00168,H002,P0016
Z00168,H002,P0045
Z00168,H002,P0055
Z00168,H002,P0056
Z00168,H002,P0068
Z00168,H002,P0069
Z00168,H002,P0074
Z00168,H002,P0078
Z00168,H002,P0083
Z00168,H002,P0095
Z00168,H002,P0121
Z00168,H002,P0147
Z00169,H002,P0003
Z00169,H002,P0012
Z00169,H002,P0032
Z00169,H002,P0043
Z00169,H002,P0067
Z00169,H002,P0079
Z00169,H002,P0083
Z00169,H002,P0090
Z00169,H002,P0096
Z00169,H002,P0101
Z00169,H002,P0134
Z00169,H002,P0140
Z00169,H002,P0141
Z00169,H002,P0142
Z00170,H006,P0005
Z00170,H006,P0028
Z00170,H006,P0029
Z00170,H006,P0039
Z00170,H006,P0042
Z00170,H006,P0043
Z00170,H006,P0045
Z00170,H006,P0047
Z00170,H006,P0060
Z00170,H006,P0063
Z00170,H006,P0084
Z00170,H006,P0101
Z00170,H006,P0106
Z00170,H006,P0113
Z00170,H006,P0118
Z00170,H006,P0128
Z00170,H006,P0132
Z00170,H006,P0143
Z00170,H006,P0146
Z00170,H006,P0147
Z00170,H006,P0149
Z00171,H007,P0003
Z00171,H007,P0025
Z00171,H007,P0034
Z00171,H007,P0045
Z00171,H007,P0055
Z00171,H007,P0067
Z00171,H007,P0073
Z00171,H007,P0095
Z00171,H007,P0096
Z00171,H007,P0101
Z00171,H007,P0109
Z00171,H007,P0121
Z00171,H007,P0132
Z00171,H007,P0133
Z00172,H007,P0011
Z00172,H007,P0028
Z00172,H007,P0045
Z00172,H007,P0056
Z00172,H007,P0073
Z00172,H007,P0074
Z00172,H007,P0099
Z00172,H007,P0109
Z00172,H007,P0116
Z00172,H007,P0137
Z00172,H007,P0138
Z00172,H007,P0146
Z00173,H008,P0003
Z00173,H008,P0019
Z00173,H008,P0033
Z00173,H008,P0039
Z00173,H008,P0074
Z00173,H008,P0119
Z00173,H008,P0123
Z00173,H008,P0136
Z00174,H002,P0001
Z00174,H002,P0003
Z00174,H002,P0008
Z00174,H002,P0015
Z00174,H002,P0017
Z00174,H002,P0025
Z00174,H002,P0027
Z00174,H002,P0033
Z00174,H002,P0037
Z00174,H002,P0047
Z00174,H002,P0051
Z00174,H002,P0080
Z00174,H002,P0081
Z00174,H002,P0082
Z00174,H002,P0096
Z00174,H002,P0097
Z00174,H002,P0101
Z00174,H002,P0103
Z00174,H002,P0112
Z00174,H002,P0121
Z00174,H002,P0124
Z00174,H002,P0131
Z00174,H002,P0138
Z00174,H002,P0148
Z00175,H009,P0004
Z00175,H009,P0005
Z00175,H009,P0011
Z00175,H009,P0039
Z00175,H009,P0042
Z00175,H009,P0043
Z00175,H009,P0045
Z00175,H009,P0050
Z00175,H009,P0058
Z00175,H009,P0077
Z00175,H009,P0080
Z00175,H009,P0089
Z00175,H009,P0090
Z00175,H009,P0091
Z00175,H009,P0095
Z00175,H009,P0097
Z00175,H009,P0104
Z00175,H009,P0105
Z00175,H009,P0117
Z00175,H009,P0128
Z00175,H009,P0129
Z00175,H009,P0131
Z00175,H009,P0132
Z00176,H005,P0003
Z00176,H005,P0005
Z00176,H005,P0009
Z00176,H005,P0060
Z00176,H005,P0068
Z00176,H005,P0077
Z00176,H005,P0080
Z00176,H005,P0094
Z00176,H005,P0130
Z00176,H005,P0131
Z00176,H005,P0132
Z00176,H005,P0133
Z00176,H005,P0144
Z00177,H002,P0009
Z00177,H002,P0014
Z00177,H002,P0037
Z00177,H002,P0045
Z00177,H002,P0073
Z00177,H002,P0079
Z00177,H002,P0096
Z00177,H002,P0131
Z00177,H002,P0132
Z00177,H002,P0141
Z00178,H004,P0002
Z00178,H004,P0009
Z00178,H004,P0011
Z00178,H004,P0017
Z00178,H004,P0023
Z00178,H004,P0065
Z00178,H004,P0074
Z00178,H004,P0078
Z00178,H004,P0079
Z00178,H004,P0099
Z00178,H004,P0102
Z00178,H004,P0114
Z00178,H004,P0119
Z00178,H004,P0121
Z00178,H004,P0132
Z00178,H004,P0141
Z00178,H004,P0142
Z00179,H003,P0015
Z00179,H003,P0021
Z00179,H003,P0038
Z00179,H003,P0054
Z00179,H003,P0056
Z00179,H003,P0060
Z00179,H003,P0061
Z00179,H003,P0063
Z00179,H003,P0064
Z00179,H003,P0065
Z00179,H003,P0073
Z00179,H003,P0096
Z00179,H003,P0101
Z00179,H003,P0103
Z00179,H003,P0128
Z00179,H003,P0131
Z00179,H003,P0132
Z00179,H003,P0141
Z00180,H003,P0001
Z00180,H003,P0015
Z00180,H003,P0023
Z00180,H003,P0028
Z00180,H003,P0034
Z00180,H003,P0035
Z00180,H003,P0037
Z00180,H003,P0053
Z00180,H003,P0054
Z00180,H003,P0055
Z00180,H003,P0067
Z00180,H003,P0068
Z00180,H003,P0073
Z00180,H003,P0075
Z00180,H003,P0083
Z00180,H003,P0084
Z00180,H003,P0087
Z00180,H003,P0088
Z00180,H003,P0100
Z00180,H003,P0119
Z00180,H003,P0125
Z00180,H003,P0131
Z00180,H003,P0132
Z00180,H003,P0143
Z00180,H003,P0150
Z00181,H001,P0001
Z00181,H001,P0012
Z00181,H001,P0015
Z00181,H001,P0019
Z00181,H001,P0041
Z00181,H001,P0043
Z00181,H001,P0047
Z00181,H001,P0063
Z00181,H001,P0064
Z00181,H001,P0074
Z00181,H001,P0090
Z00181,H001,P0097
Z00181,H001,P0101
Z00181,H001,P0124
Z00181,H001,P0128
Z00181,H001,P0137
Z00181,H001,P0142
Z00182,H001,P0001
Z00182,H001,P0005
Z00182,H001,P0032
Z00182,H001,P0055
Z00182,H001,P0058
Z00182,H001,P0065
Z00182,H001,P0071
Z00182,H001,P0073
Z00182,H001,P0074
Z00182,H001,P0075
Z00182,H001,P0078
Z00182,H001,P0079
Z00182,H001,P0085
Z00182,H001,P0089
Z00182,H001,P0090
Z00182,H001,P0096
Z00182,H001,P0116
Z00182,H001,P0127
Z00182,H001,P0132
Z00182,H001,P0133
Z00182,H001,P0135
Z00182,H001,P0141
Z00182,H001,P0148
Z00182,H001,P0150
Z00183,H009,P0001
Z00183,H009,P0003
Z00183,H009,P0017
Z00183,H009,P0019
Z00183,H009,P0054
Z00183,H009,P0056
Z00183,H009,P0072
Z00183,H009,P0073
Z00183,H009,P0074
Z00183,H009,P0075
Z00183,H009,P0080
Z00183,H009,P0090
Z00183,H009,P0102
Z00183,H009,P0107
Z00183,H009,P0122
Z00183,H009,P0127
Z00183,H009,P0130
Z00183,H009,P0135
Z00184,H004,P0003
Z00184,H004,P0009
Z00184,H004,P0019
Z00184,H004,P0040
Z00184,H004,P0054
Z00184,H004,P0074
Z00184,H004,P0077
Z00184,H004,P0078
Z00184,H004,P0088
Z00184,H004,P0107
Z00184,H004,P0119
Z00184,H004,P0120
Z00184,H004,P0121
Z00184,H004,P0135
Z00184,H004,P0136
Z00184,H004,P0137
Z00184,H004,P0146
Z00184,H004,P0147
Z00185,H005,P0005
Z00185,H005,P0009
Z00185,H005,P0020
Z00185,H005,P0032
Z00185,H005,P0036
Z00185,H005,P0054
Z00185,H005,P0055
Z00185,H005,P0057
Z00185,H005,P0067
Z00185,H005,P0073
Z00185,H005,P0087
Z00185,H005,P0099
Z00185,H005,P0109
Z00185,H005,P0114
Z00185,H005,P0132
Z00185,H005,P0147
Z00185,H005,P0150
Z00186,H005,P0005
Z00186,H005,P0015
Z00186,H005,P0019
Z00186,H005,P0027
Z00186,H005,P0029
Z00186,H005,P0059
Z00186,H005,P0085
Z00186,H005,P0090
Z00186,H005,P0097
Z00186,H005,P0127
Z00186,H005,P0148
Z00187,H009,P0023
Z00187,H009,P0054
Z00187,H009,P0055
Z00187,H009,P0057
Z00187,H009,P0058
Z00187,H009,P0084
Z00187,H009,P0090
Z00187,H009,P0094
Z00187,H009,P0097
Z00187,H009,P0127
Z00187,H009,P0132
Z00187,H009,P0138
Z00187,H009,P0139
Z00188,H010,P0019
Z00188,H010,P0024
Z00188,H010,P0026
Z00188,H010,P0028
Z00188,H010,P0055
Z00188,H010,P0078
Z00188,H010,P0079
Z00188,H010,P0080
Z00188,H010,P0100
Z00188,H010,P0101
Z00188,H010,P0119
Z00188,H010,P0120
Z00188,H010,P0121
Z00188,H010,P0128
Z00189,H001,P0005
Z00189,H001,P0017
Z00189,H001,P0024
Z00189,H001,P0042
Z00189,H001,P0054
Z00189,H001,P0077
Z00189,H001,P0080
Z00189,H001,P0083
Z00189,H001,P0088
Z00189,H001,P0099
Z00189,H001,P0100
Z00189,H001,P0106
Z00189,H001,P0114
Z00189,H001,P0116
Z00189,H001,P0133
Z00189,H001,P0136
Z00189,H001,P0148
Z00189,H001,P0150
Z00190,H003,P0016
Z00190,H003,P0074
Z00190,H003,P0076
Z00190,H003,P0080
Z00190,H003,P0091
Z00190,H003,P0092
Z00190,H003,P0121
Z00190,H003,P0123
Z00190,H003,P0125
Z00190,H003,P0132
Z00190,H003,P0137
Z00190,H003,P0140
Z00191,H008,P0001
Z00191,H008,P0005
Z00191,H008,P0011
Z00191,H008,P0015
Z00191,H008,P0017
Z00191,H008,P0023
Z00191,H008,P0028
Z00191,H008,P0031
Z00191,H008,P0042
Z00191,H008,P0043
Z00191,H008,P0045
Z00191,H008,P0048
Z00191,H008,P0054
Z00191,H008,P0055
Z00191,H008,P0057
Z00191,H008,P0062
Z00191,H008,P0064
Z00191,H008,P0065
Z00191,H008,P0067
Z00191,H008,P0068
Z00191,H008,P0078
Z00191,H008,P0079
Z00191,H008,P0096
Z00191,H008,P0101
Z00191,H008,P0116
Z00191,H008,P0119
Z00191,H008,P0132
Z00191,H008,P0147
Z00192,H007,P0002
Z00192,H007,P0015
Z00192,H007,P0016
Z00192,H007,P0017
Z00192,H007,P0021
Z00192,H007,P0023
Z00192,H007,P0024
Z00192,H007,P0026
Z00192,H007,P0039
Z00192,H007,P0045
Z00192,H007,P0047
Z00192,H007,P0053
Z00192,H007,P0063
Z00192,H007,P0070
Z00192,H007,P0073
Z00192,H007,P0077
Z00192,H007,P0080
Z00192,H007,P0094
Z00192,H007,P0116
Z00192,H007,P0119
Z00192,H007,P0127
Z00192,H007,P0130
Z00192,H007,P0132
Z00192,H007,P0146
Z00192,H007,P0147
Z00193,H006,P0009
Z00193,H006,P0015
Z00193,H006,P0037
Z00193,H006,P0038
Z00193,H006,P0054
Z00193,H006,P0082
Z00193,H006,P0090
Z00193,H006,P0098
Z00193,H006,P0100
Z00193,H006,P0101
Z00193,H006,P0135
Z00193,H006,P0136
Z00193,H006,P0146
Z00193,H006,P0147
Z00194,H006,P0009
Z00194,H006,P0019
Z00194,H006,P0023
Z00194,H006,P0055
Z00194,H006,P0065
Z00194,H006,P0068
Z00194,H006,P0073
Z00194,H006,P0074
Z00194,H006,P0090
Z00194,H006,P0096
Z00194,H006,P0117
Z00194,H006,P0132
Z00194,H006,P0145
Z00194,H006,P0147
Z00195,H005,P0055
Z00195,H005,P0058
Z00195,H005,P0063
Z00195,H005,P0074
Z00195,H005,P0090
Z00195,H005,P0099
Z00195,H005,P0106
Z00195,H005,P0108
Z00195,H005,P0119
Z00195,H005,P0127
Z00195,H005,P0132
Z00195,H005,P0139
Z00196,H010,P0015
Z00196,H010,P0023
Z00196,H010,P0024
Z00196,H010,P0026
Z00196,H010,P0037
Z00196,H010,P0045
Z00196,H010,P0055
Z00196,H010,P0064
Z00196,H010,P0065
Z00196,H010,P0074
Z00196,H010,P0101
Z00196,H010,P0128
Z00196,H010,P0132
Z00196,H010,P0145
Z00197,H007,P0008
Z00197,H007,P0013
Z00197,H007,P0032
Z00197,H007,P0058
Z00197,H007,P0062
Z00197,H007,P0074
Z00197,H007,P0079
Z00197,H007,P0093
Z00197,H007,P0101
Z00197,H007,P0116
Z00197,H007,P0120
Z00197,H007,P0139
Z00197,H007,P0141
Z00197,H007,P0146
Z00198,H006,P0006
Z00198,H006,P0020
Z00198,H006,P0034
Z00198,H006,P0055
Z00198,H006,P0073
Z00198,H006,P0076
Z00198,H006,P0096
Z00198,H006,P0097
Z00198,H006,P0099
Z00198,H006,P0100
Z00198,H006,P0121
Z00198,H006,P0141
Z00198,H006,P0146
Z00199,H002,P0019
Z00199,H002,P0022
Z00199,H002,P0079
Z00199,H002,P0093
Z00199,H002,P0147
Z00200,H007,P0016
Z00200,H007,P0019
Z00200,H007,P0032
Z00200,H007,P0046
Z00200,H007,P0048
Z00200,H007,P0051
Z00200,H007,P0052
Z00200,H007,P0071
Z00200,H007,P0082
Z00200,H007,P0083
Z00200,H007,P0084
Z00200,H007,P0106
Z00200,H007,P0137
